Run,Assay Type,AvgSpotLen,Bases,BioProject,BioSample,Bytes,Center Name,Consent,DATASTORE filetype,DATASTORE provider,DATASTORE region,Experiment,GEO_Accession (exp),Instrument,Library,LibraryLayout,LibrarySelection,LibrarySource,Line,Organism,Platform,ReleaseDate,Sample Name,source_name,SRA Study,treatment,create_date,version
SRR8800677,RNA-Seq,150,339674433,PRJNA529701,SAMN11281632,117317747,GEO,public,"fastq,run.zq,sra","gs,ncbi,s3","gs.us-east1,ncbi.public,s3.us-east-1",SRX5589487,GSM3690288,Illumina HiSeq 3000,3859.M,SINGLE,cDNA,TRANSCRIPTOMIC,Col-0,Arabidopsis thaliana,ILLUMINA,2019-03-29T00:00:00Z,GSM3690288,leaf,SRP189792,Mock,2019-03-28T17:17:00Z,1
SRR8800678,RNA-Seq,150,206098765,PRJNA529701,SAMN11281632,84017539,GEO,public,"fastq,run.zq,sra","gs,ncbi,s3","gs.us-east1,ncbi.public,s3.us-east-1",SRX5589487,GSM3690288,Illumina HiSeq 3000,3859.M,SINGLE,cDNA,TRANSCRIPTOMIC,Col-0,Arabidopsis thaliana,ILLUMINA,2019-03-29T00:00:00Z,GSM3690288,leaf,SRP189792,Mock,2019-03-28T17:16:00Z,1
SRR8800679,RNA-Seq,150,997370421,PRJNA529701,SAMN11281632,364105863,GEO,public,"fastq,run.zq,sra","gs,ncbi,s3","gs.us-east1,ncbi.public,s3.us-east-1",SRX5589487,GSM3690288,Illumina HiSeq 3000,3859.M,SINGLE,cDNA,TRANSCRIPTOMIC,Col-0,Arabidopsis thaliana,ILLUMINA,2019-03-29T00:00:00Z,GSM3690288,leaf,SRP189792,Mock,2019-03-28T17:19:00Z,1
SRR8800680,RNA-Seq,150,753827543,PRJNA529701,SAMN11281632,284871956,GEO,public,"fastq,run.zq,sra","gs,ncbi,s3","gs.us-east1,ncbi.public,s3.us-east-1",SRX5589487,GSM3690288,Illumina HiSeq 3000,3859.M,SINGLE,cDNA,TRANSCRIPTOMIC,Col-0,Arabidopsis thaliana,ILLUMINA,2019-03-29T00:00:00Z,GSM3690288,leaf,SRP189792,Mock,2019-03-28T17:18:00Z,1
SRR8800681,RNA-Seq,150,789217740,PRJNA529701,SAMN11281632,298915619,GEO,public,"fastq,run.zq,sra","gs,ncbi,s3","gs.us-east1,ncbi.public,s3.us-east-1",SRX5589487,GSM3690288,Illumina HiSeq 3000,3859.M,SINGLE,cDNA,TRANSCRIPTOMIC,Col-0,Arabidopsis thaliana,ILLUMINA,2019-03-29T00:00:00Z,GSM3690288,leaf,SRP189792,Mock,2019-03-28T17:18:00Z,1
SRR8800682,RNA-Seq,150,363307174,PRJNA529701,SAMN11281631,124996410,GEO,public,"fastq,run.zq,sra","gs,ncbi,s3","gs.us-east1,ncbi.public,s3.us-east-1",SRX5589488,GSM3690289,Illumina HiSeq 3000,3859.N,SINGLE,cDNA,TRANSCRIPTOMIC,Col-0,Arabidopsis thaliana,ILLUMINA,2019-03-29T00:00:00Z,GSM3690289,leaf,SRP189792,Mock,2019-03-28T17:17:00Z,1
SRR8800683,RNA-Seq,150,216691121,PRJNA529701,SAMN11281631,87815092,GEO,public,"fastq,run.zq,sra","gs,ncbi,s3","gs.us-east1,ncbi.public,s3.us-east-1",SRX5589488,GSM3690289,Illumina HiSeq 3000,3859.N,SINGLE,cDNA,TRANSCRIPTOMIC,Col-0,Arabidopsis thaliana,ILLUMINA,2019-03-29T00:00:00Z,GSM3690289,leaf,SRP189792,Mock,2019-03-28T17:17:00Z,1
SRR8800684,RNA-Seq,150,1034331479,PRJNA529701,SAMN11281631,375623412,GEO,public,"fastq,run.zq,sra","gs,ncbi,s3","gs.us-east1,ncbi.public,s3.us-east-1",SRX5589488,GSM3690289,Illumina HiSeq 3000,3859.N,SINGLE,cDNA,TRANSCRIPTOMIC,Col-0,Arabidopsis thaliana,ILLUMINA,2019-03-29T00:00:00Z,GSM3690289,leaf,SRP189792,Mock,2019-03-28T17:19:00Z,1
SRR8800685,RNA-Seq,150,702226858,PRJNA529701,SAMN11281631,264760419,GEO,public,"fastq,run.zq,sra","gs,ncbi,s3","gs.us-east1,ncbi.public,s3.us-east-1",SRX5589488,GSM3690289,Illumina HiSeq 3000,3859.N,SINGLE,cDNA,TRANSCRIPTOMIC,Col-0,Arabidopsis thaliana,ILLUMINA,2019-03-29T00:00:00Z,GSM3690289,leaf,SRP189792,Mock,2019-03-28T17:18:00Z,1
SRR8800686,RNA-Seq,150,746789724,PRJNA529701,SAMN11281631,281596392,GEO,public,"fastq,run.zq,sra","gs,ncbi,s3","gs.us-east1,ncbi.public,s3.us-east-1",SRX5589488,GSM3690289,Illumina HiSeq 3000,3859.N,SINGLE,cDNA,TRANSCRIPTOMIC,Col-0,Arabidopsis thaliana,ILLUMINA,2019-03-29T00:00:00Z,GSM3690289,leaf,SRP189792,Mock,2019-03-28T17:18:00Z,1
SRR8800687,RNA-Seq,150,332497124,PRJNA529701,SAMN11281630,114704872,GEO,public,"fastq,run.zq,sra","gs,ncbi,s3","gs.us-east1,ncbi.public,s3.us-east-1",SRX5589489,GSM3690290,Illumina HiSeq 3000,3859.O,SINGLE,cDNA,TRANSCRIPTOMIC,Col-0,Arabidopsis thaliana,ILLUMINA,2019-03-29T00:00:00Z,GSM3690290,leaf,SRP189792,Mock,2019-03-28T17:17:00Z,1
SRR8800688,RNA-Seq,150,183739350,PRJNA529701,SAMN11281630,74708394,GEO,public,"fastq,run.zq,sra","gs,ncbi,s3","gs.us-east1,ncbi.public,s3.us-east-1",SRX5589489,GSM3690290,Illumina HiSeq 3000,3859.O,SINGLE,cDNA,TRANSCRIPTOMIC,Col-0,Arabidopsis thaliana,ILLUMINA,2019-03-29T00:00:00Z,GSM3690290,leaf,SRP189792,Mock,2019-03-28T17:17:00Z,1
SRR8800689,RNA-Seq,150,902816206,PRJNA529701,SAMN11281630,328721674,GEO,public,"fastq,run.zq,sra","gs,ncbi,s3","gs.us-east1,ncbi.public,s3.us-east-1",SRX5589489,GSM3690290,Illumina HiSeq 3000,3859.O,SINGLE,cDNA,TRANSCRIPTOMIC,Col-0,Arabidopsis thaliana,ILLUMINA,2019-03-29T00:00:00Z,GSM3690290,leaf,SRP189792,Mock,2019-03-28T17:19:00Z,1
SRR8800690,RNA-Seq,150,1372221882,PRJNA529701,SAMN11281630,518874004,GEO,public,"fastq,run.zq,sra","gs,ncbi,s3","gs.us-east1,ncbi.public,s3.us-east-1",SRX5589489,GSM3690290,Illumina HiSeq 3000,3859.O,SINGLE,cDNA,TRANSCRIPTOMIC,Col-0,Arabidopsis thaliana,ILLUMINA,2019-03-29T00:00:00Z,GSM3690290,leaf,SRP189792,Mock,2019-03-28T17:19:00Z,1
SRR8800691,RNA-Seq,150,727700615,PRJNA529701,SAMN11281630,275354539,GEO,public,"fastq,run.zq,sra","gs,ncbi,s3","gs.us-east1,ncbi.public,s3.us-east-1",SRX5589489,GSM3690290,Illumina HiSeq 3000,3859.O,SINGLE,cDNA,TRANSCRIPTOMIC,Col-0,Arabidopsis thaliana,ILLUMINA,2019-03-29T00:00:00Z,GSM3690290,leaf,SRP189792,Mock,2019-03-28T17:18:00Z,1
SRR8800741,RNA-Seq,150,316795995,PRJNA529701,SAMN11281654,109875057,GEO,public,"fastq,run.zq,sra","gs,ncbi,s3","gs.us-east1,ncbi.public,s3.us-east-1",SRX5589502,GSM3690303,Illumina HiSeq 3000,3859.A,SINGLE,cDNA,TRANSCRIPTOMIC,Col-0,Arabidopsis thaliana,ILLUMINA,2019-03-29T00:00:00Z,GSM3690303,leaf,SRP189792,Pathogen,2019-03-28T17:17:00Z,1
SRR8800742,RNA-Seq,150,167578430,PRJNA529701,SAMN11281654,68438593,GEO,public,"fastq,run.zq,sra","gs,ncbi,s3","gs.us-east1,ncbi.public,s3.us-east-1",SRX5589502,GSM3690303,Illumina HiSeq 3000,3859.A,SINGLE,cDNA,TRANSCRIPTOMIC,Col-0,Arabidopsis thaliana,ILLUMINA,2019-03-29T00:00:00Z,GSM3690303,leaf,SRP189792,Pathogen,2019-03-28T17:17:00Z,1
SRR8800743,RNA-Seq,150,856077647,PRJNA529701,SAMN11281654,314167857,GEO,public,"fastq,run.zq,sra","gs,ncbi,s3","gs.us-east1,ncbi.public,s3.us-east-1",SRX5589502,GSM3690303,Illumina HiSeq 3000,3859.A,SINGLE,cDNA,TRANSCRIPTOMIC,Col-0,Arabidopsis thaliana,ILLUMINA,2019-03-29T00:00:00Z,GSM3690303,leaf,SRP189792,Pathogen,2019-03-28T17:18:00Z,1
SRR8800744,RNA-Seq,150,896768140,PRJNA529701,SAMN11281654,341435226,GEO,public,"fastq,run.zq,sra","gs,ncbi,s3","gs.us-east1,ncbi.public,s3.us-east-1",SRX5589502,GSM3690303,Illumina HiSeq 3000,3859.A,SINGLE,cDNA,TRANSCRIPTOMIC,Col-0,Arabidopsis thaliana,ILLUMINA,2019-03-29T00:00:00Z,GSM3690303,leaf,SRP189792,Pathogen,2019-03-28T17:18:00Z,1
SRR8800745,RNA-Seq,150,854734411,PRJNA529701,SAMN11281654,325499865,GEO,public,"fastq,run.zq,sra","gs,ncbi,s3","gs.us-east1,ncbi.public,s3.us-east-1",SRX5589502,GSM3690303,Illumina HiSeq 3000,3859.A,SINGLE,cDNA,TRANSCRIPTOMIC,Col-0,Arabidopsis thaliana,ILLUMINA,2019-03-29T00:00:00Z,GSM3690303,leaf,SRP189792,Pathogen,2019-03-28T17:18:00Z,1
SRR8800746,RNA-Seq,150,300118317,PRJNA529701,SAMN11281648,103100935,GEO,public,"fastq,run.zq,sra","gs,ncbi,s3","gs.us-east1,ncbi.public,s3.us-east-1",SRX5589503,GSM3690304,Illumina HiSeq 3000,3859.B,SINGLE,cDNA,TRANSCRIPTOMIC,Col-0,Arabidopsis thaliana,ILLUMINA,2019-03-29T00:00:00Z,GSM3690304,leaf,SRP189792,Pathogen,2019-03-28T17:17:00Z,1
SRR8800747,RNA-Seq,150,177319722,PRJNA529701,SAMN11281648,71690837,GEO,public,"fastq,run.zq,sra","gs,ncbi,s3","gs.us-east1,ncbi.public,s3.us-east-1",SRX5589503,GSM3690304,Illumina HiSeq 3000,3859.B,SINGLE,cDNA,TRANSCRIPTOMIC,Col-0,Arabidopsis thaliana,ILLUMINA,2019-03-29T00:00:00Z,GSM3690304,leaf,SRP189792,Pathogen,2019-03-28T17:17:00Z,1
SRR8800748,RNA-Seq,150,838493665,PRJNA529701,SAMN11281648,304329031,GEO,public,"fastq,run.zq,sra","gs,ncbi,s3","gs.us-east1,ncbi.public,s3.us-east-1",SRX5589503,GSM3690304,Illumina HiSeq 3000,3859.B,SINGLE,cDNA,TRANSCRIPTOMIC,Col-0,Arabidopsis thaliana,ILLUMINA,2019-03-29T00:00:00Z,GSM3690304,leaf,SRP189792,Pathogen,2019-03-28T17:18:00Z,1
SRR8800749,RNA-Seq,150,814094134,PRJNA529701,SAMN11281648,306511992,GEO,public,"fastq,run.zq,sra","gs,ncbi,s3","gs.us-east1,ncbi.public,s3.us-east-1",SRX5589503,GSM3690304,Illumina HiSeq 3000,3859.B,SINGLE,cDNA,TRANSCRIPTOMIC,Col-0,Arabidopsis thaliana,ILLUMINA,2019-03-29T00:00:00Z,GSM3690304,leaf,SRP189792,Pathogen,2019-03-28T17:18:00Z,1
SRR8800750,RNA-Seq,150,938610349,PRJNA529701,SAMN11281648,353628200,GEO,public,"fastq,run.zq,sra","gs,ncbi,s3","gs.us-east1,ncbi.public,s3.us-east-1",SRX5589503,GSM3690304,Illumina HiSeq 3000,3859.B,SINGLE,cDNA,TRANSCRIPTOMIC,Col-0,Arabidopsis thaliana,ILLUMINA,2019-03-29T00:00:00Z,GSM3690304,leaf,SRP189792,Pathogen,2019-03-28T17:19:00Z,1
SRR8800751,RNA-Seq,150,378895532,PRJNA529701,SAMN11281647,131861915,GEO,public,"fastq,run.zq,sra","gs,ncbi,s3","gs.us-east1,ncbi.public,s3.us-east-1",SRX5589504,GSM3690305,Illumina HiSeq 3000,3859.C,SINGLE,cDNA,TRANSCRIPTOMIC,Col-0,Arabidopsis thaliana,ILLUMINA,2019-03-29T00:00:00Z,GSM3690305,leaf,SRP189792,Pathogen,2019-03-28T17:17:00Z,1
SRR8800752,RNA-Seq,150,223239295,PRJNA529701,SAMN11281647,90695893,GEO,public,"fastq,run.zq,sra","gs,ncbi,s3","gs.us-east1,ncbi.public,s3.us-east-1",SRX5589504,GSM3690305,Illumina HiSeq 3000,3859.C,SINGLE,cDNA,TRANSCRIPTOMIC,Col-0,Arabidopsis thaliana,ILLUMINA,2019-03-29T00:00:00Z,GSM3690305,leaf,SRP189792,Pathogen,2019-03-28T17:17:00Z,1
SRR8800753,RNA-Seq,150,1095225127,PRJNA529701,SAMN11281647,401275116,GEO,public,"fastq,run.zq,sra","gs,ncbi,s3","gs.us-east1,ncbi.public,s3.us-east-1",SRX5589504,GSM3690305,Illumina HiSeq 3000,3859.C,SINGLE,cDNA,TRANSCRIPTOMIC,Col-0,Arabidopsis thaliana,ILLUMINA,2019-03-29T00:00:00Z,GSM3690305,leaf,SRP189792,Pathogen,2019-03-28T17:19:00Z,1
SRR8800754,RNA-Seq,150,973930224,PRJNA529701,SAMN11281647,373302428,GEO,public,"fastq,run.zq,sra","gs,ncbi,s3","gs.us-east1,ncbi.public,s3.us-east-1",SRX5589504,GSM3690305,Illumina HiSeq 3000,3859.C,SINGLE,cDNA,TRANSCRIPTOMIC,Col-0,Arabidopsis thaliana,ILLUMINA,2019-03-29T00:00:00Z,GSM3690305,leaf,SRP189792,Pathogen,2019-03-28T17:19:00Z,1
SRR8800755,RNA-Seq,150,592809973,PRJNA529701,SAMN11281647,226886793,GEO,public,"fastq,run.zq,sra","gs,ncbi,s3","gs.us-east1,ncbi.public,s3.us-east-1",SRX5589504,GSM3690305,Illumina HiSeq 3000,3859.C,SINGLE,cDNA,TRANSCRIPTOMIC,Col-0,Arabidopsis thaliana,ILLUMINA,2019-03-29T00:00:00Z,GSM3690305,leaf,SRP189792,Pathogen,2019-03-28T17:18:00Z,1
