Run,AGE,Assay Type,AvgSpotLen,Bases,BioProject,BioSample,Bytes,Center Name,Consent,DATASTORE filetype,DATASTORE provider,DATASTORE region,Ecotype,Experiment,genotype,GEO_Accession (exp),Instrument,LibraryLayout,LibrarySelection,LibrarySource,Organism,Platform,ReleaseDate,create_date,version,Sample Name,source_name,SRA Study,tissue,barcode_position,barcode_sequence,inoculated_with,time_point
SRR1058122,3 weeks,RNA-Seq,80,27794400,PRJNA232536,SAMN02485785,19142440,GEO,public,"fastq,run.zq,sra","gs,ncbi,s3","gs.us-east1,ncbi.public,s3.us-east-1",Columbia (Col-0),SRX398666,Wild type,GSM1297696,Illumina Genome Analyzer IIx,SINGLE,cDNA,TRANSCRIPTOMIC,Arabidopsis thaliana,ILLUMINA,2014-11-21T00:00:00Z,2013-12-24T15:21:00Z,1,GSM1297696,aerial shoots_Hpa Emoy2_0 dpi,SRP034715,aerial shoots,5' end of the read,GCTCT,Hyaloperonospora arabidopsidis (Hpa) Emoy2,0 dpi
SRR1058123,3 weeks,RNA-Seq,80,52738560,PRJNA232536,SAMN02485771,35923516,GEO,public,"fastq,run.zq,sra","gs,ncbi,s3","gs.us-east1,ncbi.public,s3.us-east-1",Columbia (Col-0),SRX398667,Wild type,GSM1297697,Illumina Genome Analyzer IIx,SINGLE,cDNA,TRANSCRIPTOMIC,Arabidopsis thaliana,ILLUMINA,2014-11-21T00:00:00Z,2013-12-24T15:21:00Z,1,GSM1297697,aerial shoots_Hpa Emoy2_0 dpi,SRP034715,aerial shoots,5' end of the read,GCTCT,Hyaloperonospora arabidopsidis (Hpa) Emoy2,0 dpi
SRR1058124,3 weeks,RNA-Seq,80,97742320,PRJNA232536,SAMN02485786,62218943,GEO,public,"fastq,run.zq,sra","gs,ncbi,s3","gs.us-east1,ncbi.public,s3.us-east-1",Columbia (Col-0),SRX398668,Wild type,GSM1297698,Illumina Genome Analyzer IIx,SINGLE,cDNA,TRANSCRIPTOMIC,Arabidopsis thaliana,ILLUMINA,2014-11-21T00:00:00Z,2013-12-24T15:21:00Z,1,GSM1297698,aerial shoots_Hpa Emoy2_0 dpi,SRP034715,aerial shoots,5' end of the read,GCTCT,Hyaloperonospora arabidopsidis (Hpa) Emoy2,0 dpi
SRR1058125,3 weeks,RNA-Seq,80,102195840,PRJNA232536,SAMN02485772,64943156,GEO,public,"fastq,run.zq,sra","gs,ncbi,s3","gs.us-east1,ncbi.public,s3.us-east-1",Columbia (Col-0),SRX398669,Wild type,GSM1297699,Illumina Genome Analyzer IIx,SINGLE,cDNA,TRANSCRIPTOMIC,Arabidopsis thaliana,ILLUMINA,2014-11-21T00:00:00Z,2013-12-24T15:21:00Z,1,GSM1297699,aerial shoots_Hpa Emoy2_0 dpi,SRP034715,aerial shoots,5' end of the read,GCTCT,Hyaloperonospora arabidopsidis (Hpa) Emoy2,0 dpi
SRR1058126,3 weeks,RNA-Seq,80,69026000,PRJNA232536,SAMN02485787,44137850,GEO,public,"fastq,run.zq,sra","gs,ncbi,s3","gs.us-east1,ncbi.public,s3.us-east-1",Columbia (Col-0),SRX398670,Wild type,GSM1297700,Illumina Genome Analyzer IIx,SINGLE,cDNA,TRANSCRIPTOMIC,Arabidopsis thaliana,ILLUMINA,2014-11-21T00:00:00Z,2013-12-24T15:21:00Z,1,GSM1297700,aerial shoots_Hpa Emoy2_0 dpi,SRP034715,aerial shoots,5' end of the read,GCTCT,Hyaloperonospora arabidopsidis (Hpa) Emoy2,0 dpi
SRR1058127,3 weeks,RNA-Seq,80,79971280,PRJNA232536,SAMN02485773,50720293,GEO,public,"fastq,run.zq,sra","gs,ncbi,s3","gs.us-east1,ncbi.public,s3.us-east-1",Columbia (Col-0),SRX398671,Wild type,GSM1297701,Illumina Genome Analyzer IIx,SINGLE,cDNA,TRANSCRIPTOMIC,Arabidopsis thaliana,ILLUMINA,2014-11-21T00:00:00Z,2013-12-24T15:21:00Z,1,GSM1297701,aerial shoots_Hpa Emoy2_0 dpi,SRP034715,aerial shoots,5' end of the read,GCTCT,Hyaloperonospora arabidopsidis (Hpa) Emoy2,0 dpi
SRR1058128,3 weeks,RNA-Seq,80,129101120,PRJNA232536,SAMN02485774,83349038,GEO,public,"fastq,run.zq,sra","gs,ncbi,s3","gs.us-east1,ncbi.public,s3.us-east-1",Columbia (Col-0),SRX398672,Wild type,GSM1297702,Illumina Genome Analyzer IIx,SINGLE,cDNA,TRANSCRIPTOMIC,Arabidopsis thaliana,ILLUMINA,2014-11-21T00:00:00Z,2013-12-24T15:21:00Z,1,GSM1297702,aerial shoots_Hpa Emoy2_0 dpi,SRP034715,aerial shoots,5' end of the read,GCTCT,Hyaloperonospora arabidopsidis (Hpa) Emoy2,0 dpi
SRR1058129,3 weeks,RNA-Seq,80,128156480,PRJNA232536,SAMN02485788,83231594,GEO,public,"fastq,run.zq,sra","gs,ncbi,s3","gs.us-east1,ncbi.public,s3.us-east-1",Columbia (Col-0),SRX398673,Wild type,GSM1297703,Illumina Genome Analyzer IIx,SINGLE,cDNA,TRANSCRIPTOMIC,Arabidopsis thaliana,ILLUMINA,2014-11-21T00:00:00Z,2013-12-24T15:21:00Z,1,GSM1297703,aerial shoots_Hpa Emoy2_0 dpi,SRP034715,aerial shoots,5' end of the read,GCTCT,Hyaloperonospora arabidopsidis (Hpa) Emoy2,0 dpi
SRR1058130,3 weeks,RNA-Seq,80,99920000,PRJNA232536,SAMN02485789,65518834,GEO,public,"fastq,run.zq,sra","gs,ncbi,s3","gs.us-east1,ncbi.public,s3.us-east-1",Columbia (Col-0),SRX398674,Wild type,GSM1297704,Illumina Genome Analyzer IIx,SINGLE,cDNA,TRANSCRIPTOMIC,Arabidopsis thaliana,ILLUMINA,2014-11-21T00:00:00Z,2013-12-24T15:21:00Z,1,GSM1297704,aerial shoots_Hpa Emoy2_0 dpi,SRP034715,aerial shoots,5' end of the read,GCTCT,Hyaloperonospora arabidopsidis (Hpa) Emoy2,0 dpi
SRR1058131,3 weeks,RNA-Seq,80,99921680,PRJNA232536,SAMN02485775,65934832,GEO,public,"fastq,run.zq,sra","gs,ncbi,s3","gs.us-east1,ncbi.public,s3.us-east-1",Columbia (Col-0),SRX398675,Wild type,GSM1297705,Illumina Genome Analyzer IIx,SINGLE,cDNA,TRANSCRIPTOMIC,Arabidopsis thaliana,ILLUMINA,2014-11-21T00:00:00Z,2013-12-24T15:21:00Z,1,GSM1297705,aerial shoots_Hpa Emoy2_0 dpi,SRP034715,aerial shoots,5' end of the read,GCTCT,Hyaloperonospora arabidopsidis (Hpa) Emoy2,0 dpi
SRR1058132,3 weeks,RNA-Seq,80,146910880,PRJNA232536,SAMN02485776,93823150,GEO,public,"fastq,run.zq,sra","gs,ncbi,s3","gs.us-east1,ncbi.public,s3.us-east-1",Columbia (Col-0),SRX398676,Wild type,GSM1297706,Illumina Genome Analyzer IIx,SINGLE,cDNA,TRANSCRIPTOMIC,Arabidopsis thaliana,ILLUMINA,2014-11-21T00:00:00Z,2013-12-24T15:21:00Z,1,GSM1297706,aerial shoots_Hpa Emoy2_0 dpi,SRP034715,aerial shoots,5' end of the read,GCTCT,Hyaloperonospora arabidopsidis (Hpa) Emoy2,0 dpi
SRR1058133,3 weeks,RNA-Seq,80,146559840,PRJNA232536,SAMN02485777,91365595,GEO,public,"fastq,run.zq,sra","gs,ncbi,s3","gs.us-east1,ncbi.public,s3.us-east-1",Columbia (Col-0),SRX398677,Wild type,GSM1297707,Illumina Genome Analyzer IIx,SINGLE,cDNA,TRANSCRIPTOMIC,Arabidopsis thaliana,ILLUMINA,2014-11-21T00:00:00Z,2013-12-24T15:21:00Z,1,GSM1297707,aerial shoots_Hpa Emoy2_0 dpi,SRP034715,aerial shoots,5' end of the read,GCTCT,Hyaloperonospora arabidopsidis (Hpa) Emoy2,0 dpi
SRR1058134,3 weeks,RNA-Seq,80,51592000,PRJNA232536,SAMN02485790,34139953,GEO,public,"fastq,run.zq,sra","gs,ncbi,s3","gs.us-east1,ncbi.public,s3.us-east-1",Columbia (Col-0),SRX398678,Wild type,GSM1297708,Illumina Genome Analyzer IIx,SINGLE,cDNA,TRANSCRIPTOMIC,Arabidopsis thaliana,ILLUMINA,2014-11-21T00:00:00Z,2013-12-24T15:21:00Z,1,GSM1297708,aerial shoots_Hpa Emoy2_1 dpi,SRP034715,aerial shoots,5' end of the read,GTACT,Hyaloperonospora arabidopsidis (Hpa) Emoy2,1 dpi
SRR1058135,3 weeks,RNA-Seq,80,60489760,PRJNA232536,SAMN02485778,39791786,GEO,public,"fastq,run.zq,sra","gs,ncbi,s3","gs.us-east1,ncbi.public,s3.us-east-1",Columbia (Col-0),SRX398679,Wild type,GSM1297709,Illumina Genome Analyzer IIx,SINGLE,cDNA,TRANSCRIPTOMIC,Arabidopsis thaliana,ILLUMINA,2014-11-21T00:00:00Z,2013-12-24T15:21:00Z,1,GSM1297709,aerial shoots_Hpa Emoy2_1 dpi,SRP034715,aerial shoots,5' end of the read,CATACGT,Hyaloperonospora arabidopsidis (Hpa) Emoy2,1 dpi
SRR1058136,3 weeks,RNA-Seq,80,96353920,PRJNA232536,SAMN02485779,62448159,GEO,public,"fastq,run.zq,sra","gs,ncbi,s3","gs.us-east1,ncbi.public,s3.us-east-1",Columbia (Col-0),SRX398680,Wild type,GSM1297710,Illumina Genome Analyzer IIx,SINGLE,cDNA,TRANSCRIPTOMIC,Arabidopsis thaliana,ILLUMINA,2014-11-21T00:00:00Z,2013-12-24T15:21:00Z,1,GSM1297710,aerial shoots_Hpa Emoy2_1 dpi,SRP034715,aerial shoots,5' end of the read,GTACT,Hyaloperonospora arabidopsidis (Hpa) Emoy2,1 dpi
SRR1058137,3 weeks,RNA-Seq,80,110882800,PRJNA232536,SAMN02485780,71606901,GEO,public,"fastq,run.zq,sra","gs,ncbi,s3","gs.us-east1,ncbi.public,s3.us-east-1",Columbia (Col-0),SRX398681,Wild type,GSM1297711,Illumina Genome Analyzer IIx,SINGLE,cDNA,TRANSCRIPTOMIC,Arabidopsis thaliana,ILLUMINA,2014-11-21T00:00:00Z,2013-12-24T15:21:00Z,1,GSM1297711,aerial shoots_Hpa Emoy2_1 dpi,SRP034715,aerial shoots,5' end of the read,CATACGT,Hyaloperonospora arabidopsidis (Hpa) Emoy2,1 dpi
SRR1058138,3 weeks,RNA-Seq,80,181936480,PRJNA232536,SAMN02485781,110726928,GEO,public,"fastq,run.zq,sra","gs,ncbi,s3","gs.us-east1,ncbi.public,s3.us-east-1",Columbia (Col-0),SRX398682,Wild type,GSM1297712,Illumina Genome Analyzer IIx,SINGLE,cDNA,TRANSCRIPTOMIC,Arabidopsis thaliana,ILLUMINA,2014-11-21T00:00:00Z,2013-12-24T15:21:00Z,1,GSM1297712,aerial shoots_Hpa Emoy2_1 dpi,SRP034715,aerial shoots,5' end of the read,GTACT,Hyaloperonospora arabidopsidis (Hpa) Emoy2,1 dpi
SRR1058139,3 weeks,RNA-Seq,80,201444080,PRJNA232536,SAMN02485782,121676479,GEO,public,"fastq,run.zq,sra","gs,ncbi,s3","gs.us-east1,ncbi.public,s3.us-east-1",Columbia (Col-0),SRX398683,Wild type,GSM1297713,Illumina Genome Analyzer IIx,SINGLE,cDNA,TRANSCRIPTOMIC,Arabidopsis thaliana,ILLUMINA,2014-11-21T00:00:00Z,2013-12-24T15:21:00Z,1,GSM1297713,aerial shoots_Hpa Emoy2_1 dpi,SRP034715,aerial shoots,5' end of the read,CATACGT,Hyaloperonospora arabidopsidis (Hpa) Emoy2,1 dpi
SRR1058140,3 weeks,RNA-Seq,80,187758160,PRJNA232536,SAMN02485783,113505261,GEO,public,"fastq,run.zq,sra","gs,ncbi,s3","gs.us-east1,ncbi.public,s3.us-east-1",Columbia (Col-0),SRX398684,Wild type,GSM1297714,Illumina Genome Analyzer IIx,SINGLE,cDNA,TRANSCRIPTOMIC,Arabidopsis thaliana,ILLUMINA,2014-11-21T00:00:00Z,2013-12-24T15:21:00Z,1,GSM1297714,aerial shoots_Hpa Emoy2_1 dpi,SRP034715,aerial shoots,5' end of the read,GTACT,Hyaloperonospora arabidopsidis (Hpa) Emoy2,1 dpi
SRR1058141,3 weeks,RNA-Seq,80,209857760,PRJNA232536,SAMN02485784,125698940,GEO,public,"fastq,run.zq,sra","gs,ncbi,s3","gs.us-east1,ncbi.public,s3.us-east-1",Columbia (Col-0),SRX398685,Wild type,GSM1297715,Illumina Genome Analyzer IIx,SINGLE,cDNA,TRANSCRIPTOMIC,Arabidopsis thaliana,ILLUMINA,2014-11-21T00:00:00Z,2013-12-24T15:21:00Z,1,GSM1297715,aerial shoots_Hpa Emoy2_1 dpi,SRP034715,aerial shoots,5' end of the read,CATACGT,Hyaloperonospora arabidopsidis (Hpa) Emoy2,1 dpi
SRR1058142,3 weeks,RNA-Seq,80,92351120,PRJNA232536,SAMN02485792,56477415,GEO,public,"fastq,run.zq,sra","gs,ncbi,s3","gs.us-east1,ncbi.public,s3.us-east-1",Columbia (Col-0),SRX398686,Wild type,GSM1297716,Illumina Genome Analyzer IIx,SINGLE,cDNA,TRANSCRIPTOMIC,Arabidopsis thaliana,ILLUMINA,2014-11-21T00:00:00Z,2013-12-24T15:22:00Z,1,GSM1297716,aerial shoots_Hpa Emoy2_1 dpi,SRP034715,aerial shoots,5' end of the read,GTACT,Hyaloperonospora arabidopsidis (Hpa) Emoy2,1 dpi
SRR1058143,3 weeks,RNA-Seq,80,82101360,PRJNA232536,SAMN02485799,49881779,GEO,public,"fastq,run.zq,sra","gs,ncbi,s3","gs.us-east1,ncbi.public,s3.us-east-1",Columbia (Col-0),SRX398687,Wild type,GSM1297717,Illumina Genome Analyzer IIx,SINGLE,cDNA,TRANSCRIPTOMIC,Arabidopsis thaliana,ILLUMINA,2014-11-21T00:00:00Z,2013-12-24T15:22:00Z,1,GSM1297717,aerial shoots_Hpa Emoy2_1 dpi,SRP034715,aerial shoots,5' end of the read,CATACGT,Hyaloperonospora arabidopsidis (Hpa) Emoy2,1 dpi
SRR1058144,3 weeks,RNA-Seq,80,106034880,PRJNA232536,SAMN02485800,64109799,GEO,public,"fastq,run.zq,sra","gs,ncbi,s3","gs.us-east1,ncbi.public,s3.us-east-1",Columbia (Col-0),SRX398688,Wild type,GSM1297718,Illumina Genome Analyzer IIx,SINGLE,cDNA,TRANSCRIPTOMIC,Arabidopsis thaliana,ILLUMINA,2014-11-21T00:00:00Z,2013-12-24T15:22:00Z,1,GSM1297718,aerial shoots_Hpa Emoy2_1 dpi,SRP034715,aerial shoots,5' end of the read,GTACT,Hyaloperonospora arabidopsidis (Hpa) Emoy2,1 dpi
SRR1058145,3 weeks,RNA-Seq,80,94779840,PRJNA232536,SAMN02485801,56753577,GEO,public,"fastq,run.zq,sra","gs,ncbi,s3","gs.us-east1,ncbi.public,s3.us-east-1",Columbia (Col-0),SRX398689,Wild type,GSM1297719,Illumina Genome Analyzer IIx,SINGLE,cDNA,TRANSCRIPTOMIC,Arabidopsis thaliana,ILLUMINA,2014-11-21T00:00:00Z,2013-12-24T15:22:00Z,1,GSM1297719,aerial shoots_Hpa Emoy2_1 dpi,SRP034715,aerial shoots,5' end of the read,CATACGT,Hyaloperonospora arabidopsidis (Hpa) Emoy2,1 dpi
SRR1058146,3 weeks,RNA-Seq,80,207872960,PRJNA232536,SAMN02485804,129307207,GEO,public,"fastq,run.zq,sra","gs,ncbi,s3","gs.us-east1,ncbi.public,s3.us-east-1",Columbia (Col-0),SRX398690,Wild type,GSM1297720,Illumina Genome Analyzer IIx,SINGLE,cDNA,TRANSCRIPTOMIC,Arabidopsis thaliana,ILLUMINA,2014-11-21T00:00:00Z,2013-12-24T15:23:00Z,1,GSM1297720,aerial shoots_Hpa Emoy2_1 dpi,SRP034715,aerial shoots,5' end of the read,GTACT,Hyaloperonospora arabidopsidis (Hpa) Emoy2,1 dpi
SRR1058147,3 weeks,RNA-Seq,80,187852480,PRJNA232536,SAMN02485805,116609154,GEO,public,"fastq,run.zq,sra","gs,ncbi,s3","gs.us-east1,ncbi.public,s3.us-east-1",Columbia (Col-0),SRX398691,Wild type,GSM1297721,Illumina Genome Analyzer IIx,SINGLE,cDNA,TRANSCRIPTOMIC,Arabidopsis thaliana,ILLUMINA,2014-11-21T00:00:00Z,2013-12-24T15:23:00Z,1,GSM1297721,aerial shoots_Hpa Emoy2_1 dpi,SRP034715,aerial shoots,5' end of the read,CATACGT,Hyaloperonospora arabidopsidis (Hpa) Emoy2,1 dpi
SRR1058148,3 weeks,RNA-Seq,80,203528400,PRJNA232536,SAMN02485806,127365934,GEO,public,"fastq,run.zq,sra","gs,ncbi,s3","gs.us-east1,ncbi.public,s3.us-east-1",Columbia (Col-0),SRX398692,Wild type,GSM1297722,Illumina Genome Analyzer IIx,SINGLE,cDNA,TRANSCRIPTOMIC,Arabidopsis thaliana,ILLUMINA,2014-11-21T00:00:00Z,2013-12-24T15:23:00Z,1,GSM1297722,aerial shoots_Hpa Emoy2_1 dpi,SRP034715,aerial shoots,5' end of the read,GTACT,Hyaloperonospora arabidopsidis (Hpa) Emoy2,1 dpi
SRR1058149,3 weeks,RNA-Seq,80,183951120,PRJNA232536,SAMN02485816,115027872,GEO,public,"fastq,run.zq,sra","gs,ncbi,s3","gs.us-east1,ncbi.public,s3.us-east-1",Columbia (Col-0),SRX398693,Wild type,GSM1297723,Illumina Genome Analyzer IIx,SINGLE,cDNA,TRANSCRIPTOMIC,Arabidopsis thaliana,ILLUMINA,2014-11-21T00:00:00Z,2013-12-24T15:22:00Z,1,GSM1297723,aerial shoots_Hpa Emoy2_1 dpi,SRP034715,aerial shoots,5' end of the read,CATACGT,Hyaloperonospora arabidopsidis (Hpa) Emoy2,1 dpi
SRR1058150,3 weeks,RNA-Seq,80,135384880,PRJNA232536,SAMN02485817,85241616,GEO,public,"fastq,run.zq,sra","gs,ncbi,s3","gs.us-east1,ncbi.public,s3.us-east-1",Columbia (Col-0),SRX398694,Wild type,GSM1297724,Illumina Genome Analyzer IIx,SINGLE,cDNA,TRANSCRIPTOMIC,Arabidopsis thaliana,ILLUMINA,2014-11-21T00:00:00Z,2013-12-24T15:22:00Z,1,GSM1297724,aerial shoots_Hpa Emoy2_1 dpi,SRP034715,aerial shoots,5' end of the read,GTACT,Hyaloperonospora arabidopsidis (Hpa) Emoy2,1 dpi
SRR1058151,3 weeks,RNA-Seq,80,120306560,PRJNA232536,SAMN02485818,75420533,GEO,public,"fastq,run.zq,sra","gs,ncbi,s3","gs.us-east1,ncbi.public,s3.us-east-1",Columbia (Col-0),SRX398695,Wild type,GSM1297725,Illumina Genome Analyzer IIx,SINGLE,cDNA,TRANSCRIPTOMIC,Arabidopsis thaliana,ILLUMINA,2014-11-21T00:00:00Z,2013-12-24T15:22:00Z,1,GSM1297725,aerial shoots_Hpa Emoy2_1 dpi,SRP034715,aerial shoots,5' end of the read,CATACGT,Hyaloperonospora arabidopsidis (Hpa) Emoy2,1 dpi
SRR1058152,3 weeks,RNA-Seq,80,136328800,PRJNA232536,SAMN02485807,85915807,GEO,public,"fastq,run.zq,sra","gs,ncbi,s3","gs.us-east1,ncbi.public,s3.us-east-1",Columbia (Col-0),SRX398696,Wild type,GSM1297726,Illumina Genome Analyzer IIx,SINGLE,cDNA,TRANSCRIPTOMIC,Arabidopsis thaliana,ILLUMINA,2014-11-21T00:00:00Z,2013-12-24T15:22:00Z,1,GSM1297726,aerial shoots_Hpa Emoy2_1 dpi,SRP034715,aerial shoots,5' end of the read,GTACT,Hyaloperonospora arabidopsidis (Hpa) Emoy2,1 dpi
SRR1058153,3 weeks,RNA-Seq,80,120837120,PRJNA232536,SAMN02485810,76027453,GEO,public,"fastq,run.zq,sra","gs,ncbi,s3","gs.us-east1,ncbi.public,s3.us-east-1",Columbia (Col-0),SRX398697,Wild type,GSM1297727,Illumina Genome Analyzer IIx,SINGLE,cDNA,TRANSCRIPTOMIC,Arabidopsis thaliana,ILLUMINA,2014-11-21T00:00:00Z,2013-12-24T15:22:00Z,1,GSM1297727,aerial shoots_Hpa Emoy2_1 dpi,SRP034715,aerial shoots,5' end of the read,CATACGT,Hyaloperonospora arabidopsidis (Hpa) Emoy2,1 dpi
SRR1058154,3 weeks,RNA-Seq,80,213789120,PRJNA232536,SAMN02485809,131411140,GEO,public,"fastq,run.zq,sra","gs,ncbi,s3","gs.us-east1,ncbi.public,s3.us-east-1",Columbia (Col-0),SRX398698,Wild type,GSM1297728,Illumina Genome Analyzer IIx,SINGLE,cDNA,TRANSCRIPTOMIC,Arabidopsis thaliana,ILLUMINA,2014-11-21T00:00:00Z,2013-12-24T15:23:00Z,1,GSM1297728,aerial shoots_Hpa Emoy2_1 dpi,SRP034715,aerial shoots,5' end of the read,GTACT,Hyaloperonospora arabidopsidis (Hpa) Emoy2,1 dpi
SRR1058155,3 weeks,RNA-Seq,80,187999440,PRJNA232536,SAMN02485812,115141068,GEO,public,"fastq,run.zq,sra","gs,ncbi,s3","gs.us-east1,ncbi.public,s3.us-east-1",Columbia (Col-0),SRX398699,Wild type,GSM1297729,Illumina Genome Analyzer IIx,SINGLE,cDNA,TRANSCRIPTOMIC,Arabidopsis thaliana,ILLUMINA,2014-11-21T00:00:00Z,2013-12-24T15:22:00Z,1,GSM1297729,aerial shoots_Hpa Emoy2_1 dpi,SRP034715,aerial shoots,5' end of the read,CATACGT,Hyaloperonospora arabidopsidis (Hpa) Emoy2,1 dpi
SRR1058156,3 weeks,RNA-Seq,80,210942000,PRJNA232536,SAMN02485813,126149534,GEO,public,"fastq,run.zq,sra","gs,ncbi,s3","gs.us-east1,ncbi.public,s3.us-east-1",Columbia (Col-0),SRX398700,Wild type,GSM1297730,Illumina Genome Analyzer IIx,SINGLE,cDNA,TRANSCRIPTOMIC,Arabidopsis thaliana,ILLUMINA,2014-11-21T00:00:00Z,2013-12-24T15:23:00Z,1,GSM1297730,aerial shoots_Hpa Emoy2_1 dpi,SRP034715,aerial shoots,5' end of the read,GTACT,Hyaloperonospora arabidopsidis (Hpa) Emoy2,1 dpi
SRR1058157,3 weeks,RNA-Seq,80,185961840,PRJNA232536,SAMN02485824,110894549,GEO,public,"fastq,run.zq,sra","gs,ncbi,s3","gs.us-east1,ncbi.public,s3.us-east-1",Columbia (Col-0),SRX398701,Wild type,GSM1297731,Illumina Genome Analyzer IIx,SINGLE,cDNA,TRANSCRIPTOMIC,Arabidopsis thaliana,ILLUMINA,2014-11-21T00:00:00Z,2013-12-24T15:22:00Z,1,GSM1297731,aerial shoots_Hpa Emoy2_1 dpi,SRP034715,aerial shoots,5' end of the read,CATACGT,Hyaloperonospora arabidopsidis (Hpa) Emoy2,1 dpi
SRR1058158,3 weeks,RNA-Seq,80,44731840,PRJNA232536,SAMN02485828,30109748,GEO,public,"fastq,run.zq,sra","gs,ncbi,s3","gs.us-east1,ncbi.public,s3.us-east-1",Columbia (Col-0),SRX398702,Wild type,GSM1297732,Illumina Genome Analyzer IIx,SINGLE,cDNA,TRANSCRIPTOMIC,Arabidopsis thaliana,ILLUMINA,2014-11-21T00:00:00Z,2013-12-24T15:22:00Z,1,GSM1297732,aerial shoots_Hpa Emoy2_3 dpi,SRP034715,aerial shoots,5' end of the read,ACTGT,Hyaloperonospora arabidopsidis (Hpa) Emoy2,3 dpi
SRR1058159,3 weeks,RNA-Seq,80,42091520,PRJNA232536,SAMN02485826,28180473,GEO,public,"fastq,run.zq,sra","gs,ncbi,s3","gs.us-east1,ncbi.public,s3.us-east-1",Columbia (Col-0),SRX398703,Wild type,GSM1297733,Illumina Genome Analyzer IIx,SINGLE,cDNA,TRANSCRIPTOMIC,Arabidopsis thaliana,ILLUMINA,2014-11-21T00:00:00Z,2013-12-24T15:22:00Z,1,GSM1297733,aerial shoots_Hpa Emoy2_3 dpi,SRP034715,aerial shoots,5' end of the read,TTGCGCT,Hyaloperonospora arabidopsidis (Hpa) Emoy2,3 dpi
SRR1058160,3 weeks,RNA-Seq,80,84011760,PRJNA232536,SAMN02485830,55511434,GEO,public,"fastq,run.zq,sra","gs,ncbi,s3","gs.us-east1,ncbi.public,s3.us-east-1",Columbia (Col-0),SRX398704,Wild type,GSM1297734,Illumina Genome Analyzer IIx,SINGLE,cDNA,TRANSCRIPTOMIC,Arabidopsis thaliana,ILLUMINA,2014-11-21T00:00:00Z,2013-12-24T15:22:00Z,1,GSM1297734,aerial shoots_Hpa Emoy2_3 dpi,SRP034715,aerial shoots,5' end of the read,ACTGT,Hyaloperonospora arabidopsidis (Hpa) Emoy2,3 dpi
SRR1058161,3 weeks,RNA-Seq,80,78078880,PRJNA232536,SAMN02485831,51443073,GEO,public,"fastq,run.zq,sra","gs,ncbi,s3","gs.us-east1,ncbi.public,s3.us-east-1",Columbia (Col-0),SRX398705,Wild type,GSM1297735,Illumina Genome Analyzer IIx,SINGLE,cDNA,TRANSCRIPTOMIC,Arabidopsis thaliana,ILLUMINA,2014-11-21T00:00:00Z,2013-12-24T15:24:00Z,1,GSM1297735,aerial shoots_Hpa Emoy2_3 dpi,SRP034715,aerial shoots,5' end of the read,TTGCGCT,Hyaloperonospora arabidopsidis (Hpa) Emoy2,3 dpi
SRR1058162,3 weeks,RNA-Seq,80,155381520,PRJNA232536,SAMN02485833,95414187,GEO,public,"fastq,run.zq,sra","gs,ncbi,s3","gs.us-east1,ncbi.public,s3.us-east-1",Columbia (Col-0),SRX398706,Wild type,GSM1297736,Illumina Genome Analyzer IIx,SINGLE,cDNA,TRANSCRIPTOMIC,Arabidopsis thaliana,ILLUMINA,2014-11-21T00:00:00Z,2013-12-24T15:24:00Z,1,GSM1297736,aerial shoots_Hpa Emoy2_3 dpi,SRP034715,aerial shoots,5' end of the read,ACTGT,Hyaloperonospora arabidopsidis (Hpa) Emoy2,3 dpi
SRR1058163,3 weeks,RNA-Seq,80,145043520,PRJNA232536,SAMN02485835,87851418,GEO,public,"fastq,run.zq,sra","gs,ncbi,s3","gs.us-east1,ncbi.public,s3.us-east-1",Columbia (Col-0),SRX398707,Wild type,GSM1297737,Illumina Genome Analyzer IIx,SINGLE,cDNA,TRANSCRIPTOMIC,Arabidopsis thaliana,ILLUMINA,2014-11-21T00:00:00Z,2013-12-24T15:24:00Z,1,GSM1297737,aerial shoots_Hpa Emoy2_3 dpi,SRP034715,aerial shoots,5' end of the read,TTGCGCT,Hyaloperonospora arabidopsidis (Hpa) Emoy2,3 dpi
SRR1058164,3 weeks,RNA-Seq,80,159470400,PRJNA232536,SAMN02485836,96981425,GEO,public,"fastq,run.zq,sra","gs,ncbi,s3","gs.us-east1,ncbi.public,s3.us-east-1",Columbia (Col-0),SRX398708,Wild type,GSM1297738,Illumina Genome Analyzer IIx,SINGLE,cDNA,TRANSCRIPTOMIC,Arabidopsis thaliana,ILLUMINA,2014-11-21T00:00:00Z,2013-12-24T15:24:00Z,1,GSM1297738,aerial shoots_Hpa Emoy2_3 dpi,SRP034715,aerial shoots,5' end of the read,ACTGT,Hyaloperonospora arabidopsidis (Hpa) Emoy2,3 dpi
SRR1058165,3 weeks,RNA-Seq,80,151007360,PRJNA232536,SAMN02485837,90829349,GEO,public,"fastq,run.zq,sra","gs,ncbi,s3","gs.us-east1,ncbi.public,s3.us-east-1",Columbia (Col-0),SRX398709,Wild type,GSM1297739,Illumina Genome Analyzer IIx,SINGLE,cDNA,TRANSCRIPTOMIC,Arabidopsis thaliana,ILLUMINA,2014-11-21T00:00:00Z,2013-12-24T15:24:00Z,1,GSM1297739,aerial shoots_Hpa Emoy2_3 dpi,SRP034715,aerial shoots,5' end of the read,TTGCGCT,Hyaloperonospora arabidopsidis (Hpa) Emoy2,3 dpi
SRR1058166,3 weeks,RNA-Seq,80,89830160,PRJNA232536,SAMN02485839,56613803,GEO,public,"fastq,run.zq,sra","gs,ncbi,s3","gs.us-east1,ncbi.public,s3.us-east-1",Columbia (Col-0),SRX398710,Wild type,GSM1297740,Illumina Genome Analyzer IIx,SINGLE,cDNA,TRANSCRIPTOMIC,Arabidopsis thaliana,ILLUMINA,2014-11-21T00:00:00Z,2013-12-24T15:24:00Z,1,GSM1297740,aerial shoots_Hpa Emoy2_3 dpi,SRP034715,aerial shoots,5' end of the read,ACTGT,Hyaloperonospora arabidopsidis (Hpa) Emoy2,3 dpi
SRR1058167,3 weeks,RNA-Seq,80,75011360,PRJNA232536,SAMN02485842,47806208,GEO,public,"fastq,run.zq,sra","gs,ncbi,s3","gs.us-east1,ncbi.public,s3.us-east-1",Columbia (Col-0),SRX398711,Wild type,GSM1297741,Illumina Genome Analyzer IIx,SINGLE,cDNA,TRANSCRIPTOMIC,Arabidopsis thaliana,ILLUMINA,2014-11-21T00:00:00Z,2013-12-24T15:24:00Z,1,GSM1297741,aerial shoots_Hpa Emoy2_3 dpi,SRP034715,aerial shoots,5' end of the read,TTGCGCT,Hyaloperonospora arabidopsidis (Hpa) Emoy2,3 dpi
SRR1058168,3 weeks,RNA-Seq,80,103065440,PRJNA232536,SAMN02485843,64132387,GEO,public,"fastq,run.zq,sra","gs,ncbi,s3","gs.us-east1,ncbi.public,s3.us-east-1",Columbia (Col-0),SRX398712,Wild type,GSM1297742,Illumina Genome Analyzer IIx,SINGLE,cDNA,TRANSCRIPTOMIC,Arabidopsis thaliana,ILLUMINA,2014-11-21T00:00:00Z,2013-12-24T15:24:00Z,1,GSM1297742,aerial shoots_Hpa Emoy2_3 dpi,SRP034715,aerial shoots,5' end of the read,ACTGT,Hyaloperonospora arabidopsidis (Hpa) Emoy2,3 dpi
SRR1058169,3 weeks,RNA-Seq,80,86531520,PRJNA232536,SAMN02485844,54490314,GEO,public,"fastq,run.zq,sra","gs,ncbi,s3","gs.us-east1,ncbi.public,s3.us-east-1",Columbia (Col-0),SRX398713,Wild type,GSM1297743,Illumina Genome Analyzer IIx,SINGLE,cDNA,TRANSCRIPTOMIC,Arabidopsis thaliana,ILLUMINA,2014-11-21T00:00:00Z,2013-12-24T15:24:00Z,1,GSM1297743,aerial shoots_Hpa Emoy2_3 dpi,SRP034715,aerial shoots,5' end of the read,TTGCGCT,Hyaloperonospora arabidopsidis (Hpa) Emoy2,3 dpi
SRR1058170,3 weeks,RNA-Seq,80,197532720,PRJNA232536,SAMN02485846,123214924,GEO,public,"fastq,run.zq,sra","gs,ncbi,s3","gs.us-east1,ncbi.public,s3.us-east-1",Columbia (Col-0),SRX398714,Wild type,GSM1297744,Illumina Genome Analyzer IIx,SINGLE,cDNA,TRANSCRIPTOMIC,Arabidopsis thaliana,ILLUMINA,2014-11-21T00:00:00Z,2013-12-24T15:24:00Z,1,GSM1297744,aerial shoots_Hpa Emoy2_3 dpi,SRP034715,aerial shoots,5' end of the read,ACTGT,Hyaloperonospora arabidopsidis (Hpa) Emoy2,3 dpi
SRR1058171,3 weeks,RNA-Seq,80,166738640,PRJNA232536,SAMN02485849,103799797,GEO,public,"fastq,run.zq,sra","gs,ncbi,s3","gs.us-east1,ncbi.public,s3.us-east-1",Columbia (Col-0),SRX398715,Wild type,GSM1297745,Illumina Genome Analyzer IIx,SINGLE,cDNA,TRANSCRIPTOMIC,Arabidopsis thaliana,ILLUMINA,2014-11-21T00:00:00Z,2013-12-24T15:24:00Z,1,GSM1297745,aerial shoots_Hpa Emoy2_3 dpi,SRP034715,aerial shoots,5' end of the read,TTGCGCT,Hyaloperonospora arabidopsidis (Hpa) Emoy2,3 dpi
SRR1058172,3 weeks,RNA-Seq,80,193812640,PRJNA232536,SAMN02485850,121908119,GEO,public,"fastq,run.zq,sra","gs,ncbi,s3","gs.us-east1,ncbi.public,s3.us-east-1",Columbia (Col-0),SRX398716,Wild type,GSM1297746,Illumina Genome Analyzer IIx,SINGLE,cDNA,TRANSCRIPTOMIC,Arabidopsis thaliana,ILLUMINA,2014-11-21T00:00:00Z,2013-12-24T15:24:00Z,1,GSM1297746,aerial shoots_Hpa Emoy2_3 dpi,SRP034715,aerial shoots,5' end of the read,ACTGT,Hyaloperonospora arabidopsidis (Hpa) Emoy2,3 dpi
SRR1058173,3 weeks,RNA-Seq,80,163690240,PRJNA232536,SAMN02485851,102550713,GEO,public,"fastq,run.zq,sra","gs,ncbi,s3","gs.us-east1,ncbi.public,s3.us-east-1",Columbia (Col-0),SRX398717,Wild type,GSM1297747,Illumina Genome Analyzer IIx,SINGLE,cDNA,TRANSCRIPTOMIC,Arabidopsis thaliana,ILLUMINA,2014-11-21T00:00:00Z,2013-12-24T15:24:00Z,1,GSM1297747,aerial shoots_Hpa Emoy2_3 dpi,SRP034715,aerial shoots,5' end of the read,TTGCGCT,Hyaloperonospora arabidopsidis (Hpa) Emoy2,3 dpi
SRR1058174,3 weeks,RNA-Seq,80,99228000,PRJNA232536,SAMN02485852,63712583,GEO,public,"fastq,run.zq,sra","gs,ncbi,s3","gs.us-east1,ncbi.public,s3.us-east-1",Columbia (Col-0),SRX398718,Wild type,GSM1297748,Illumina Genome Analyzer IIx,SINGLE,cDNA,TRANSCRIPTOMIC,Arabidopsis thaliana,ILLUMINA,2014-11-21T00:00:00Z,2013-12-24T15:24:00Z,1,GSM1297748,aerial shoots_Hpa Emoy2_3 dpi,SRP034715,aerial shoots,5' end of the read,ACTGT,Hyaloperonospora arabidopsidis (Hpa) Emoy2,3 dpi
SRR1058175,3 weeks,RNA-Seq,80,74990880,PRJNA232536,SAMN02485858,48613775,GEO,public,"fastq,run.zq,sra","gs,ncbi,s3","gs.us-east1,ncbi.public,s3.us-east-1",Columbia (Col-0),SRX398719,Wild type,GSM1297749,Illumina Genome Analyzer IIx,SINGLE,cDNA,TRANSCRIPTOMIC,Arabidopsis thaliana,ILLUMINA,2014-11-21T00:00:00Z,2013-12-24T15:24:00Z,1,GSM1297749,aerial shoots_Hpa Emoy2_3 dpi,SRP034715,aerial shoots,5' end of the read,TTGCGCT,Hyaloperonospora arabidopsidis (Hpa) Emoy2,3 dpi
SRR1058176,3 weeks,RNA-Seq,80,99515120,PRJNA232536,SAMN02485862,64232585,GEO,public,"fastq,run.zq,sra","gs,ncbi,s3","gs.us-east1,ncbi.public,s3.us-east-1",Columbia (Col-0),SRX398720,Wild type,GSM1297750,Illumina Genome Analyzer IIx,SINGLE,cDNA,TRANSCRIPTOMIC,Arabidopsis thaliana,ILLUMINA,2014-11-21T00:00:00Z,2013-12-24T15:24:00Z,1,GSM1297750,aerial shoots_Hpa Emoy2_3 dpi,SRP034715,aerial shoots,5' end of the read,ACTGT,Hyaloperonospora arabidopsidis (Hpa) Emoy2,3 dpi
SRR1058177,3 weeks,RNA-Seq,80,75570080,PRJNA232536,SAMN02485861,49356750,GEO,public,"fastq,run.zq,sra","gs,ncbi,s3","gs.us-east1,ncbi.public,s3.us-east-1",Columbia (Col-0),SRX398721,Wild type,GSM1297751,Illumina Genome Analyzer IIx,SINGLE,cDNA,TRANSCRIPTOMIC,Arabidopsis thaliana,ILLUMINA,2014-11-21T00:00:00Z,2013-12-24T15:24:00Z,1,GSM1297751,aerial shoots_Hpa Emoy2_3 dpi,SRP034715,aerial shoots,5' end of the read,TTGCGCT,Hyaloperonospora arabidopsidis (Hpa) Emoy2,3 dpi
SRR1058178,3 weeks,RNA-Seq,80,153862720,PRJNA232536,SAMN02485864,95263426,GEO,public,"fastq,run.zq,sra","gs,ncbi,s3","gs.us-east1,ncbi.public,s3.us-east-1",Columbia (Col-0),SRX398722,Wild type,GSM1297752,Illumina Genome Analyzer IIx,SINGLE,cDNA,TRANSCRIPTOMIC,Arabidopsis thaliana,ILLUMINA,2014-11-21T00:00:00Z,2013-12-24T15:24:00Z,1,GSM1297752,aerial shoots_Hpa Emoy2_3 dpi,SRP034715,aerial shoots,5' end of the read,ACTGT,Hyaloperonospora arabidopsidis (Hpa) Emoy2,3 dpi
SRR1058179,3 weeks,RNA-Seq,80,117832960,PRJNA232536,SAMN02485865,73021235,GEO,public,"fastq,run.zq,sra","gs,ncbi,s3","gs.us-east1,ncbi.public,s3.us-east-1",Columbia (Col-0),SRX398723,Wild type,GSM1297753,Illumina Genome Analyzer IIx,SINGLE,cDNA,TRANSCRIPTOMIC,Arabidopsis thaliana,ILLUMINA,2014-11-21T00:00:00Z,2013-12-24T15:24:00Z,1,GSM1297753,aerial shoots_Hpa Emoy2_3 dpi,SRP034715,aerial shoots,5' end of the read,TTGCGCT,Hyaloperonospora arabidopsidis (Hpa) Emoy2,3 dpi
SRR1058180,3 weeks,RNA-Seq,80,152043040,PRJNA232536,SAMN02485881,91628597,GEO,public,"fastq,run.zq,sra","gs,ncbi,s3","gs.us-east1,ncbi.public,s3.us-east-1",Columbia (Col-0),SRX398724,Wild type,GSM1297754,Illumina Genome Analyzer IIx,SINGLE,cDNA,TRANSCRIPTOMIC,Arabidopsis thaliana,ILLUMINA,2014-11-21T00:00:00Z,2013-12-24T15:25:00Z,1,GSM1297754,aerial shoots_Hpa Emoy2_3 dpi,SRP034715,aerial shoots,5' end of the read,ACTGT,Hyaloperonospora arabidopsidis (Hpa) Emoy2,3 dpi
SRR1058181,3 weeks,RNA-Seq,80,117021520,PRJNA232536,SAMN02485884,70610959,GEO,public,"fastq,run.zq,sra","gs,ncbi,s3","gs.us-east1,ncbi.public,s3.us-east-1",Columbia (Col-0),SRX398725,Wild type,GSM1297755,Illumina Genome Analyzer IIx,SINGLE,cDNA,TRANSCRIPTOMIC,Arabidopsis thaliana,ILLUMINA,2014-11-21T00:00:00Z,2013-12-24T15:25:00Z,1,GSM1297755,aerial shoots_Hpa Emoy2_3 dpi,SRP034715,aerial shoots,5' end of the read,TTGCGCT,Hyaloperonospora arabidopsidis (Hpa) Emoy2,3 dpi
SRR1058182,3 weeks,RNA-Seq,80,34092400,PRJNA232536,SAMN02485868,23003290,GEO,public,"fastq,run.zq,sra","gs,ncbi,s3","gs.us-east1,ncbi.public,s3.us-east-1",Columbia (Col-0),SRX398726,Wild type,GSM1297756,Illumina Genome Analyzer IIx,SINGLE,cDNA,TRANSCRIPTOMIC,Arabidopsis thaliana,ILLUMINA,2014-11-21T00:00:00Z,2013-12-24T15:25:00Z,1,GSM1297756,aerial shoots_Hpa Emoy2_5 dpi,SRP034715,aerial shoots,5' end of the read,ATCCT,Hyaloperonospora arabidopsidis (Hpa) Emoy2,5 dpi
SRR1058183,3 weeks,RNA-Seq,80,66562240,PRJNA232536,SAMN02485867,44682765,GEO,public,"fastq,run.zq,sra","gs,ncbi,s3","gs.us-east1,ncbi.public,s3.us-east-1",Columbia (Col-0),SRX398727,Wild type,GSM1297757,Illumina Genome Analyzer IIx,SINGLE,cDNA,TRANSCRIPTOMIC,Arabidopsis thaliana,ILLUMINA,2014-11-21T00:00:00Z,2013-12-24T15:25:00Z,1,GSM1297757,aerial shoots_Hpa Emoy2_5 dpi,SRP034715,aerial shoots,5' end of the read,AACAGAGT,Hyaloperonospora arabidopsidis (Hpa) Emoy2,5 dpi
SRR1058184,3 weeks,RNA-Seq,80,64296640,PRJNA232536,SAMN02485869,42586704,GEO,public,"fastq,run.zq,sra","gs,ncbi,s3","gs.us-east1,ncbi.public,s3.us-east-1",Columbia (Col-0),SRX398728,Wild type,GSM1297758,Illumina Genome Analyzer IIx,SINGLE,cDNA,TRANSCRIPTOMIC,Arabidopsis thaliana,ILLUMINA,2014-11-21T00:00:00Z,2013-12-24T15:25:00Z,1,GSM1297758,aerial shoots_Hpa Emoy2_5 dpi,SRP034715,aerial shoots,5' end of the read,ATCCT,Hyaloperonospora arabidopsidis (Hpa) Emoy2,5 dpi
SRR1058185,3 weeks,RNA-Seq,80,124398000,PRJNA232536,SAMN02485873,81803612,GEO,public,"fastq,run.zq,sra","gs,ncbi,s3","gs.us-east1,ncbi.public,s3.us-east-1",Columbia (Col-0),SRX398729,Wild type,GSM1297759,Illumina Genome Analyzer IIx,SINGLE,cDNA,TRANSCRIPTOMIC,Arabidopsis thaliana,ILLUMINA,2014-11-21T00:00:00Z,2013-12-24T15:25:00Z,1,GSM1297759,aerial shoots_Hpa Emoy2_5 dpi,SRP034715,aerial shoots,5' end of the read,AACAGAGT,Hyaloperonospora arabidopsidis (Hpa) Emoy2,5 dpi
SRR1058186,3 weeks,RNA-Seq,80,118167760,PRJNA232536,SAMN02485876,72887176,GEO,public,"fastq,run.zq,sra","gs,ncbi,s3","gs.us-east1,ncbi.public,s3.us-east-1",Columbia (Col-0),SRX398730,Wild type,GSM1297760,Illumina Genome Analyzer IIx,SINGLE,cDNA,TRANSCRIPTOMIC,Arabidopsis thaliana,ILLUMINA,2014-11-21T00:00:00Z,2013-12-24T15:25:00Z,1,GSM1297760,aerial shoots_Hpa Emoy2_5 dpi,SRP034715,aerial shoots,5' end of the read,ATCCT,Hyaloperonospora arabidopsidis (Hpa) Emoy2,5 dpi
SRR1058187,3 weeks,RNA-Seq,80,226775680,PRJNA232536,SAMN02485877,139585169,GEO,public,"fastq,run.zq,sra","gs,ncbi,s3","gs.us-east1,ncbi.public,s3.us-east-1",Columbia (Col-0),SRX398731,Wild type,GSM1297761,Illumina Genome Analyzer IIx,SINGLE,cDNA,TRANSCRIPTOMIC,Arabidopsis thaliana,ILLUMINA,2014-11-21T00:00:00Z,2013-12-24T15:25:00Z,1,GSM1297761,aerial shoots_Hpa Emoy2_5 dpi,SRP034715,aerial shoots,5' end of the read,AACAGAGT,Hyaloperonospora arabidopsidis (Hpa) Emoy2,5 dpi
SRR1058188,3 weeks,RNA-Seq,80,122056400,PRJNA232536,SAMN02485880,74692117,GEO,public,"fastq,run.zq,sra","gs,ncbi,s3","gs.us-east1,ncbi.public,s3.us-east-1",Columbia (Col-0),SRX398732,Wild type,GSM1297762,Illumina Genome Analyzer IIx,SINGLE,cDNA,TRANSCRIPTOMIC,Arabidopsis thaliana,ILLUMINA,2014-11-21T00:00:00Z,2013-12-24T15:25:00Z,1,GSM1297762,aerial shoots_Hpa Emoy2_5 dpi,SRP034715,aerial shoots,5' end of the read,ATCCT,Hyaloperonospora arabidopsidis (Hpa) Emoy2,5 dpi
SRR1058189,3 weeks,RNA-Seq,80,234246080,PRJNA232536,SAMN02485885,143163347,GEO,public,"fastq,run.zq,sra","gs,ncbi,s3","gs.us-east1,ncbi.public,s3.us-east-1",Columbia (Col-0),SRX398733,Wild type,GSM1297763,Illumina Genome Analyzer IIx,SINGLE,cDNA,TRANSCRIPTOMIC,Arabidopsis thaliana,ILLUMINA,2014-11-21T00:00:00Z,2013-12-24T15:25:00Z,1,GSM1297763,aerial shoots_Hpa Emoy2_5 dpi,SRP034715,aerial shoots,5' end of the read,AACAGAGT,Hyaloperonospora arabidopsidis (Hpa) Emoy2,5 dpi
SRR1058190,3 weeks,RNA-Seq,80,74863760,PRJNA232536,SAMN02485886,47062551,GEO,public,"fastq,run.zq,sra","gs,ncbi,s3","gs.us-east1,ncbi.public,s3.us-east-1",Columbia (Col-0),SRX398734,Wild type,GSM1297764,Illumina Genome Analyzer IIx,SINGLE,cDNA,TRANSCRIPTOMIC,Arabidopsis thaliana,ILLUMINA,2014-11-21T00:00:00Z,2013-12-24T15:25:00Z,1,GSM1297764,aerial shoots_Hpa Emoy2_5 dpi,SRP034715,aerial shoots,5' end of the read,ATCCT,Hyaloperonospora arabidopsidis (Hpa) Emoy2,5 dpi
SRR1058191,3 weeks,RNA-Seq,80,95065440,PRJNA232536,SAMN02485889,58672403,GEO,public,"fastq,run.zq,sra","gs,ncbi,s3","gs.us-east1,ncbi.public,s3.us-east-1",Columbia (Col-0),SRX398735,Wild type,GSM1297765,Illumina Genome Analyzer IIx,SINGLE,cDNA,TRANSCRIPTOMIC,Arabidopsis thaliana,ILLUMINA,2014-11-21T00:00:00Z,2013-12-24T15:25:00Z,1,GSM1297765,aerial shoots_Hpa Emoy2_5 dpi,SRP034715,aerial shoots,5' end of the read,AACAGAGT,Hyaloperonospora arabidopsidis (Hpa) Emoy2,5 dpi
SRR1058192,3 weeks,RNA-Seq,80,85853600,PRJNA232536,SAMN02485893,53318694,GEO,public,"fastq,run.zq,sra","gs,ncbi,s3","gs.us-east1,ncbi.public,s3.us-east-1",Columbia (Col-0),SRX398736,Wild type,GSM1297766,Illumina Genome Analyzer IIx,SINGLE,cDNA,TRANSCRIPTOMIC,Arabidopsis thaliana,ILLUMINA,2014-11-21T00:00:00Z,2013-12-24T15:25:00Z,1,GSM1297766,aerial shoots_Hpa Emoy2_5 dpi,SRP034715,aerial shoots,5' end of the read,ATCCT,Hyaloperonospora arabidopsidis (Hpa) Emoy2,5 dpi
SRR1058193,3 weeks,RNA-Seq,80,109675360,PRJNA232536,SAMN02485894,66633216,GEO,public,"fastq,run.zq,sra","gs,ncbi,s3","gs.us-east1,ncbi.public,s3.us-east-1",Columbia (Col-0),SRX398737,Wild type,GSM1297767,Illumina Genome Analyzer IIx,SINGLE,cDNA,TRANSCRIPTOMIC,Arabidopsis thaliana,ILLUMINA,2014-11-21T00:00:00Z,2013-12-24T15:25:00Z,1,GSM1297767,aerial shoots_Hpa Emoy2_5 dpi,SRP034715,aerial shoots,5' end of the read,AACAGAGT,Hyaloperonospora arabidopsidis (Hpa) Emoy2,5 dpi
SRR1058194,3 weeks,RNA-Seq,80,158305680,PRJNA232536,SAMN02485897,98608743,GEO,public,"fastq,run.zq,sra","gs,ncbi,s3","gs.us-east1,ncbi.public,s3.us-east-1",Columbia (Col-0),SRX398738,Wild type,GSM1297768,Illumina Genome Analyzer IIx,SINGLE,cDNA,TRANSCRIPTOMIC,Arabidopsis thaliana,ILLUMINA,2014-11-21T00:00:00Z,2013-12-24T15:25:00Z,1,GSM1297768,aerial shoots_Hpa Emoy2_5 dpi,SRP034715,aerial shoots,5' end of the read,ATCCT,Hyaloperonospora arabidopsidis (Hpa) Emoy2,5 dpi
SRR1058195,3 weeks,RNA-Seq,80,227637920,PRJNA232536,SAMN02485900,143546471,GEO,public,"fastq,run.zq,sra","gs,ncbi,s3","gs.us-east1,ncbi.public,s3.us-east-1",Columbia (Col-0),SRX398739,Wild type,GSM1297769,Illumina Genome Analyzer IIx,SINGLE,cDNA,TRANSCRIPTOMIC,Arabidopsis thaliana,ILLUMINA,2014-11-21T00:00:00Z,2013-12-24T15:25:00Z,1,GSM1297769,aerial shoots_Hpa Emoy2_5 dpi,SRP034715,aerial shoots,5' end of the read,AACAGAGT,Hyaloperonospora arabidopsidis (Hpa) Emoy2,5 dpi
SRR1058196,3 weeks,RNA-Seq,80,155536880,PRJNA232536,SAMN02485901,97773570,GEO,public,"fastq,run.zq,sra","gs,ncbi,s3","gs.us-east1,ncbi.public,s3.us-east-1",Columbia (Col-0),SRX398740,Wild type,GSM1297770,Illumina Genome Analyzer IIx,SINGLE,cDNA,TRANSCRIPTOMIC,Arabidopsis thaliana,ILLUMINA,2014-11-21T00:00:00Z,2013-12-24T15:25:00Z,1,GSM1297770,aerial shoots_Hpa Emoy2_5 dpi,SRP034715,aerial shoots,5' end of the read,ATCCT,Hyaloperonospora arabidopsidis (Hpa) Emoy2,5 dpi
SRR1058197,3 weeks,RNA-Seq,80,222263040,PRJNA232536,SAMN02485902,141546322,GEO,public,"fastq,run.zq,sra","gs,ncbi,s3","gs.us-east1,ncbi.public,s3.us-east-1",Columbia (Col-0),SRX398741,Wild type,GSM1297771,Illumina Genome Analyzer IIx,SINGLE,cDNA,TRANSCRIPTOMIC,Arabidopsis thaliana,ILLUMINA,2014-11-21T00:00:00Z,2013-12-24T15:25:00Z,1,GSM1297771,aerial shoots_Hpa Emoy2_5 dpi,SRP034715,aerial shoots,5' end of the read,AACAGAGT,Hyaloperonospora arabidopsidis (Hpa) Emoy2,5 dpi
SRR1058198,3 weeks,RNA-Seq,80,93304880,PRJNA232536,SAMN02485903,59647086,GEO,public,"fastq,run.zq,sra","gs,ncbi,s3","gs.us-east1,ncbi.public,s3.us-east-1",Columbia (Col-0),SRX398742,Wild type,GSM1297772,Illumina Genome Analyzer IIx,SINGLE,cDNA,TRANSCRIPTOMIC,Arabidopsis thaliana,ILLUMINA,2014-11-21T00:00:00Z,2013-12-24T15:25:00Z,1,GSM1297772,aerial shoots_Hpa Emoy2_5 dpi,SRP034715,aerial shoots,5' end of the read,ATCCT,Hyaloperonospora arabidopsidis (Hpa) Emoy2,5 dpi
SRR1058199,3 weeks,RNA-Seq,80,100047360,PRJNA232536,SAMN02485791,64088890,GEO,public,"fastq,run.zq,sra","gs,ncbi,s3","gs.us-east1,ncbi.public,s3.us-east-1",Columbia (Col-0),SRX398743,Wild type,GSM1297773,Illumina Genome Analyzer IIx,SINGLE,cDNA,TRANSCRIPTOMIC,Arabidopsis thaliana,ILLUMINA,2014-11-21T00:00:00Z,2013-12-24T15:25:00Z,1,GSM1297773,aerial shoots_Hpa Emoy2_5 dpi,SRP034715,aerial shoots,5' end of the read,AACAGAGT,Hyaloperonospora arabidopsidis (Hpa) Emoy2,5 dpi
SRR1058200,3 weeks,RNA-Seq,80,93957680,PRJNA232536,SAMN02485905,60362267,GEO,public,"fastq,run.zq,sra","gs,ncbi,s3","gs.us-east1,ncbi.public,s3.us-east-1",Columbia (Col-0),SRX398744,Wild type,GSM1297774,Illumina Genome Analyzer IIx,SINGLE,cDNA,TRANSCRIPTOMIC,Arabidopsis thaliana,ILLUMINA,2014-11-21T00:00:00Z,2013-12-24T15:26:00Z,1,GSM1297774,aerial shoots_Hpa Emoy2_5 dpi,SRP034715,aerial shoots,5' end of the read,ATCCT,Hyaloperonospora arabidopsidis (Hpa) Emoy2,5 dpi
SRR1058201,3 weeks,RNA-Seq,80,100802720,PRJNA232536,SAMN02485793,64917219,GEO,public,"fastq,run.zq,sra","gs,ncbi,s3","gs.us-east1,ncbi.public,s3.us-east-1",Columbia (Col-0),SRX398745,Wild type,GSM1297775,Illumina Genome Analyzer IIx,SINGLE,cDNA,TRANSCRIPTOMIC,Arabidopsis thaliana,ILLUMINA,2014-11-21T00:00:00Z,2013-12-24T15:26:00Z,1,GSM1297775,aerial shoots_Hpa Emoy2_5 dpi,SRP034715,aerial shoots,5' end of the read,AACAGAGT,Hyaloperonospora arabidopsidis (Hpa) Emoy2,5 dpi
SRR1058202,3 weeks,RNA-Seq,80,141522800,PRJNA232536,SAMN02485794,87398287,GEO,public,"fastq,run.zq,sra","gs,ncbi,s3","gs.us-east1,ncbi.public,s3.us-east-1",Columbia (Col-0),SRX398746,Wild type,GSM1297776,Illumina Genome Analyzer IIx,SINGLE,cDNA,TRANSCRIPTOMIC,Arabidopsis thaliana,ILLUMINA,2014-11-21T00:00:00Z,2013-12-24T15:26:00Z,1,GSM1297776,aerial shoots_Hpa Emoy2_5 dpi,SRP034715,aerial shoots,5' end of the read,ATCCT,Hyaloperonospora arabidopsidis (Hpa) Emoy2,5 dpi
SRR1058203,3 weeks,RNA-Seq,80,156774480,PRJNA232536,SAMN02485795,98392896,GEO,public,"fastq,run.zq,sra","gs,ncbi,s3","gs.us-east1,ncbi.public,s3.us-east-1",Columbia (Col-0),SRX398747,Wild type,GSM1297777,Illumina Genome Analyzer IIx,SINGLE,cDNA,TRANSCRIPTOMIC,Arabidopsis thaliana,ILLUMINA,2014-11-21T00:00:00Z,2013-12-24T15:27:00Z,1,GSM1297777,aerial shoots_Hpa Emoy2_5 dpi,SRP034715,aerial shoots,5' end of the read,AACAGAGT,Hyaloperonospora arabidopsidis (Hpa) Emoy2,5 dpi
SRR1058204,3 weeks,RNA-Seq,80,140165360,PRJNA232536,SAMN02485797,84193165,GEO,public,"fastq,run.zq,sra","gs,ncbi,s3","gs.us-east1,ncbi.public,s3.us-east-1",Columbia (Col-0),SRX398748,Wild type,GSM1297778,Illumina Genome Analyzer IIx,SINGLE,cDNA,TRANSCRIPTOMIC,Arabidopsis thaliana,ILLUMINA,2014-11-21T00:00:00Z,2013-12-24T15:26:00Z,1,GSM1297778,aerial shoots_Hpa Emoy2_5 dpi,SRP034715,aerial shoots,5' end of the read,ATCCT,Hyaloperonospora arabidopsidis (Hpa) Emoy2,5 dpi
SRR1058205,3 weeks,RNA-Seq,80,155477200,PRJNA232536,SAMN02485798,95000749,GEO,public,"fastq,run.zq,sra","gs,ncbi,s3","gs.us-east1,ncbi.public,s3.us-east-1",Columbia (Col-0),SRX398749,Wild type,GSM1297779,Illumina Genome Analyzer IIx,SINGLE,cDNA,TRANSCRIPTOMIC,Arabidopsis thaliana,ILLUMINA,2014-11-21T00:00:00Z,2013-12-24T15:26:00Z,1,GSM1297779,aerial shoots_Hpa Emoy2_5 dpi,SRP034715,aerial shoots,5' end of the read,AACAGAGT,Hyaloperonospora arabidopsidis (Hpa) Emoy2,5 dpi
SRR1058206,3 weeks,RNA-Seq,80,60368560,PRJNA232536,SAMN02485802,40250132,GEO,public,"fastq,run.zq,sra","gs,ncbi,s3","gs.us-east1,ncbi.public,s3.us-east-1",Columbia (Col-0),SRX398750,Wild type,GSM1297780,Illumina Genome Analyzer IIx,SINGLE,cDNA,TRANSCRIPTOMIC,Arabidopsis thaliana,ILLUMINA,2014-11-21T00:00:00Z,2013-12-24T15:26:00Z,1,GSM1297780,aerial shoots_H2O_0 dpi,SRP034715,aerial shoots,5' end of the read,AGCT,H2O,0 dpi
SRR1058207,3 weeks,RNA-Seq,80,112495520,PRJNA232536,SAMN02485803,73515024,GEO,public,"fastq,run.zq,sra","gs,ncbi,s3","gs.us-east1,ncbi.public,s3.us-east-1",Columbia (Col-0),SRX398751,Wild type,GSM1297781,Illumina Genome Analyzer IIx,SINGLE,cDNA,TRANSCRIPTOMIC,Arabidopsis thaliana,ILLUMINA,2014-11-21T00:00:00Z,2013-12-24T15:26:00Z,1,GSM1297781,aerial shoots_H2O_0 dpi,SRP034715,aerial shoots,5' end of the read,AGCT,H2O,0 dpi
SRR1058208,3 weeks,RNA-Seq,80,205657200,PRJNA232536,SAMN02485811,125563574,GEO,public,"fastq,run.zq,sra","gs,ncbi,s3","gs.us-east1,ncbi.public,s3.us-east-1",Columbia (Col-0),SRX398752,Wild type,GSM1297782,Illumina Genome Analyzer IIx,SINGLE,cDNA,TRANSCRIPTOMIC,Arabidopsis thaliana,ILLUMINA,2014-11-21T00:00:00Z,2013-12-24T15:27:00Z,1,GSM1297782,aerial shoots_H2O_0 dpi,SRP034715,aerial shoots,5' end of the read,AGCT,H2O,0 dpi
SRR1058209,3 weeks,RNA-Seq,80,210815120,PRJNA232536,SAMN02485808,127342975,GEO,public,"fastq,run.zq,sra","gs,ncbi,s3","gs.us-east1,ncbi.public,s3.us-east-1",Columbia (Col-0),SRX398753,Wild type,GSM1297783,Illumina Genome Analyzer IIx,SINGLE,cDNA,TRANSCRIPTOMIC,Arabidopsis thaliana,ILLUMINA,2014-11-21T00:00:00Z,2013-12-24T15:27:00Z,1,GSM1297783,aerial shoots_H2O_0 dpi,SRP034715,aerial shoots,5' end of the read,AGCT,H2O,0 dpi
SRR1058210,3 weeks,RNA-Seq,80,95168160,PRJNA232536,SAMN02485913,58346217,GEO,public,"fastq,run.zq,sra","gs,ncbi,s3","gs.us-east1,ncbi.public,s3.us-east-1",Columbia (Col-0),SRX398754,Wild type,GSM1297784,Illumina Genome Analyzer IIx,SINGLE,cDNA,TRANSCRIPTOMIC,Arabidopsis thaliana,ILLUMINA,2014-11-21T00:00:00Z,2013-12-24T15:26:00Z,1,GSM1297784,aerial shoots_H2O_0 dpi,SRP034715,aerial shoots,5' end of the read,AGCT,H2O,0 dpi
SRR1058211,3 weeks,RNA-Seq,80,109605920,PRJNA232536,SAMN02485912,66135404,GEO,public,"fastq,run.zq,sra","gs,ncbi,s3","gs.us-east1,ncbi.public,s3.us-east-1",Columbia (Col-0),SRX398755,Wild type,GSM1297785,Illumina Genome Analyzer IIx,SINGLE,cDNA,TRANSCRIPTOMIC,Arabidopsis thaliana,ILLUMINA,2014-11-21T00:00:00Z,2013-12-24T15:26:00Z,1,GSM1297785,aerial shoots_H2O_0 dpi,SRP034715,aerial shoots,5' end of the read,AGCT,H2O,0 dpi
SRR1058212,3 weeks,RNA-Seq,80,220165120,PRJNA232536,SAMN02485796,135891521,GEO,public,"fastq,run.zq,sra","gs,ncbi,s3","gs.us-east1,ncbi.public,s3.us-east-1",Columbia (Col-0),SRX398756,Wild type,GSM1297786,Illumina Genome Analyzer IIx,SINGLE,cDNA,TRANSCRIPTOMIC,Arabidopsis thaliana,ILLUMINA,2014-11-21T00:00:00Z,2013-12-24T15:27:00Z,1,GSM1297786,aerial shoots_H2O_0 dpi,SRP034715,aerial shoots,5' end of the read,AGCT,H2O,0 dpi
SRR1058213,3 weeks,RNA-Seq,80,216066160,PRJNA232536,SAMN02485914,134671175,GEO,public,"fastq,run.zq,sra","gs,ncbi,s3","gs.us-east1,ncbi.public,s3.us-east-1",Columbia (Col-0),SRX398757,Wild type,GSM1297787,Illumina Genome Analyzer IIx,SINGLE,cDNA,TRANSCRIPTOMIC,Arabidopsis thaliana,ILLUMINA,2014-11-21T00:00:00Z,2013-12-24T15:27:00Z,1,GSM1297787,aerial shoots_H2O_0 dpi,SRP034715,aerial shoots,5' end of the read,AGCT,H2O,0 dpi
SRR1058214,3 weeks,RNA-Seq,80,144478000,PRJNA232536,SAMN02485915,90862125,GEO,public,"fastq,run.zq,sra","gs,ncbi,s3","gs.us-east1,ncbi.public,s3.us-east-1",Columbia (Col-0),SRX398758,Wild type,GSM1297788,Illumina Genome Analyzer IIx,SINGLE,cDNA,TRANSCRIPTOMIC,Arabidopsis thaliana,ILLUMINA,2014-11-21T00:00:00Z,2013-12-24T15:27:00Z,1,GSM1297788,aerial shoots_H2O_0 dpi,SRP034715,aerial shoots,5' end of the read,AGCT,H2O,0 dpi
SRR1058215,3 weeks,RNA-Seq,80,145330240,PRJNA232536,SAMN02485916,91649201,GEO,public,"fastq,run.zq,sra","gs,ncbi,s3","gs.us-east1,ncbi.public,s3.us-east-1",Columbia (Col-0),SRX398759,Wild type,GSM1297789,Illumina Genome Analyzer IIx,SINGLE,cDNA,TRANSCRIPTOMIC,Arabidopsis thaliana,ILLUMINA,2014-11-21T00:00:00Z,2013-12-24T15:27:00Z,1,GSM1297789,aerial shoots_H2O_0 dpi,SRP034715,aerial shoots,5' end of the read,AGCT,H2O,0 dpi
SRR1058216,3 weeks,RNA-Seq,80,224493520,PRJNA232536,SAMN02485918,136940940,GEO,public,"fastq,run.zq,sra","gs,ncbi,s3","gs.us-east1,ncbi.public,s3.us-east-1",Columbia (Col-0),SRX398760,Wild type,GSM1297790,Illumina Genome Analyzer IIx,SINGLE,cDNA,TRANSCRIPTOMIC,Arabidopsis thaliana,ILLUMINA,2014-11-21T00:00:00Z,2013-12-24T15:27:00Z,1,GSM1297790,aerial shoots_H2O_0 dpi,SRP034715,aerial shoots,5' end of the read,AGCT,H2O,0 dpi
SRR1058217,3 weeks,RNA-Seq,80,221351280,PRJNA232536,SAMN02485923,131317375,GEO,public,"fastq,run.zq,sra","gs,ncbi,s3","gs.us-east1,ncbi.public,s3.us-east-1",Columbia (Col-0),SRX398761,Wild type,GSM1297791,Illumina Genome Analyzer IIx,SINGLE,cDNA,TRANSCRIPTOMIC,Arabidopsis thaliana,ILLUMINA,2014-11-21T00:00:00Z,2013-12-24T15:27:00Z,1,GSM1297791,aerial shoots_H2O_0 dpi,SRP034715,aerial shoots,5' end of the read,AGCT,H2O,0 dpi
SRR1058218,3 weeks,RNA-Seq,80,28481760,PRJNA232536,SAMN02485922,19125008,GEO,public,"fastq,run.zq,sra","gs,ncbi,s3","gs.us-east1,ncbi.public,s3.us-east-1",Columbia (Col-0),SRX398762,Wild type,GSM1297792,Illumina Genome Analyzer IIx,SINGLE,cDNA,TRANSCRIPTOMIC,Arabidopsis thaliana,ILLUMINA,2014-11-21T00:00:00Z,2013-12-24T15:26:00Z,1,GSM1297792,aerial shoots_H2O_1 dpi,SRP034715,aerial shoots,5' end of the read,TCGT,H2O,1 dpi
SRR1058219,3 weeks,RNA-Seq,80,52343200,PRJNA232536,SAMN02485925,35570596,GEO,public,"fastq,run.zq,sra","gs,ncbi,s3","gs.us-east1,ncbi.public,s3.us-east-1",Columbia (Col-0),SRX398763,Wild type,GSM1297793,Illumina Genome Analyzer IIx,SINGLE,cDNA,TRANSCRIPTOMIC,Arabidopsis thaliana,ILLUMINA,2014-11-21T00:00:00Z,2013-12-24T15:26:00Z,1,GSM1297793,aerial shoots_H2O_1 dpi,SRP034715,aerial shoots,5' end of the read,TCGT,H2O,1 dpi
SRR1058220,3 weeks,RNA-Seq,80,93990800,PRJNA232536,SAMN02485926,61159254,GEO,public,"fastq,run.zq,sra","gs,ncbi,s3","gs.us-east1,ncbi.public,s3.us-east-1",Columbia (Col-0),SRX398764,Wild type,GSM1297794,Illumina Genome Analyzer IIx,SINGLE,cDNA,TRANSCRIPTOMIC,Arabidopsis thaliana,ILLUMINA,2014-11-21T00:00:00Z,2013-12-24T15:28:00Z,1,GSM1297794,aerial shoots_H2O_1 dpi,SRP034715,aerial shoots,5' end of the read,TCGT,H2O,1 dpi
SRR1058221,3 weeks,RNA-Seq,80,99169680,PRJNA232536,SAMN02485928,63634777,GEO,public,"fastq,run.zq,sra","gs,ncbi,s3","gs.us-east1,ncbi.public,s3.us-east-1",Columbia (Col-0),SRX398765,Wild type,GSM1297795,Illumina Genome Analyzer IIx,SINGLE,cDNA,TRANSCRIPTOMIC,Arabidopsis thaliana,ILLUMINA,2014-11-21T00:00:00Z,2013-12-24T15:28:00Z,1,GSM1297795,aerial shoots_H2O_1 dpi,SRP034715,aerial shoots,5' end of the read,TCGT,H2O,1 dpi
SRR1058222,3 weeks,RNA-Seq,80,78302880,PRJNA232536,SAMN02485933,49277218,GEO,public,"fastq,run.zq,sra","gs,ncbi,s3","gs.us-east1,ncbi.public,s3.us-east-1",Columbia (Col-0),SRX398766,Wild type,GSM1297796,Illumina Genome Analyzer IIx,SINGLE,cDNA,TRANSCRIPTOMIC,Arabidopsis thaliana,ILLUMINA,2014-11-21T00:00:00Z,2013-12-24T15:28:00Z,1,GSM1297796,aerial shoots_H2O_1 dpi,SRP034715,aerial shoots,5' end of the read,TCGT,H2O,1 dpi
SRR1058223,3 weeks,RNA-Seq,80,86388240,PRJNA232536,SAMN02485921,55129684,GEO,public,"fastq,run.zq,sra","gs,ncbi,s3","gs.us-east1,ncbi.public,s3.us-east-1",Columbia (Col-0),SRX398767,Wild type,GSM1297797,Illumina Genome Analyzer IIx,SINGLE,cDNA,TRANSCRIPTOMIC,Arabidopsis thaliana,ILLUMINA,2014-11-21T00:00:00Z,2013-12-24T15:29:00Z,1,GSM1297797,aerial shoots_H2O_1 dpi,SRP034715,aerial shoots,5' end of the read,TCGT,H2O,1 dpi
SRR1058224,3 weeks,RNA-Seq,80,141584720,PRJNA232536,SAMN02485924,93026724,GEO,public,"fastq,run.zq,sra","gs,ncbi,s3","gs.us-east1,ncbi.public,s3.us-east-1",Columbia (Col-0),SRX398768,Wild type,GSM1297798,Illumina Genome Analyzer IIx,SINGLE,cDNA,TRANSCRIPTOMIC,Arabidopsis thaliana,ILLUMINA,2014-11-21T00:00:00Z,2013-12-24T15:28:00Z,1,GSM1297798,aerial shoots_H2O_1 dpi,SRP034715,aerial shoots,5' end of the read,TCGT,H2O,1 dpi
SRR1058225,3 weeks,RNA-Seq,80,137919920,PRJNA232536,SAMN02485927,91257590,GEO,public,"fastq,run.zq,sra","gs,ncbi,s3","gs.us-east1,ncbi.public,s3.us-east-1",Columbia (Col-0),SRX398769,Wild type,GSM1297799,Illumina Genome Analyzer IIx,SINGLE,cDNA,TRANSCRIPTOMIC,Arabidopsis thaliana,ILLUMINA,2014-11-21T00:00:00Z,2013-12-24T15:28:00Z,1,GSM1297799,aerial shoots_H2O_1 dpi,SRP034715,aerial shoots,5' end of the read,TCGT,H2O,1 dpi
SRR1058226,3 weeks,RNA-Seq,80,109823520,PRJNA232536,SAMN02485929,70827999,GEO,public,"fastq,run.zq,sra","gs,ncbi,s3","gs.us-east1,ncbi.public,s3.us-east-1",Columbia (Col-0),SRX398770,Wild type,GSM1297800,Illumina Genome Analyzer IIx,SINGLE,cDNA,TRANSCRIPTOMIC,Arabidopsis thaliana,ILLUMINA,2014-11-21T00:00:00Z,2013-12-24T15:28:00Z,1,GSM1297800,aerial shoots_H2O_1 dpi,SRP034715,aerial shoots,5' end of the read,TCGT,H2O,1 dpi
SRR1058227,3 weeks,RNA-Seq,80,111489600,PRJNA232536,SAMN02485937,72620093,GEO,public,"fastq,run.zq,sra","gs,ncbi,s3","gs.us-east1,ncbi.public,s3.us-east-1",Columbia (Col-0),SRX398771,Wild type,GSM1297801,Illumina Genome Analyzer IIx,SINGLE,cDNA,TRANSCRIPTOMIC,Arabidopsis thaliana,ILLUMINA,2014-11-21T00:00:00Z,2013-12-24T15:28:00Z,1,GSM1297801,aerial shoots_H2O_1 dpi,SRP034715,aerial shoots,5' end of the read,TCGT,H2O,1 dpi
SRR1058228,3 weeks,RNA-Seq,80,151663840,PRJNA232536,SAMN02485938,99275034,GEO,public,"fastq,run.zq,sra","gs,ncbi,s3","gs.us-east1,ncbi.public,s3.us-east-1",Columbia (Col-0),SRX398772,Wild type,GSM1297802,Illumina Genome Analyzer IIx,SINGLE,cDNA,TRANSCRIPTOMIC,Arabidopsis thaliana,ILLUMINA,2014-11-21T00:00:00Z,2013-12-24T15:29:00Z,1,GSM1297802,aerial shoots_H2O_1 dpi,SRP034715,aerial shoots,5' end of the read,TCGT,H2O,1 dpi
SRR1058229,3 weeks,RNA-Seq,80,151716560,PRJNA232536,SAMN02485931,96950519,GEO,public,"fastq,run.zq,sra","gs,ncbi,s3","gs.us-east1,ncbi.public,s3.us-east-1",Columbia (Col-0),SRX398773,Wild type,GSM1297803,Illumina Genome Analyzer IIx,SINGLE,cDNA,TRANSCRIPTOMIC,Arabidopsis thaliana,ILLUMINA,2014-11-21T00:00:00Z,2013-12-24T15:28:00Z,1,GSM1297803,aerial shoots_H2O_1 dpi,SRP034715,aerial shoots,5' end of the read,TCGT,H2O,1 dpi
SRR1058230,3 weeks,RNA-Seq,80,54803120,PRJNA232536,SAMN02485930,36653477,GEO,public,"fastq,run.zq,sra","gs,ncbi,s3","gs.us-east1,ncbi.public,s3.us-east-1",Columbia (Col-0),SRX398774,Wild type,GSM1297804,Illumina Genome Analyzer IIx,SINGLE,cDNA,TRANSCRIPTOMIC,Arabidopsis thaliana,ILLUMINA,2014-11-21T00:00:00Z,2013-12-24T15:28:00Z,1,GSM1297804,aerial shoots_H2O_3 dpi,SRP034715,aerial shoots,5' end of the read,CGGT,H2O,3 dpi
SRR1058231,3 weeks,RNA-Seq,80,101567760,PRJNA232536,SAMN02485932,67171968,GEO,public,"fastq,run.zq,sra","gs,ncbi,s3","gs.us-east1,ncbi.public,s3.us-east-1",Columbia (Col-0),SRX398775,Wild type,GSM1297805,Illumina Genome Analyzer IIx,SINGLE,cDNA,TRANSCRIPTOMIC,Arabidopsis thaliana,ILLUMINA,2014-11-21T00:00:00Z,2013-12-24T15:28:00Z,1,GSM1297805,aerial shoots_H2O_3 dpi,SRP034715,aerial shoots,5' end of the read,CGGT,H2O,3 dpi
SRR1058232,3 weeks,RNA-Seq,80,182733280,PRJNA232536,SAMN02485934,112934528,GEO,public,"fastq,run.zq,sra","gs,ncbi,s3","gs.us-east1,ncbi.public,s3.us-east-1",Columbia (Col-0),SRX398776,Wild type,GSM1297806,Illumina Genome Analyzer IIx,SINGLE,cDNA,TRANSCRIPTOMIC,Arabidopsis thaliana,ILLUMINA,2014-11-21T00:00:00Z,2013-12-24T15:29:00Z,1,GSM1297806,aerial shoots_H2O_3 dpi,SRP034715,aerial shoots,5' end of the read,CGGT,H2O,3 dpi
SRR1058233,3 weeks,RNA-Seq,80,188963040,PRJNA232536,SAMN02485936,115250690,GEO,public,"fastq,run.zq,sra","gs,ncbi,s3","gs.us-east1,ncbi.public,s3.us-east-1",Columbia (Col-0),SRX398777,Wild type,GSM1297807,Illumina Genome Analyzer IIx,SINGLE,cDNA,TRANSCRIPTOMIC,Arabidopsis thaliana,ILLUMINA,2014-11-21T00:00:00Z,2013-12-24T15:29:00Z,1,GSM1297807,aerial shoots_H2O_3 dpi,SRP034715,aerial shoots,5' end of the read,CGGT,H2O,3 dpi
SRR1058234,3 weeks,RNA-Seq,80,79499360,PRJNA232536,SAMN02485935,50342259,GEO,public,"fastq,run.zq,sra","gs,ncbi,s3","gs.us-east1,ncbi.public,s3.us-east-1",Columbia (Col-0),SRX398778,Wild type,GSM1297808,Illumina Genome Analyzer IIx,SINGLE,cDNA,TRANSCRIPTOMIC,Arabidopsis thaliana,ILLUMINA,2014-11-21T00:00:00Z,2013-12-24T15:28:00Z,1,GSM1297808,aerial shoots_H2O_3 dpi,SRP034715,aerial shoots,5' end of the read,CGGT,H2O,3 dpi
SRR1058235,3 weeks,RNA-Seq,80,91452000,PRJNA232536,SAMN02485940,57273141,GEO,public,"fastq,run.zq,sra","gs,ncbi,s3","gs.us-east1,ncbi.public,s3.us-east-1",Columbia (Col-0),SRX398779,Wild type,GSM1297809,Illumina Genome Analyzer IIx,SINGLE,cDNA,TRANSCRIPTOMIC,Arabidopsis thaliana,ILLUMINA,2014-11-21T00:00:00Z,2013-12-24T15:28:00Z,1,GSM1297809,aerial shoots_H2O_3 dpi,SRP034715,aerial shoots,5' end of the read,CGGT,H2O,3 dpi
SRR1058236,3 weeks,RNA-Seq,80,169732640,PRJNA232536,SAMN02485939,106333103,GEO,public,"fastq,run.zq,sra","gs,ncbi,s3","gs.us-east1,ncbi.public,s3.us-east-1",Columbia (Col-0),SRX398780,Wild type,GSM1297810,Illumina Genome Analyzer IIx,SINGLE,cDNA,TRANSCRIPTOMIC,Arabidopsis thaliana,ILLUMINA,2014-11-21T00:00:00Z,2013-12-24T15:31:00Z,1,GSM1297810,aerial shoots_H2O_3 dpi,SRP034715,aerial shoots,5' end of the read,CGGT,H2O,3 dpi
SRR1058237,3 weeks,RNA-Seq,80,166303920,PRJNA232536,SAMN02485943,104992811,GEO,public,"fastq,run.zq,sra","gs,ncbi,s3","gs.us-east1,ncbi.public,s3.us-east-1",Columbia (Col-0),SRX398781,Wild type,GSM1297811,Illumina Genome Analyzer IIx,SINGLE,cDNA,TRANSCRIPTOMIC,Arabidopsis thaliana,ILLUMINA,2014-11-21T00:00:00Z,2013-12-24T15:31:00Z,1,GSM1297811,aerial shoots_H2O_3 dpi,SRP034715,aerial shoots,5' end of the read,CGGT,H2O,3 dpi
SRR1058238,3 weeks,RNA-Seq,80,125217280,PRJNA232536,SAMN02485941,80646983,GEO,public,"fastq,run.zq,sra","gs,ncbi,s3","gs.us-east1,ncbi.public,s3.us-east-1",Columbia (Col-0),SRX398782,Wild type,GSM1297812,Illumina Genome Analyzer IIx,SINGLE,cDNA,TRANSCRIPTOMIC,Arabidopsis thaliana,ILLUMINA,2014-11-21T00:00:00Z,2013-12-24T15:33:00Z,1,GSM1297812,aerial shoots_H2O_3 dpi,SRP034715,aerial shoots,5' end of the read,CGGT,H2O,3 dpi
SRR1058239,3 weeks,RNA-Seq,80,126021760,PRJNA232536,SAMN02485942,81558815,GEO,public,"fastq,run.zq,sra","gs,ncbi,s3","gs.us-east1,ncbi.public,s3.us-east-1",Columbia (Col-0),SRX398783,Wild type,GSM1297813,Illumina Genome Analyzer IIx,SINGLE,cDNA,TRANSCRIPTOMIC,Arabidopsis thaliana,ILLUMINA,2014-11-21T00:00:00Z,2013-12-24T15:33:00Z,1,GSM1297813,aerial shoots_H2O_3 dpi,SRP034715,aerial shoots,5' end of the read,CGGT,H2O,3 dpi
SRR1058240,3 weeks,RNA-Seq,80,191350320,PRJNA232536,SAMN02485946,118780762,GEO,public,"fastq,run.zq,sra","gs,ncbi,s3","gs.us-east1,ncbi.public,s3.us-east-1",Columbia (Col-0),SRX398784,Wild type,GSM1297814,Illumina Genome Analyzer IIx,SINGLE,cDNA,TRANSCRIPTOMIC,Arabidopsis thaliana,ILLUMINA,2014-11-21T00:00:00Z,2013-12-24T15:33:00Z,1,GSM1297814,aerial shoots_H2O_3 dpi,SRP034715,aerial shoots,5' end of the read,CGGT,H2O,3 dpi
SRR1058241,3 weeks,RNA-Seq,80,188958560,PRJNA232536,SAMN02485947,114301472,GEO,public,"fastq,run.zq,sra","gs,ncbi,s3","gs.us-east1,ncbi.public,s3.us-east-1",Columbia (Col-0),SRX398785,Wild type,GSM1297815,Illumina Genome Analyzer IIx,SINGLE,cDNA,TRANSCRIPTOMIC,Arabidopsis thaliana,ILLUMINA,2014-11-21T00:00:00Z,2013-12-24T15:33:00Z,1,GSM1297815,aerial shoots_H2O_3 dpi,SRP034715,aerial shoots,5' end of the read,CGGT,H2O,3 dpi
SRR1058242,3 weeks,RNA-Seq,80,47885840,PRJNA232536,SAMN02485948,32256409,GEO,public,"fastq,run.zq,sra","gs,ncbi,s3","gs.us-east1,ncbi.public,s3.us-east-1",Columbia (Col-0),SRX398786,Wild type,GSM1297816,Illumina Genome Analyzer IIx,SINGLE,cDNA,TRANSCRIPTOMIC,Arabidopsis thaliana,ILLUMINA,2014-11-21T00:00:00Z,2013-12-24T15:33:00Z,1,GSM1297816,aerial shoots_H2O_5 dpi,SRP034715,aerial shoots,5' end of the read,GCAT,H2O,5 dpi
SRR1058243,3 weeks,RNA-Seq,80,89570080,PRJNA232536,SAMN02485945,59284140,GEO,public,"fastq,run.zq,sra","gs,ncbi,s3","gs.us-east1,ncbi.public,s3.us-east-1",Columbia (Col-0),SRX398787,Wild type,GSM1297817,Illumina Genome Analyzer IIx,SINGLE,cDNA,TRANSCRIPTOMIC,Arabidopsis thaliana,ILLUMINA,2014-11-21T00:00:00Z,2013-12-24T15:33:00Z,1,GSM1297817,aerial shoots_H2O_5 dpi,SRP034715,aerial shoots,5' end of the read,GCAT,H2O,5 dpi
SRR1058244,3 weeks,RNA-Seq,80,168767360,PRJNA232536,SAMN02485944,104393292,GEO,public,"fastq,run.zq,sra","gs,ncbi,s3","gs.us-east1,ncbi.public,s3.us-east-1",Columbia (Col-0),SRX398788,Wild type,GSM1297818,Illumina Genome Analyzer IIx,SINGLE,cDNA,TRANSCRIPTOMIC,Arabidopsis thaliana,ILLUMINA,2014-11-21T00:00:00Z,2013-12-24T15:33:00Z,1,GSM1297818,aerial shoots_H2O_5 dpi,SRP034715,aerial shoots,5' end of the read,GCAT,H2O,5 dpi
SRR1058245,3 weeks,RNA-Seq,80,173268800,PRJNA232536,SAMN02485949,106018741,GEO,public,"fastq,run.zq,sra","gs,ncbi,s3","gs.us-east1,ncbi.public,s3.us-east-1",Columbia (Col-0),SRX398789,Wild type,GSM1297819,Illumina Genome Analyzer IIx,SINGLE,cDNA,TRANSCRIPTOMIC,Arabidopsis thaliana,ILLUMINA,2014-11-21T00:00:00Z,2013-12-24T15:33:00Z,1,GSM1297819,aerial shoots_H2O_5 dpi,SRP034715,aerial shoots,5' end of the read,GCAT,H2O,5 dpi
SRR1058246,3 weeks,RNA-Seq,80,95914640,PRJNA232536,SAMN02485950,60296363,GEO,public,"fastq,run.zq,sra","gs,ncbi,s3","gs.us-east1,ncbi.public,s3.us-east-1",Columbia (Col-0),SRX398790,Wild type,GSM1297820,Illumina Genome Analyzer IIx,SINGLE,cDNA,TRANSCRIPTOMIC,Arabidopsis thaliana,ILLUMINA,2014-11-21T00:00:00Z,2013-12-24T15:33:00Z,1,GSM1297820,aerial shoots_H2O_5 dpi,SRP034715,aerial shoots,5' end of the read,GCAT,H2O,5 dpi
SRR1058247,3 weeks,RNA-Seq,80,110456400,PRJNA232536,SAMN02485951,68634091,GEO,public,"fastq,run.zq,sra","gs,ncbi,s3","gs.us-east1,ncbi.public,s3.us-east-1",Columbia (Col-0),SRX398791,Wild type,GSM1297821,Illumina Genome Analyzer IIx,SINGLE,cDNA,TRANSCRIPTOMIC,Arabidopsis thaliana,ILLUMINA,2014-11-21T00:00:00Z,2013-12-24T15:33:00Z,1,GSM1297821,aerial shoots_H2O_5 dpi,SRP034715,aerial shoots,5' end of the read,GCAT,H2O,5 dpi
SRR1058248,3 weeks,RNA-Seq,80,222782880,PRJNA232536,SAMN02485954,139734581,GEO,public,"fastq,run.zq,sra","gs,ncbi,s3","gs.us-east1,ncbi.public,s3.us-east-1",Columbia (Col-0),SRX398792,Wild type,GSM1297822,Illumina Genome Analyzer IIx,SINGLE,cDNA,TRANSCRIPTOMIC,Arabidopsis thaliana,ILLUMINA,2014-11-21T00:00:00Z,2013-12-24T15:33:00Z,1,GSM1297822,aerial shoots_H2O_5 dpi,SRP034715,aerial shoots,5' end of the read,GCAT,H2O,5 dpi
SRR1058249,3 weeks,RNA-Seq,80,217787120,PRJNA232536,SAMN02485952,137714119,GEO,public,"fastq,run.zq,sra","gs,ncbi,s3","gs.us-east1,ncbi.public,s3.us-east-1",Columbia (Col-0),SRX398793,Wild type,GSM1297823,Illumina Genome Analyzer IIx,SINGLE,cDNA,TRANSCRIPTOMIC,Arabidopsis thaliana,ILLUMINA,2014-11-21T00:00:00Z,2013-12-24T15:33:00Z,1,GSM1297823,aerial shoots_H2O_5 dpi,SRP034715,aerial shoots,5' end of the read,GCAT,H2O,5 dpi
SRR1058250,3 weeks,RNA-Seq,80,129377040,PRJNA232536,SAMN02485953,83126573,GEO,public,"fastq,run.zq,sra","gs,ncbi,s3","gs.us-east1,ncbi.public,s3.us-east-1",Columbia (Col-0),SRX398794,Wild type,GSM1297824,Illumina Genome Analyzer IIx,SINGLE,cDNA,TRANSCRIPTOMIC,Arabidopsis thaliana,ILLUMINA,2014-11-21T00:00:00Z,2013-12-24T15:33:00Z,1,GSM1297824,aerial shoots_H2O_5 dpi,SRP034715,aerial shoots,5' end of the read,GCAT,H2O,5 dpi
SRR1058251,3 weeks,RNA-Seq,80,130391120,PRJNA232536,SAMN02485955,84220327,GEO,public,"fastq,run.zq,sra","gs,ncbi,s3","gs.us-east1,ncbi.public,s3.us-east-1",Columbia (Col-0),SRX398795,Wild type,GSM1297825,Illumina Genome Analyzer IIx,SINGLE,cDNA,TRANSCRIPTOMIC,Arabidopsis thaliana,ILLUMINA,2014-11-21T00:00:00Z,2013-12-24T15:33:00Z,1,GSM1297825,aerial shoots_H2O_5 dpi,SRP034715,aerial shoots,5' end of the read,GCAT,H2O,5 dpi
SRR1058252,3 weeks,RNA-Seq,80,202061200,PRJNA232536,SAMN02485958,125286446,GEO,public,"fastq,run.zq,sra","gs,ncbi,s3","gs.us-east1,ncbi.public,s3.us-east-1",Columbia (Col-0),SRX398796,Wild type,GSM1297826,Illumina Genome Analyzer IIx,SINGLE,cDNA,TRANSCRIPTOMIC,Arabidopsis thaliana,ILLUMINA,2014-11-21T00:00:00Z,2013-12-24T15:33:00Z,1,GSM1297826,aerial shoots_H2O_5 dpi,SRP034715,aerial shoots,5' end of the read,GCAT,H2O,5 dpi
SRR1058253,3 weeks,RNA-Seq,80,199702800,PRJNA232536,SAMN02485960,120568707,GEO,public,"fastq,run.zq,sra","gs,ncbi,s3","gs.us-east1,ncbi.public,s3.us-east-1",Columbia (Col-0),SRX398797,Wild type,GSM1297827,Illumina Genome Analyzer IIx,SINGLE,cDNA,TRANSCRIPTOMIC,Arabidopsis thaliana,ILLUMINA,2014-11-21T00:00:00Z,2013-12-24T15:33:00Z,1,GSM1297827,aerial shoots_H2O_5 dpi,SRP034715,aerial shoots,5' end of the read,GCAT,H2O,5 dpi
SRR1058254,3 weeks,RNA-Seq,80,42807760,PRJNA232536,SAMN02485956,29617496,GEO,public,"fastq,run.zq,sra","gs,ncbi,s3","gs.us-east1,ncbi.public,s3.us-east-1",Columbia (Col-0),SRX398798,Wild type,GSM1297828,Illumina Genome Analyzer IIx,SINGLE,cDNA,TRANSCRIPTOMIC,Arabidopsis thaliana,ILLUMINA,2014-11-21T00:00:00Z,2013-12-24T15:33:00Z,1,GSM1297828,aerial shoots_Hpa Waco9_0 dpi,SRP034715,aerial shoots,5' end of the read,TTGGAT,Hyaloperonospora arabidopsidis (Hpa) Waco9,0 dpi
SRR1058255,3 weeks,RNA-Seq,80,81760720,PRJNA232536,SAMN02485957,55949774,GEO,public,"fastq,run.zq,sra","gs,ncbi,s3","gs.us-east1,ncbi.public,s3.us-east-1",Columbia (Col-0),SRX398799,Wild type,GSM1297829,Illumina Genome Analyzer IIx,SINGLE,cDNA,TRANSCRIPTOMIC,Arabidopsis thaliana,ILLUMINA,2014-11-21T00:00:00Z,2013-12-24T15:33:00Z,1,GSM1297829,aerial shoots_Hpa Waco9_0 dpi,SRP034715,aerial shoots,5' end of the read,TTGGAT,Hyaloperonospora arabidopsidis (Hpa) Waco9,0 dpi
SRR1058256,3 weeks,RNA-Seq,80,157465360,PRJNA232536,SAMN02485963,101452588,GEO,public,"fastq,run.zq,sra","gs,ncbi,s3","gs.us-east1,ncbi.public,s3.us-east-1",Columbia (Col-0),SRX398800,Wild type,GSM1297830,Illumina Genome Analyzer IIx,SINGLE,cDNA,TRANSCRIPTOMIC,Arabidopsis thaliana,ILLUMINA,2014-11-21T00:00:00Z,2013-12-24T15:33:00Z,1,GSM1297830,aerial shoots_Hpa Waco9_0 dpi,SRP034715,aerial shoots,5' end of the read,TTGGAT,Hyaloperonospora arabidopsidis (Hpa) Waco9,0 dpi
SRR1058257,3 weeks,RNA-Seq,80,163077760,PRJNA232536,SAMN02485962,105071908,GEO,public,"fastq,run.zq,sra","gs,ncbi,s3","gs.us-east1,ncbi.public,s3.us-east-1",Columbia (Col-0),SRX398801,Wild type,GSM1297831,Illumina Genome Analyzer IIx,SINGLE,cDNA,TRANSCRIPTOMIC,Arabidopsis thaliana,ILLUMINA,2014-11-21T00:00:00Z,2013-12-24T15:35:00Z,1,GSM1297831,aerial shoots_Hpa Waco9_0 dpi,SRP034715,aerial shoots,5' end of the read,TTGGAT,Hyaloperonospora arabidopsidis (Hpa) Waco9,0 dpi
SRR1058258,3 weeks,RNA-Seq,80,107676000,PRJNA232536,SAMN02485959,68964176,GEO,public,"fastq,run.zq,sra","gs,ncbi,s3","gs.us-east1,ncbi.public,s3.us-east-1",Columbia (Col-0),SRX398802,Wild type,GSM1297832,Illumina Genome Analyzer IIx,SINGLE,cDNA,TRANSCRIPTOMIC,Arabidopsis thaliana,ILLUMINA,2014-11-21T00:00:00Z,2013-12-24T15:35:00Z,1,GSM1297832,aerial shoots_Hpa Waco9_0 dpi,SRP034715,aerial shoots,5' end of the read,TTGGAT,Hyaloperonospora arabidopsidis (Hpa) Waco9,0 dpi
SRR1058259,3 weeks,RNA-Seq,80,124971680,PRJNA232536,SAMN02485961,79270755,GEO,public,"fastq,run.zq,sra","gs,ncbi,s3","gs.us-east1,ncbi.public,s3.us-east-1",Columbia (Col-0),SRX398803,Wild type,GSM1297833,Illumina Genome Analyzer IIx,SINGLE,cDNA,TRANSCRIPTOMIC,Arabidopsis thaliana,ILLUMINA,2014-11-21T00:00:00Z,2013-12-24T15:35:00Z,1,GSM1297833,aerial shoots_Hpa Waco9_0 dpi,SRP034715,aerial shoots,5' end of the read,TTGGAT,Hyaloperonospora arabidopsidis (Hpa) Waco9,0 dpi
SRR1058260,3 weeks,RNA-Seq,80,235975840,PRJNA232536,SAMN02485965,152855263,GEO,public,"fastq,run.zq,sra","gs,ncbi,s3","gs.us-east1,ncbi.public,s3.us-east-1",Columbia (Col-0),SRX398804,Wild type,GSM1297834,Illumina Genome Analyzer IIx,SINGLE,cDNA,TRANSCRIPTOMIC,Arabidopsis thaliana,ILLUMINA,2014-11-21T00:00:00Z,2013-12-24T15:35:00Z,1,GSM1297834,aerial shoots_Hpa Waco9_0 dpi,SRP034715,aerial shoots,5' end of the read,TTGGAT,Hyaloperonospora arabidopsidis (Hpa) Waco9,0 dpi
SRR1058261,3 weeks,RNA-Seq,80,232613280,PRJNA232536,SAMN02485964,151421929,GEO,public,"fastq,run.zq,sra","gs,ncbi,s3","gs.us-east1,ncbi.public,s3.us-east-1",Columbia (Col-0),SRX398805,Wild type,GSM1297835,Illumina Genome Analyzer IIx,SINGLE,cDNA,TRANSCRIPTOMIC,Arabidopsis thaliana,ILLUMINA,2014-11-21T00:00:00Z,2013-12-24T15:35:00Z,1,GSM1297835,aerial shoots_Hpa Waco9_0 dpi,SRP034715,aerial shoots,5' end of the read,TTGGAT,Hyaloperonospora arabidopsidis (Hpa) Waco9,0 dpi
SRR1058262,3 weeks,RNA-Seq,80,108945360,PRJNA232536,SAMN02485966,72211074,GEO,public,"fastq,run.zq,sra","gs,ncbi,s3","gs.us-east1,ncbi.public,s3.us-east-1",Columbia (Col-0),SRX398806,Wild type,GSM1297836,Illumina Genome Analyzer IIx,SINGLE,cDNA,TRANSCRIPTOMIC,Arabidopsis thaliana,ILLUMINA,2014-11-21T00:00:00Z,2013-12-24T15:35:00Z,1,GSM1297836,aerial shoots_Hpa Waco9_0 dpi,SRP034715,aerial shoots,5' end of the read,TTGGAT,Hyaloperonospora arabidopsidis (Hpa) Waco9,0 dpi
SRR1058263,3 weeks,RNA-Seq,80,109248720,PRJNA232536,SAMN02485969,72945892,GEO,public,"fastq,run.zq,sra","gs,ncbi,s3","gs.us-east1,ncbi.public,s3.us-east-1",Columbia (Col-0),SRX398807,Wild type,GSM1297837,Illumina Genome Analyzer IIx,SINGLE,cDNA,TRANSCRIPTOMIC,Arabidopsis thaliana,ILLUMINA,2014-11-21T00:00:00Z,2013-12-24T15:35:00Z,1,GSM1297837,aerial shoots_Hpa Waco9_0 dpi,SRP034715,aerial shoots,5' end of the read,TTGGAT,Hyaloperonospora arabidopsidis (Hpa) Waco9,0 dpi
SRR1058264,3 weeks,RNA-Seq,80,160314000,PRJNA232536,SAMN02485970,105033673,GEO,public,"fastq,run.zq,sra","gs,ncbi,s3","gs.us-east1,ncbi.public,s3.us-east-1",Columbia (Col-0),SRX398808,Wild type,GSM1297838,Illumina Genome Analyzer IIx,SINGLE,cDNA,TRANSCRIPTOMIC,Arabidopsis thaliana,ILLUMINA,2014-11-21T00:00:00Z,2013-12-24T15:35:00Z,1,GSM1297838,aerial shoots_Hpa Waco9_0 dpi,SRP034715,aerial shoots,5' end of the read,TTGGAT,Hyaloperonospora arabidopsidis (Hpa) Waco9,0 dpi
SRR1058265,3 weeks,RNA-Seq,80,160208640,PRJNA232536,SAMN02485968,102720482,GEO,public,"fastq,run.zq,sra","gs,ncbi,s3","gs.us-east1,ncbi.public,s3.us-east-1",Columbia (Col-0),SRX398809,Wild type,GSM1297839,Illumina Genome Analyzer IIx,SINGLE,cDNA,TRANSCRIPTOMIC,Arabidopsis thaliana,ILLUMINA,2014-11-21T00:00:00Z,2013-12-24T15:35:00Z,1,GSM1297839,aerial shoots_Hpa Waco9_0 dpi,SRP034715,aerial shoots,5' end of the read,TTGGAT,Hyaloperonospora arabidopsidis (Hpa) Waco9,0 dpi
SRR1058266,3 weeks,RNA-Seq,80,56188320,PRJNA232536,SAMN02485967,37344622,GEO,public,"fastq,run.zq,sra","gs,ncbi,s3","gs.us-east1,ncbi.public,s3.us-east-1",Columbia (Col-0),SRX398810,Wild type,GSM1297840,Illumina Genome Analyzer IIx,SINGLE,cDNA,TRANSCRIPTOMIC,Arabidopsis thaliana,ILLUMINA,2014-11-21T00:00:00Z,2013-12-24T15:35:00Z,1,GSM1297840,aerial shoots_Hpa Waco9_1 dpi,SRP034715,aerial shoots,5' end of the read,CGAGAT,Hyaloperonospora arabidopsidis (Hpa) Waco9,1 dpi
SRR1058267,3 weeks,RNA-Seq,80,69252480,PRJNA232536,SAMN02485972,46729989,GEO,public,"fastq,run.zq,sra","gs,ncbi,s3","gs.us-east1,ncbi.public,s3.us-east-1",Columbia (Col-0),SRX398811,Wild type,GSM1297841,Illumina Genome Analyzer IIx,SINGLE,cDNA,TRANSCRIPTOMIC,Arabidopsis thaliana,ILLUMINA,2014-11-21T00:00:00Z,2013-12-24T15:35:00Z,1,GSM1297841,aerial shoots_Hpa Waco9_1 dpi,SRP034715,aerial shoots,5' end of the read,TGTGCGAT,Hyaloperonospora arabidopsidis (Hpa) Waco9,1 dpi
SRR1058268,3 weeks,RNA-Seq,80,103465360,PRJNA232536,SAMN02485973,67622010,GEO,public,"fastq,run.zq,sra","gs,ncbi,s3","gs.us-east1,ncbi.public,s3.us-east-1",Columbia (Col-0),SRX398812,Wild type,GSM1297842,Illumina Genome Analyzer IIx,SINGLE,cDNA,TRANSCRIPTOMIC,Arabidopsis thaliana,ILLUMINA,2014-11-21T00:00:00Z,2013-12-24T15:35:00Z,1,GSM1297842,aerial shoots_Hpa Waco9_1 dpi,SRP034715,aerial shoots,5' end of the read,CGAGAT,Hyaloperonospora arabidopsidis (Hpa) Waco9,1 dpi
SRR1058269,3 weeks,RNA-Seq,80,127464800,PRJNA232536,SAMN02485974,85072579,GEO,public,"fastq,run.zq,sra","gs,ncbi,s3","gs.us-east1,ncbi.public,s3.us-east-1",Columbia (Col-0),SRX398813,Wild type,GSM1297843,Illumina Genome Analyzer IIx,SINGLE,cDNA,TRANSCRIPTOMIC,Arabidopsis thaliana,ILLUMINA,2014-11-21T00:00:00Z,2013-12-24T15:35:00Z,1,GSM1297843,aerial shoots_Hpa Waco9_1 dpi,SRP034715,aerial shoots,5' end of the read,TGTGCGAT,Hyaloperonospora arabidopsidis (Hpa) Waco9,1 dpi
SRR1058270,3 weeks,RNA-Seq,80,195254720,PRJNA232536,SAMN02485971,119133989,GEO,public,"fastq,run.zq,sra","gs,ncbi,s3","gs.us-east1,ncbi.public,s3.us-east-1",Columbia (Col-0),SRX398814,Wild type,GSM1297844,Illumina Genome Analyzer IIx,SINGLE,cDNA,TRANSCRIPTOMIC,Arabidopsis thaliana,ILLUMINA,2014-11-21T00:00:00Z,2013-12-24T15:35:00Z,1,GSM1297844,aerial shoots_Hpa Waco9_1 dpi,SRP034715,aerial shoots,5' end of the read,CGAGAT,Hyaloperonospora arabidopsidis (Hpa) Waco9,1 dpi
SRR1058271,3 weeks,RNA-Seq,80,238724640,PRJNA232536,SAMN02485917,144927930,GEO,public,"fastq,run.zq,sra","gs,ncbi,s3","gs.us-east1,ncbi.public,s3.us-east-1",Columbia (Col-0),SRX398815,Wild type,GSM1297845,Illumina Genome Analyzer IIx,SINGLE,cDNA,TRANSCRIPTOMIC,Arabidopsis thaliana,ILLUMINA,2014-11-21T00:00:00Z,2013-12-24T15:35:00Z,1,GSM1297845,aerial shoots_Hpa Waco9_1 dpi,SRP034715,aerial shoots,5' end of the read,TGTGCGAT,Hyaloperonospora arabidopsidis (Hpa) Waco9,1 dpi
SRR1058272,3 weeks,RNA-Seq,80,200826640,PRJNA232536,SAMN02485814,121815303,GEO,public,"fastq,run.zq,sra","gs,ncbi,s3","gs.us-east1,ncbi.public,s3.us-east-1",Columbia (Col-0),SRX398816,Wild type,GSM1297846,Illumina Genome Analyzer IIx,SINGLE,cDNA,TRANSCRIPTOMIC,Arabidopsis thaliana,ILLUMINA,2014-11-21T00:00:00Z,2013-12-24T15:35:00Z,1,GSM1297846,aerial shoots_Hpa Waco9_1 dpi,SRP034715,aerial shoots,5' end of the read,CGAGAT,Hyaloperonospora arabidopsidis (Hpa) Waco9,1 dpi
SRR1058273,3 weeks,RNA-Seq,80,247901600,PRJNA232536,SAMN02485815,149099119,GEO,public,"fastq,run.zq,sra","gs,ncbi,s3","gs.us-east1,ncbi.public,s3.us-east-1",Columbia (Col-0),SRX398817,Wild type,GSM1297847,Illumina Genome Analyzer IIx,SINGLE,cDNA,TRANSCRIPTOMIC,Arabidopsis thaliana,ILLUMINA,2014-11-21T00:00:00Z,2013-12-24T15:35:00Z,1,GSM1297847,aerial shoots_Hpa Waco9_1 dpi,SRP034715,aerial shoots,5' end of the read,TGTGCGAT,Hyaloperonospora arabidopsidis (Hpa) Waco9,1 dpi
SRR1058274,3 weeks,RNA-Seq,80,89023520,PRJNA232536,SAMN02485819,54362641,GEO,public,"fastq,run.zq,sra","gs,ncbi,s3","gs.us-east1,ncbi.public,s3.us-east-1",Columbia (Col-0),SRX398818,Wild type,GSM1297848,Illumina Genome Analyzer IIx,SINGLE,cDNA,TRANSCRIPTOMIC,Arabidopsis thaliana,ILLUMINA,2014-11-21T00:00:00Z,2013-12-24T15:35:00Z,1,GSM1297848,aerial shoots_Hpa Waco9_1 dpi,SRP034715,aerial shoots,5' end of the read,CGAGAT,Hyaloperonospora arabidopsidis (Hpa) Waco9,1 dpi
SRR1058275,3 weeks,RNA-Seq,80,81210640,PRJNA232536,SAMN02485906,52618911,GEO,public,"fastq,run.zq,sra","gs,ncbi,s3","gs.us-east1,ncbi.public,s3.us-east-1",Columbia (Col-0),SRX398819,Wild type,GSM1297849,Illumina Genome Analyzer IIx,SINGLE,cDNA,TRANSCRIPTOMIC,Arabidopsis thaliana,ILLUMINA,2014-11-21T00:00:00Z,2013-12-24T15:35:00Z,1,GSM1297849,aerial shoots_Hpa Waco9_1 dpi,SRP034715,aerial shoots,5' end of the read,TGTGCGAT,Hyaloperonospora arabidopsidis (Hpa) Waco9,1 dpi
SRR1058276,3 weeks,RNA-Seq,80,103100320,PRJNA232536,SAMN02485907,62067558,GEO,public,"fastq,run.zq,sra","gs,ncbi,s3","gs.us-east1,ncbi.public,s3.us-east-1",Columbia (Col-0),SRX398820,Wild type,GSM1297850,Illumina Genome Analyzer IIx,SINGLE,cDNA,TRANSCRIPTOMIC,Arabidopsis thaliana,ILLUMINA,2014-11-21T00:00:00Z,2013-12-24T15:35:00Z,1,GSM1297850,aerial shoots_Hpa Waco9_1 dpi,SRP034715,aerial shoots,5' end of the read,CGAGAT,Hyaloperonospora arabidopsidis (Hpa) Waco9,1 dpi
SRR1058277,3 weeks,RNA-Seq,80,93583840,PRJNA232536,SAMN02485910,60010721,GEO,public,"fastq,run.zq,sra","gs,ncbi,s3","gs.us-east1,ncbi.public,s3.us-east-1",Columbia (Col-0),SRX398821,Wild type,GSM1297851,Illumina Genome Analyzer IIx,SINGLE,cDNA,TRANSCRIPTOMIC,Arabidopsis thaliana,ILLUMINA,2014-11-21T00:00:00Z,2013-12-24T15:36:00Z,1,GSM1297851,aerial shoots_Hpa Waco9_1 dpi,SRP034715,aerial shoots,5' end of the read,TGTGCGAT,Hyaloperonospora arabidopsidis (Hpa) Waco9,1 dpi
SRR1058278,3 weeks,RNA-Seq,80,212270560,PRJNA232536,SAMN02485911,132623920,GEO,public,"fastq,run.zq,sra","gs,ncbi,s3","gs.us-east1,ncbi.public,s3.us-east-1",Columbia (Col-0),SRX398822,Wild type,GSM1297852,Illumina Genome Analyzer IIx,SINGLE,cDNA,TRANSCRIPTOMIC,Arabidopsis thaliana,ILLUMINA,2014-11-21T00:00:00Z,2013-12-24T15:36:00Z,1,GSM1297852,aerial shoots_Hpa Waco9_1 dpi,SRP034715,aerial shoots,5' end of the read,CGAGAT,Hyaloperonospora arabidopsidis (Hpa) Waco9,1 dpi
SRR1058279,3 weeks,RNA-Seq,80,181594480,PRJNA232536,SAMN02485821,112917948,GEO,public,"fastq,run.zq,sra","gs,ncbi,s3","gs.us-east1,ncbi.public,s3.us-east-1",Columbia (Col-0),SRX398823,Wild type,GSM1297853,Illumina Genome Analyzer IIx,SINGLE,cDNA,TRANSCRIPTOMIC,Arabidopsis thaliana,ILLUMINA,2014-11-21T00:00:00Z,2013-12-24T15:36:00Z,1,GSM1297853,aerial shoots_Hpa Waco9_1 dpi,SRP034715,aerial shoots,5' end of the read,TGTGCGAT,Hyaloperonospora arabidopsidis (Hpa) Waco9,1 dpi
SRR1058280,3 weeks,RNA-Seq,80,207161200,PRJNA232536,SAMN02485820,130459820,GEO,public,"fastq,run.zq,sra","gs,ncbi,s3","gs.us-east1,ncbi.public,s3.us-east-1",Columbia (Col-0),SRX398824,Wild type,GSM1297854,Illumina Genome Analyzer IIx,SINGLE,cDNA,TRANSCRIPTOMIC,Arabidopsis thaliana,ILLUMINA,2014-11-21T00:00:00Z,2013-12-24T15:36:00Z,1,GSM1297854,aerial shoots_Hpa Waco9_1 dpi,SRP034715,aerial shoots,5' end of the read,CGAGAT,Hyaloperonospora arabidopsidis (Hpa) Waco9,1 dpi
SRR1058281,3 weeks,RNA-Seq,80,178178400,PRJNA232536,SAMN02485822,111526286,GEO,public,"fastq,run.zq,sra","gs,ncbi,s3","gs.us-east1,ncbi.public,s3.us-east-1",Columbia (Col-0),SRX398825,Wild type,GSM1297855,Illumina Genome Analyzer IIx,SINGLE,cDNA,TRANSCRIPTOMIC,Arabidopsis thaliana,ILLUMINA,2014-11-21T00:00:00Z,2013-12-24T15:36:00Z,1,GSM1297855,aerial shoots_Hpa Waco9_1 dpi,SRP034715,aerial shoots,5' end of the read,TGTGCGAT,Hyaloperonospora arabidopsidis (Hpa) Waco9,1 dpi
SRR1058282,3 weeks,RNA-Seq,80,93121120,PRJNA232536,SAMN02485823,58664900,GEO,public,"fastq,run.zq,sra","gs,ncbi,s3","gs.us-east1,ncbi.public,s3.us-east-1",Columbia (Col-0),SRX398826,Wild type,GSM1297856,Illumina Genome Analyzer IIx,SINGLE,cDNA,TRANSCRIPTOMIC,Arabidopsis thaliana,ILLUMINA,2014-11-21T00:00:00Z,2013-12-24T15:36:00Z,1,GSM1297856,aerial shoots_Hpa Waco9_1 dpi,SRP034715,aerial shoots,5' end of the read,CGAGAT,Hyaloperonospora arabidopsidis (Hpa) Waco9,1 dpi
SRR1058283,3 weeks,RNA-Seq,80,105575120,PRJNA232536,SAMN02485825,69676808,GEO,public,"fastq,run.zq,sra","gs,ncbi,s3","gs.us-east1,ncbi.public,s3.us-east-1",Columbia (Col-0),SRX398827,Wild type,GSM1297857,Illumina Genome Analyzer IIx,SINGLE,cDNA,TRANSCRIPTOMIC,Arabidopsis thaliana,ILLUMINA,2014-11-21T00:00:00Z,2013-12-24T15:36:00Z,1,GSM1297857,aerial shoots_Hpa Waco9_1 dpi,SRP034715,aerial shoots,5' end of the read,TGTGCGAT,Hyaloperonospora arabidopsidis (Hpa) Waco9,1 dpi
SRR1058284,3 weeks,RNA-Seq,80,93438800,PRJNA232536,SAMN02485920,59030976,GEO,public,"fastq,run.zq,sra","gs,ncbi,s3","gs.us-east1,ncbi.public,s3.us-east-1",Columbia (Col-0),SRX398828,Wild type,GSM1297858,Illumina Genome Analyzer IIx,SINGLE,cDNA,TRANSCRIPTOMIC,Arabidopsis thaliana,ILLUMINA,2014-11-21T00:00:00Z,2013-12-24T15:36:00Z,1,GSM1297858,aerial shoots_Hpa Waco9_1 dpi,SRP034715,aerial shoots,5' end of the read,CGAGAT,Hyaloperonospora arabidopsidis (Hpa) Waco9,1 dpi
SRR1058285,3 weeks,RNA-Seq,80,105838400,PRJNA232536,SAMN02485827,70413703,GEO,public,"fastq,run.zq,sra","gs,ncbi,s3","gs.us-east1,ncbi.public,s3.us-east-1",Columbia (Col-0),SRX398829,Wild type,GSM1297859,Illumina Genome Analyzer IIx,SINGLE,cDNA,TRANSCRIPTOMIC,Arabidopsis thaliana,ILLUMINA,2014-11-21T00:00:00Z,2013-12-24T15:36:00Z,1,GSM1297859,aerial shoots_Hpa Waco9_1 dpi,SRP034715,aerial shoots,5' end of the read,TGTGCGAT,Hyaloperonospora arabidopsidis (Hpa) Waco9,1 dpi
SRR1058286,3 weeks,RNA-Seq,80,146229200,PRJNA232536,SAMN02485829,90116901,GEO,public,"fastq,run.zq,sra","gs,ncbi,s3","gs.us-east1,ncbi.public,s3.us-east-1",Columbia (Col-0),SRX398830,Wild type,GSM1297860,Illumina Genome Analyzer IIx,SINGLE,cDNA,TRANSCRIPTOMIC,Arabidopsis thaliana,ILLUMINA,2014-11-21T00:00:00Z,2013-12-24T15:36:00Z,1,GSM1297860,aerial shoots_Hpa Waco9_1 dpi,SRP034715,aerial shoots,5' end of the read,CGAGAT,Hyaloperonospora arabidopsidis (Hpa) Waco9,1 dpi
SRR1058287,3 weeks,RNA-Seq,80,165827920,PRJNA232536,SAMN02485832,103273974,GEO,public,"fastq,run.zq,sra","gs,ncbi,s3","gs.us-east1,ncbi.public,s3.us-east-1",Columbia (Col-0),SRX398831,Wild type,GSM1297861,Illumina Genome Analyzer IIx,SINGLE,cDNA,TRANSCRIPTOMIC,Arabidopsis thaliana,ILLUMINA,2014-11-21T00:00:00Z,2013-12-24T15:36:00Z,1,GSM1297861,aerial shoots_Hpa Waco9_1 dpi,SRP034715,aerial shoots,5' end of the read,TGTGCGAT,Hyaloperonospora arabidopsidis (Hpa) Waco9,1 dpi
SRR1058288,3 weeks,RNA-Seq,80,144513200,PRJNA232536,SAMN02485834,86699299,GEO,public,"fastq,run.zq,sra","gs,ncbi,s3","gs.us-east1,ncbi.public,s3.us-east-1",Columbia (Col-0),SRX398832,Wild type,GSM1297862,Illumina Genome Analyzer IIx,SINGLE,cDNA,TRANSCRIPTOMIC,Arabidopsis thaliana,ILLUMINA,2014-11-21T00:00:00Z,2013-12-24T15:36:00Z,1,GSM1297862,aerial shoots_Hpa Waco9_1 dpi,SRP034715,aerial shoots,5' end of the read,CGAGAT,Hyaloperonospora arabidopsidis (Hpa) Waco9,1 dpi
SRR1058289,3 weeks,RNA-Seq,80,164694320,PRJNA232536,SAMN02485919,99982662,GEO,public,"fastq,run.zq,sra","gs,ncbi,s3","gs.us-east1,ncbi.public,s3.us-east-1",Columbia (Col-0),SRX398833,Wild type,GSM1297863,Illumina Genome Analyzer IIx,SINGLE,cDNA,TRANSCRIPTOMIC,Arabidopsis thaliana,ILLUMINA,2014-11-21T00:00:00Z,2013-12-24T15:36:00Z,1,GSM1297863,aerial shoots_Hpa Waco9_1 dpi,SRP034715,aerial shoots,5' end of the read,TGTGCGAT,Hyaloperonospora arabidopsidis (Hpa) Waco9,1 dpi
SRR1058290,3 weeks,RNA-Seq,80,51322240,PRJNA232536,SAMN02485838,34861589,GEO,public,"fastq,run.zq,sra","gs,ncbi,s3","gs.us-east1,ncbi.public,s3.us-east-1",Columbia (Col-0),SRX398834,Wild type,GSM1297864,Illumina Genome Analyzer IIx,SINGLE,cDNA,TRANSCRIPTOMIC,Arabidopsis thaliana,ILLUMINA,2014-11-21T00:00:00Z,2013-12-24T15:36:00Z,1,GSM1297864,aerial shoots_Hpa Waco9_3 dpi,SRP034715,aerial shoots,5' end of the read,GACACT,Hyaloperonospora arabidopsidis (Hpa) Waco9,3 dpi
SRR1058291,3 weeks,RNA-Seq,80,96108080,PRJNA232536,SAMN02485840,64119916,GEO,public,"fastq,run.zq,sra","gs,ncbi,s3","gs.us-east1,ncbi.public,s3.us-east-1",Columbia (Col-0),SRX398835,Wild type,GSM1297865,Illumina Genome Analyzer IIx,SINGLE,cDNA,TRANSCRIPTOMIC,Arabidopsis thaliana,ILLUMINA,2014-11-21T00:00:00Z,2013-12-24T15:36:00Z,1,GSM1297865,aerial shoots_Hpa Waco9_3 dpi,SRP034715,aerial shoots,5' end of the read,GACACT,Hyaloperonospora arabidopsidis (Hpa) Waco9,3 dpi
SRR1058292,3 weeks,RNA-Seq,80,182502560,PRJNA232536,SAMN02485841,112229865,GEO,public,"fastq,run.zq,sra","gs,ncbi,s3","gs.us-east1,ncbi.public,s3.us-east-1",Columbia (Col-0),SRX398836,Wild type,GSM1297866,Illumina Genome Analyzer IIx,SINGLE,cDNA,TRANSCRIPTOMIC,Arabidopsis thaliana,ILLUMINA,2014-11-21T00:00:00Z,2013-12-24T15:36:00Z,1,GSM1297866,aerial shoots_Hpa Waco9_3 dpi,SRP034715,aerial shoots,5' end of the read,GACACT,Hyaloperonospora arabidopsidis (Hpa) Waco9,3 dpi
SRR1058293,3 weeks,RNA-Seq,80,188779520,PRJNA232536,SAMN02485845,115100152,GEO,public,"fastq,run.zq,sra","gs,ncbi,s3","gs.us-east1,ncbi.public,s3.us-east-1",Columbia (Col-0),SRX398837,Wild type,GSM1297867,Illumina Genome Analyzer IIx,SINGLE,cDNA,TRANSCRIPTOMIC,Arabidopsis thaliana,ILLUMINA,2014-11-21T00:00:00Z,2013-12-24T15:36:00Z,1,GSM1297867,aerial shoots_Hpa Waco9_3 dpi,SRP034715,aerial shoots,5' end of the read,GACACT,Hyaloperonospora arabidopsidis (Hpa) Waco9,3 dpi
SRR1058294,3 weeks,RNA-Seq,80,75399920,PRJNA232536,SAMN02485848,47307373,GEO,public,"fastq,run.zq,sra","gs,ncbi,s3","gs.us-east1,ncbi.public,s3.us-east-1",Columbia (Col-0),SRX398838,Wild type,GSM1297868,Illumina Genome Analyzer IIx,SINGLE,cDNA,TRANSCRIPTOMIC,Arabidopsis thaliana,ILLUMINA,2014-11-21T00:00:00Z,2013-12-24T15:37:00Z,1,GSM1297868,aerial shoots_Hpa Waco9_3 dpi,SRP034715,aerial shoots,5' end of the read,GACACT,Hyaloperonospora arabidopsidis (Hpa) Waco9,3 dpi
SRR1058295,3 weeks,RNA-Seq,80,86621840,PRJNA232536,SAMN02485847,53612293,GEO,public,"fastq,run.zq,sra","gs,ncbi,s3","gs.us-east1,ncbi.public,s3.us-east-1",Columbia (Col-0),SRX398839,Wild type,GSM1297869,Illumina Genome Analyzer IIx,SINGLE,cDNA,TRANSCRIPTOMIC,Arabidopsis thaliana,ILLUMINA,2014-11-21T00:00:00Z,2013-12-24T15:37:00Z,1,GSM1297869,aerial shoots_Hpa Waco9_3 dpi,SRP034715,aerial shoots,5' end of the read,GACACT,Hyaloperonospora arabidopsidis (Hpa) Waco9,3 dpi
SRR1058296,3 weeks,RNA-Seq,80,171254560,PRJNA232536,SAMN02485853,107662636,GEO,public,"fastq,run.zq,sra","gs,ncbi,s3","gs.us-east1,ncbi.public,s3.us-east-1",Columbia (Col-0),SRX398840,Wild type,GSM1297870,Illumina Genome Analyzer IIx,SINGLE,cDNA,TRANSCRIPTOMIC,Arabidopsis thaliana,ILLUMINA,2014-11-21T00:00:00Z,2013-12-24T15:37:00Z,1,GSM1297870,aerial shoots_Hpa Waco9_3 dpi,SRP034715,aerial shoots,5' end of the read,GACACT,Hyaloperonospora arabidopsidis (Hpa) Waco9,3 dpi
SRR1058297,3 weeks,RNA-Seq,80,167682160,PRJNA232536,SAMN02485854,106429632,GEO,public,"fastq,run.zq,sra","gs,ncbi,s3","gs.us-east1,ncbi.public,s3.us-east-1",Columbia (Col-0),SRX398841,Wild type,GSM1297871,Illumina Genome Analyzer IIx,SINGLE,cDNA,TRANSCRIPTOMIC,Arabidopsis thaliana,ILLUMINA,2014-11-21T00:00:00Z,2013-12-24T15:38:00Z,1,GSM1297871,aerial shoots_Hpa Waco9_3 dpi,SRP034715,aerial shoots,5' end of the read,GACACT,Hyaloperonospora arabidopsidis (Hpa) Waco9,3 dpi
SRR1058298,3 weeks,RNA-Seq,80,119570320,PRJNA232536,SAMN02485856,76567678,GEO,public,"fastq,run.zq,sra","gs,ncbi,s3","gs.us-east1,ncbi.public,s3.us-east-1",Columbia (Col-0),SRX398842,Wild type,GSM1297872,Illumina Genome Analyzer IIx,SINGLE,cDNA,TRANSCRIPTOMIC,Arabidopsis thaliana,ILLUMINA,2014-11-21T00:00:00Z,2013-12-24T15:38:00Z,1,GSM1297872,aerial shoots_Hpa Waco9_3 dpi,SRP034715,aerial shoots,5' end of the read,GACACT,Hyaloperonospora arabidopsidis (Hpa) Waco9,3 dpi
SRR1058299,3 weeks,RNA-Seq,80,120228800,PRJNA232536,SAMN02485855,77243620,GEO,public,"fastq,run.zq,sra","gs,ncbi,s3","gs.us-east1,ncbi.public,s3.us-east-1",Columbia (Col-0),SRX398843,Wild type,GSM1297873,Illumina Genome Analyzer IIx,SINGLE,cDNA,TRANSCRIPTOMIC,Arabidopsis thaliana,ILLUMINA,2014-11-21T00:00:00Z,2013-12-24T15:38:00Z,1,GSM1297873,aerial shoots_Hpa Waco9_3 dpi,SRP034715,aerial shoots,5' end of the read,GACACT,Hyaloperonospora arabidopsidis (Hpa) Waco9,3 dpi
SRR1058300,3 weeks,RNA-Seq,80,185771600,PRJNA232536,SAMN02485859,114797403,GEO,public,"fastq,run.zq,sra","gs,ncbi,s3","gs.us-east1,ncbi.public,s3.us-east-1",Columbia (Col-0),SRX398844,Wild type,GSM1297874,Illumina Genome Analyzer IIx,SINGLE,cDNA,TRANSCRIPTOMIC,Arabidopsis thaliana,ILLUMINA,2014-11-21T00:00:00Z,2013-12-24T15:38:00Z,1,GSM1297874,aerial shoots_Hpa Waco9_3 dpi,SRP034715,aerial shoots,5' end of the read,GACACT,Hyaloperonospora arabidopsidis (Hpa) Waco9,3 dpi
SRR1058301,3 weeks,RNA-Seq,80,184668640,PRJNA232536,SAMN02485857,110984879,GEO,public,"fastq,run.zq,sra","gs,ncbi,s3","gs.us-east1,ncbi.public,s3.us-east-1",Columbia (Col-0),SRX398845,Wild type,GSM1297875,Illumina Genome Analyzer IIx,SINGLE,cDNA,TRANSCRIPTOMIC,Arabidopsis thaliana,ILLUMINA,2014-11-21T00:00:00Z,2013-12-24T15:38:00Z,1,GSM1297875,aerial shoots_Hpa Waco9_3 dpi,SRP034715,aerial shoots,5' end of the read,GACACT,Hyaloperonospora arabidopsidis (Hpa) Waco9,3 dpi
SRR1058302,3 weeks,RNA-Seq,80,64476560,PRJNA232536,SAMN02485860,42704829,GEO,public,"fastq,run.zq,sra","gs,ncbi,s3","gs.us-east1,ncbi.public,s3.us-east-1",Columbia (Col-0),SRX398846,Wild type,GSM1297876,Illumina Genome Analyzer IIx,SINGLE,cDNA,TRANSCRIPTOMIC,Arabidopsis thaliana,ILLUMINA,2014-11-21T00:00:00Z,2013-12-24T15:38:00Z,1,GSM1297876,aerial shoots_Hpa Waco9_5 dpi,SRP034715,aerial shoots,5' end of the read,CAGAGT,Hyaloperonospora arabidopsidis (Hpa) Waco9,5 dpi
SRR1058303,3 weeks,RNA-Seq,80,118456320,PRJNA232536,SAMN02485863,77071542,GEO,public,"fastq,run.zq,sra","gs,ncbi,s3","gs.us-east1,ncbi.public,s3.us-east-1",Columbia (Col-0),SRX398847,Wild type,GSM1297877,Illumina Genome Analyzer IIx,SINGLE,cDNA,TRANSCRIPTOMIC,Arabidopsis thaliana,ILLUMINA,2014-11-21T00:00:00Z,2013-12-24T15:38:00Z,1,GSM1297877,aerial shoots_Hpa Waco9_5 dpi,SRP034715,aerial shoots,5' end of the read,CAGAGT,Hyaloperonospora arabidopsidis (Hpa) Waco9,5 dpi
SRR1058304,3 weeks,RNA-Seq,80,214469840,PRJNA232536,SAMN02485866,130260903,GEO,public,"fastq,run.zq,sra","gs,ncbi,s3","gs.us-east1,ncbi.public,s3.us-east-1",Columbia (Col-0),SRX398848,Wild type,GSM1297878,Illumina Genome Analyzer IIx,SINGLE,cDNA,TRANSCRIPTOMIC,Arabidopsis thaliana,ILLUMINA,2014-11-21T00:00:00Z,2013-12-24T15:38:00Z,1,GSM1297878,aerial shoots_Hpa Waco9_5 dpi,SRP034715,aerial shoots,5' end of the read,CAGAGT,Hyaloperonospora arabidopsidis (Hpa) Waco9,5 dpi
SRR1058305,3 weeks,RNA-Seq,80,220085040,PRJNA232536,SAMN02485872,132563046,GEO,public,"fastq,run.zq,sra","gs,ncbi,s3","gs.us-east1,ncbi.public,s3.us-east-1",Columbia (Col-0),SRX398849,Wild type,GSM1297879,Illumina Genome Analyzer IIx,SINGLE,cDNA,TRANSCRIPTOMIC,Arabidopsis thaliana,ILLUMINA,2014-11-21T00:00:00Z,2013-12-24T15:38:00Z,1,GSM1297879,aerial shoots_Hpa Waco9_5 dpi,SRP034715,aerial shoots,5' end of the read,CAGAGT,Hyaloperonospora arabidopsidis (Hpa) Waco9,5 dpi
SRR1058306,3 weeks,RNA-Seq,80,89068800,PRJNA232536,SAMN02485870,54709157,GEO,public,"fastq,run.zq,sra","gs,ncbi,s3","gs.us-east1,ncbi.public,s3.us-east-1",Columbia (Col-0),SRX398850,Wild type,GSM1297880,Illumina Genome Analyzer IIx,SINGLE,cDNA,TRANSCRIPTOMIC,Arabidopsis thaliana,ILLUMINA,2014-11-21T00:00:00Z,2013-12-24T15:38:00Z,1,GSM1297880,aerial shoots_Hpa Waco9_5 dpi,SRP034715,aerial shoots,5' end of the read,CAGAGT,Hyaloperonospora arabidopsidis (Hpa) Waco9,5 dpi
SRR1058307,3 weeks,RNA-Seq,80,102211200,PRJNA232536,SAMN02485871,61839167,GEO,public,"fastq,run.zq,sra","gs,ncbi,s3","gs.us-east1,ncbi.public,s3.us-east-1",Columbia (Col-0),SRX398851,Wild type,GSM1297881,Illumina Genome Analyzer IIx,SINGLE,cDNA,TRANSCRIPTOMIC,Arabidopsis thaliana,ILLUMINA,2014-11-21T00:00:00Z,2013-12-24T15:38:00Z,1,GSM1297881,aerial shoots_Hpa Waco9_5 dpi,SRP034715,aerial shoots,5' end of the read,CAGAGT,Hyaloperonospora arabidopsidis (Hpa) Waco9,5 dpi
SRR1058308,3 weeks,RNA-Seq,80,200018800,PRJNA232536,SAMN02485874,124952295,GEO,public,"fastq,run.zq,sra","gs,ncbi,s3","gs.us-east1,ncbi.public,s3.us-east-1",Columbia (Col-0),SRX398852,Wild type,GSM1297882,Illumina Genome Analyzer IIx,SINGLE,cDNA,TRANSCRIPTOMIC,Arabidopsis thaliana,ILLUMINA,2014-11-21T00:00:00Z,2013-12-24T15:38:00Z,1,GSM1297882,aerial shoots_Hpa Waco9_5 dpi,SRP034715,aerial shoots,5' end of the read,CAGAGT,Hyaloperonospora arabidopsidis (Hpa) Waco9,5 dpi
SRR1058309,3 weeks,RNA-Seq,80,195907520,PRJNA232536,SAMN02485875,123482535,GEO,public,"fastq,run.zq,sra","gs,ncbi,s3","gs.us-east1,ncbi.public,s3.us-east-1",Columbia (Col-0),SRX398853,Wild type,GSM1297883,Illumina Genome Analyzer IIx,SINGLE,cDNA,TRANSCRIPTOMIC,Arabidopsis thaliana,ILLUMINA,2014-11-21T00:00:00Z,2013-12-24T15:38:00Z,1,GSM1297883,aerial shoots_Hpa Waco9_5 dpi,SRP034715,aerial shoots,5' end of the read,CAGAGT,Hyaloperonospora arabidopsidis (Hpa) Waco9,5 dpi
SRR1058310,3 weeks,RNA-Seq,80,100588320,PRJNA232536,SAMN02485878,63456094,GEO,public,"fastq,run.zq,sra","gs,ncbi,s3","gs.us-east1,ncbi.public,s3.us-east-1",Columbia (Col-0),SRX398854,Wild type,GSM1297884,Illumina Genome Analyzer IIx,SINGLE,cDNA,TRANSCRIPTOMIC,Arabidopsis thaliana,ILLUMINA,2014-11-21T00:00:00Z,2013-12-24T15:38:00Z,1,GSM1297884,aerial shoots_Hpa Waco9_5 dpi,SRP034715,aerial shoots,5' end of the read,CAGAGT,Hyaloperonospora arabidopsidis (Hpa) Waco9,5 dpi
SRR1058311,3 weeks,RNA-Seq,80,101104720,PRJNA232536,SAMN02485879,63999253,GEO,public,"fastq,run.zq,sra","gs,ncbi,s3","gs.us-east1,ncbi.public,s3.us-east-1",Columbia (Col-0),SRX398855,Wild type,GSM1297885,Illumina Genome Analyzer IIx,SINGLE,cDNA,TRANSCRIPTOMIC,Arabidopsis thaliana,ILLUMINA,2014-11-21T00:00:00Z,2013-12-24T15:38:00Z,1,GSM1297885,aerial shoots_Hpa Waco9_5 dpi,SRP034715,aerial shoots,5' end of the read,CAGAGT,Hyaloperonospora arabidopsidis (Hpa) Waco9,5 dpi
SRR1058312,3 weeks,RNA-Seq,80,155454240,PRJNA232536,SAMN02485882,95545652,GEO,public,"fastq,run.zq,sra","gs,ncbi,s3","gs.us-east1,ncbi.public,s3.us-east-1",Columbia (Col-0),SRX398856,Wild type,GSM1297886,Illumina Genome Analyzer IIx,SINGLE,cDNA,TRANSCRIPTOMIC,Arabidopsis thaliana,ILLUMINA,2014-11-21T00:00:00Z,2013-12-24T15:38:00Z,1,GSM1297886,aerial shoots_Hpa Waco9_5 dpi,SRP034715,aerial shoots,5' end of the read,CAGAGT,Hyaloperonospora arabidopsidis (Hpa) Waco9,5 dpi
SRR1058313,3 weeks,RNA-Seq,80,153851280,PRJNA232536,SAMN02485883,92064118,GEO,public,"fastq,run.zq,sra","gs,ncbi,s3","gs.us-east1,ncbi.public,s3.us-east-1",Columbia (Col-0),SRX398857,Wild type,GSM1297887,Illumina Genome Analyzer IIx,SINGLE,cDNA,TRANSCRIPTOMIC,Arabidopsis thaliana,ILLUMINA,2014-11-21T00:00:00Z,2013-12-24T15:38:00Z,1,GSM1297887,aerial shoots_Hpa Waco9_5 dpi,SRP034715,aerial shoots,5' end of the read,CAGAGT,Hyaloperonospora arabidopsidis (Hpa) Waco9,5 dpi
SRR1058322,3 weeks,RNA-Seq,80,29427600,PRJNA232536,SAMN02485899,18667449,GEO,public,"fastq,run.zq,sra","gs,ncbi,s3","gs.us-east1,ncbi.public,s3.us-east-1",Columbia (Col-0),SRX398866,Wild type,GSM1297896,Illumina Genome Analyzer IIx,SINGLE,cDNA,TRANSCRIPTOMIC,Arabidopsis thaliana,ILLUMINA,2014-11-21T00:00:00Z,2013-12-24T15:40:00Z,1,GSM1297896,nobarcode_biorep3_lane1.fq.gz,SRP034715,aerial shoots,,,,
SRR1058323,3 weeks,RNA-Seq,80,30079040,PRJNA232536,SAMN02485904,19122426,GEO,public,"fastq,run.zq,sra","gs,ncbi,s3","gs.us-east1,ncbi.public,s3.us-east-1",Columbia (Col-0),SRX398867,Wild type,GSM1297897,Illumina Genome Analyzer IIx,SINGLE,cDNA,TRANSCRIPTOMIC,Arabidopsis thaliana,ILLUMINA,2014-11-21T00:00:00Z,2013-12-24T15:40:00Z,1,GSM1297897,nobarcode_biorep3_lane2.fq.gz,SRP034715,aerial shoots,,,,
SRR1058324,3 weeks,RNA-Seq,80,40205520,PRJNA232536,SAMN02485909,25958438,GEO,public,"fastq,run.zq,sra","gs,ncbi,s3","gs.us-east1,ncbi.public,s3.us-east-1",Columbia (Col-0),SRX398868,Wild type,GSM1297898,Illumina Genome Analyzer IIx,SINGLE,cDNA,TRANSCRIPTOMIC,Arabidopsis thaliana,ILLUMINA,2014-11-21T00:00:00Z,2013-12-24T15:40:00Z,1,GSM1297898,nobarcode_biorep3_lane3.fq.gz,SRP034715,aerial shoots,,,,
SRR1058325,3 weeks,RNA-Seq,80,52705200,PRJNA232536,SAMN02485908,31563306,GEO,public,"fastq,run.zq,sra","gs,ncbi,s3","gs.us-east1,ncbi.public,s3.us-east-1",Columbia (Col-0),SRX398869,Wild type,GSM1297899,Illumina Genome Analyzer IIx,SINGLE,cDNA,TRANSCRIPTOMIC,Arabidopsis thaliana,ILLUMINA,2014-11-21T00:00:00Z,2013-12-24T15:40:00Z,1,GSM1297899,nobarcode_biorep3_lane4.fq.gz,SRP034715,aerial shoots,,,,
