Run,AGE,Assay Type,AvgSpotLen,Bases,BioProject,BioSample,BioSampleModel,Bytes,Center Name,collected_by,Collection_Date,Consent,Cultivar,DATASTORE filetype,DATASTORE provider,DATASTORE region,dev_stage,disease,dummy,Ecotype,Experiment,geo_loc_name_country,geo_loc_name_country_continent,geo_loc_name,Instrument,isolate,Library Name,LibraryLayout,LibrarySelection,LibrarySource,Organism,Platform,ReleaseDate,create_date,version,Sample Name,SRA Study,tissue,treatment
SRR30310344,18 days after-sowing,RNA-Seq,300,6609244200,PRJNA1150077,SAMN43269300,Plant,2109852980,I2SYSBIO-CSIC,Izan Melero,2022-04-01,public,not applicable,"fastq,run.zq,sra","gs,ncbi,s3","gs.us-east1,ncbi.public,s3.us-east-1",prebolting,mild mosaic,10,Col-0,SRX25770807,Spain,Europe,Spain: Paterna (Valencia),Illumina NovaSeq 6000,not applicable,a10,PAIRED,RANDOM,TRANSCRIPTOMIC,Arabidopsis thaliana,ILLUMINA,2024-08-20T00:00:00Z,2024-08-20T08:52:00Z,1,a10,SRP527476,full aerial,inoculated with TuMV-AS
SRR30310345,32 days after-sowing,RNA-Seq,300,8472209100,PRJNA1150077,SAMN43269299,Plant,2748689161,I2SYSBIO-CSIC,Izan Melero,2022-04-03,public,not applicable,"fastq,run.zq,sra","gs,ncbi,s3","gs.us-east1,ncbi.public,s3.us-east-1",postbolting,no,9,Col-0,SRX25770806,Spain,Europe,Spain: Paterna (Valencia),Illumina NovaSeq 6000,not applicable,a9,PAIRED,RANDOM,TRANSCRIPTOMIC,Arabidopsis thaliana,ILLUMINA,2024-08-20T00:00:00Z,2024-08-20T08:57:00Z,1,a9,SRP527476,full aerial,mock inoculated
SRR30310346,32 days after-sowing,RNA-Seq,300,6360072900,PRJNA1150077,SAMN43269298,Plant,2063596375,I2SYSBIO-CSIC,Izan Melero,2022-04-03,public,not applicable,"fastq,run.zq,sra","gs,ncbi,s3","gs.us-east1,ncbi.public,s3.us-east-1",postbolting,no,8,Col-0,SRX25770805,Spain,Europe,Spain: Paterna (Valencia),Illumina NovaSeq 6000,not applicable,a8,PAIRED,RANDOM,TRANSCRIPTOMIC,Arabidopsis thaliana,ILLUMINA,2024-08-20T00:00:00Z,2024-08-20T08:54:00Z,1,a8,SRP527476,full aerial,mock inoculated
SRR30310347,32 days after-sowing,RNA-Seq,300,7160153700,PRJNA1150077,SAMN43269297,Plant,2307125308,I2SYSBIO-CSIC,Izan Melero,2022-04-03,public,not applicable,"fastq,run.zq,sra","gs,ncbi,s3","gs.us-east1,ncbi.public,s3.us-east-1",postbolting,no,7,Col-0,SRX25770804,Spain,Europe,Spain: Paterna (Valencia),Illumina NovaSeq 6000,not applicable,a7,PAIRED,RANDOM,TRANSCRIPTOMIC,Arabidopsis thaliana,ILLUMINA,2024-08-20T00:00:00Z,2024-08-20T08:55:00Z,1,a7,SRP527476,full aerial,mock inoculated
SRR30310348,25 days after-sowing,RNA-Seq,300,6222269400,PRJNA1150077,SAMN43269296,Plant,1994928630,I2SYSBIO-CSIC,Izan Melero,2022-04-02,public,not applicable,"fastq,run.zq,sra","gs,ncbi,s3","gs.us-east1,ncbi.public,s3.us-east-1",bolting,no,6,Col-0,SRX25770803,Spain,Europe,Spain: Paterna (Valencia),Illumina NovaSeq 6000,not applicable,a6,PAIRED,RANDOM,TRANSCRIPTOMIC,Arabidopsis thaliana,ILLUMINA,2024-08-20T00:00:00Z,2024-08-20T08:55:00Z,1,a6,SRP527476,full aerial,mock inoculated
SRR30310349,25 days after-sowing,RNA-Seq,300,6749012700,PRJNA1150077,SAMN43269295,Plant,2097841070,I2SYSBIO-CSIC,Izan Melero,2022-04-02,public,not applicable,"fastq,run.zq,sra","gs,ncbi,s3","gs.us-east1,ncbi.public,s3.us-east-1",bolting,no,5,Col-0,SRX25770802,Spain,Europe,Spain: Paterna (Valencia),Illumina NovaSeq 6000,not applicable,a5,PAIRED,RANDOM,TRANSCRIPTOMIC,Arabidopsis thaliana,ILLUMINA,2024-08-20T00:00:00Z,2024-08-20T08:54:00Z,1,a5,SRP527476,full aerial,mock inoculated
SRR30310350,25 days after-sowing,RNA-Seq,300,6910516500,PRJNA1150077,SAMN43269294,Plant,2145135855,I2SYSBIO-CSIC,Izan Melero,2022-04-02,public,not applicable,"fastq,run.zq,sra","gs,ncbi,s3","gs.us-east1,ncbi.public,s3.us-east-1",bolting,no,4,Col-0,SRX25770801,Spain,Europe,Spain: Paterna (Valencia),Illumina NovaSeq 6000,not applicable,a4,PAIRED,RANDOM,TRANSCRIPTOMIC,Arabidopsis thaliana,ILLUMINA,2024-08-20T00:00:00Z,2024-08-20T08:56:00Z,1,a4,SRP527476,full aerial,mock inoculated
SRR30310351,32 days after-sowing,RNA-Seq,300,6516897300,PRJNA1150077,SAMN43269317,Plant,2122789596,I2SYSBIO-CSIC,Izan Melero,2022-04-03,public,not applicable,"fastq,run.zq,sra","gs,ncbi,s3","gs.us-east1,ncbi.public,s3.us-east-1",postbolting,severe mosaic,27,Col-0,SRX25770800,Spain,Europe,Spain: Paterna (Valencia),Illumina NovaSeq 6000,not applicable,a27,PAIRED,RANDOM,TRANSCRIPTOMIC,Arabidopsis thaliana,ILLUMINA,2024-08-20T00:00:00Z,2024-08-20T08:53:00Z,1,a27,SRP527476,full aerial,inoculated with TuMV-DV
SRR30310352,32 days after-sowing,RNA-Seq,300,7064128500,PRJNA1150077,SAMN43269316,Plant,2228896659,I2SYSBIO-CSIC,Izan Melero,2022-04-03,public,not applicable,"fastq,run.zq,sra","gs,ncbi,s3","gs.us-east1,ncbi.public,s3.us-east-1",postbolting,severe mosaic,26,Col-0,SRX25770799,Spain,Europe,Spain: Paterna (Valencia),Illumina NovaSeq 6000,not applicable,a26,PAIRED,RANDOM,TRANSCRIPTOMIC,Arabidopsis thaliana,ILLUMINA,2024-08-20T00:00:00Z,2024-08-20T08:54:00Z,1,a26,SRP527476,full aerial,inoculated with TuMV-DV
SRR30310353,32 days after-sowing,RNA-Seq,300,9041612700,PRJNA1150077,SAMN43269315,Plant,2885810020,I2SYSBIO-CSIC,Izan Melero,2022-04-03,public,not applicable,"fastq,run.zq,sra","gs,ncbi,s3","gs.us-east1,ncbi.public,s3.us-east-1",postbolting,severe mosaic,25,Col-0,SRX25770798,Spain,Europe,Spain: Paterna (Valencia),Illumina NovaSeq 6000,not applicable,a25,PAIRED,RANDOM,TRANSCRIPTOMIC,Arabidopsis thaliana,ILLUMINA,2024-08-20T00:00:00Z,2024-08-20T08:58:00Z,1,a25,SRP527476,full aerial,inoculated with TuMV-DV
SRR30310354,25 days after-sowing,RNA-Seq,300,6575800200,PRJNA1150077,SAMN43269314,Plant,2091622617,I2SYSBIO-CSIC,Izan Melero,2022-04-02,public,not applicable,"fastq,run.zq,sra","gs,ncbi,s3","gs.us-east1,ncbi.public,s3.us-east-1",bolting,severe mosaic,24,Col-0,SRX25770797,Spain,Europe,Spain: Paterna (Valencia),Illumina NovaSeq 6000,not applicable,a24,PAIRED,RANDOM,TRANSCRIPTOMIC,Arabidopsis thaliana,ILLUMINA,2024-08-20T00:00:00Z,2024-08-20T08:54:00Z,1,a24,SRP527476,full aerial,inoculated with TuMV-DV
SRR30310355,25 days after-sowing,RNA-Seq,300,5917325400,PRJNA1150077,SAMN43269313,Plant,1908737719,I2SYSBIO-CSIC,Izan Melero,2022-04-02,public,not applicable,"fastq,run.zq,sra","gs,ncbi,s3","gs.us-east1,ncbi.public,s3.us-east-1",bolting,severe mosaic,23,Col-0,SRX25770796,Spain,Europe,Spain: Paterna (Valencia),Illumina NovaSeq 6000,not applicable,a23,PAIRED,RANDOM,TRANSCRIPTOMIC,Arabidopsis thaliana,ILLUMINA,2024-08-20T00:00:00Z,2024-08-20T08:54:00Z,1,a23,SRP527476,full aerial,inoculated with TuMV-DV
SRR30310356,25 days after-sowing,RNA-Seq,300,6951892500,PRJNA1150077,SAMN43269312,Plant,2167666091,I2SYSBIO-CSIC,Izan Melero,2022-04-02,public,not applicable,"fastq,run.zq,sra","gs,ncbi,s3","gs.us-east1,ncbi.public,s3.us-east-1",bolting,severe mosaic,22,Col-0,SRX25770795,Spain,Europe,Spain: Paterna (Valencia),Illumina NovaSeq 6000,not applicable,a22,PAIRED,RANDOM,TRANSCRIPTOMIC,Arabidopsis thaliana,ILLUMINA,2024-08-20T00:00:00Z,2024-08-20T08:55:00Z,1,a22,SRP527476,full aerial,inoculated with TuMV-DV
SRR30310357,18 days after-sowing,RNA-Seq,300,7081168800,PRJNA1150077,SAMN43269311,Plant,2220183935,I2SYSBIO-CSIC,Izan Melero,2022-04-01,public,not applicable,"fastq,run.zq,sra","gs,ncbi,s3","gs.us-east1,ncbi.public,s3.us-east-1",prebolting,severe mosaic,21,Col-0,SRX25770794,Spain,Europe,Spain: Paterna (Valencia),Illumina NovaSeq 6000,not applicable,a21,PAIRED,RANDOM,TRANSCRIPTOMIC,Arabidopsis thaliana,ILLUMINA,2024-08-20T00:00:00Z,2024-08-20T08:56:00Z,1,a21,SRP527476,full aerial,inoculated with TuMV-DV
SRR30310358,18 days after-sowing,RNA-Seq,300,7088767800,PRJNA1150077,SAMN43269293,Plant,2274489257,I2SYSBIO-CSIC,Izan Melero,2022-04-01,public,not applicable,"fastq,run.zq,sra","gs,ncbi,s3","gs.us-east1,ncbi.public,s3.us-east-1",prebolting,no,3,Col-0,SRX25770793,Spain,Europe,Spain: Paterna (Valencia),Illumina NovaSeq 6000,not applicable,a3,PAIRED,RANDOM,TRANSCRIPTOMIC,Arabidopsis thaliana,ILLUMINA,2024-08-20T00:00:00Z,2024-08-20T08:56:00Z,1,a3,SRP527476,full aerial,mock inoculated
SRR30310359,18 days after-sowing,RNA-Seq,300,6930875400,PRJNA1150077,SAMN43269310,Plant,2197143772,I2SYSBIO-CSIC,Izan Melero,2022-04-01,public,not applicable,"fastq,run.zq,sra","gs,ncbi,s3","gs.us-east1,ncbi.public,s3.us-east-1",prebolting,severe mosaic,20,Col-0,SRX25770792,Spain,Europe,Spain: Paterna (Valencia),Illumina NovaSeq 6000,not applicable,a20,PAIRED,RANDOM,TRANSCRIPTOMIC,Arabidopsis thaliana,ILLUMINA,2024-08-20T00:00:00Z,2024-08-20T08:56:00Z,1,a20,SRP527476,full aerial,inoculated with TuMV-DV
SRR30310360,18 days after-sowing,RNA-Seq,300,7198232400,PRJNA1150077,SAMN43269309,Plant,2268773002,I2SYSBIO-CSIC,Izan Melero,2022-04-01,public,not applicable,"fastq,run.zq,sra","gs,ncbi,s3","gs.us-east1,ncbi.public,s3.us-east-1",prebolting,severe mosaic,19,Col-0,SRX25770791,Spain,Europe,Spain: Paterna (Valencia),Illumina NovaSeq 6000,not applicable,a19,PAIRED,RANDOM,TRANSCRIPTOMIC,Arabidopsis thaliana,ILLUMINA,2024-08-20T00:00:00Z,2024-08-20T08:56:00Z,1,a19,SRP527476,full aerial,inoculated with TuMV-DV
SRR30310361,32 days after-sowing,RNA-Seq,300,8365939800,PRJNA1150077,SAMN43269308,Plant,2607360892,I2SYSBIO-CSIC,Izan Melero,2022-04-03,public,not applicable,"fastq,run.zq,sra","gs,ncbi,s3","gs.us-east1,ncbi.public,s3.us-east-1",postbolting,mild mosaic,18,Col-0,SRX25770790,Spain,Europe,Spain: Paterna (Valencia),Illumina NovaSeq 6000,not applicable,a18,PAIRED,RANDOM,TRANSCRIPTOMIC,Arabidopsis thaliana,ILLUMINA,2024-08-20T00:00:00Z,2024-08-20T08:55:00Z,1,a18,SRP527476,full aerial,inoculated with TuMV-AS
SRR30310362,32 days after-sowing,RNA-Seq,300,6311542200,PRJNA1150077,SAMN43269307,Plant,1996965418,I2SYSBIO-CSIC,Izan Melero,2022-04-03,public,not applicable,"fastq,run.zq,sra","gs,ncbi,s3","gs.us-east1,ncbi.public,s3.us-east-1",postbolting,mild mosaic,17,Col-0,SRX25770789,Spain,Europe,Spain: Paterna (Valencia),Illumina NovaSeq 6000,not applicable,a17,PAIRED,RANDOM,TRANSCRIPTOMIC,Arabidopsis thaliana,ILLUMINA,2024-08-20T00:00:00Z,2024-08-20T08:56:00Z,1,a17,SRP527476,full aerial,inoculated with TuMV-AS
SRR30310363,32 days after-sowing,RNA-Seq,300,6398551500,PRJNA1150077,SAMN43269306,Plant,2018693641,I2SYSBIO-CSIC,Izan Melero,2022-04-03,public,not applicable,"fastq,run.zq,sra","gs,ncbi,s3","gs.us-east1,ncbi.public,s3.us-east-1",postbolting,mild mosaic,16,Col-0,SRX25770788,Spain,Europe,Spain: Paterna (Valencia),Illumina NovaSeq 6000,not applicable,a16,PAIRED,RANDOM,TRANSCRIPTOMIC,Arabidopsis thaliana,ILLUMINA,2024-08-20T00:00:00Z,2024-08-20T08:53:00Z,1,a16,SRP527476,full aerial,inoculated with TuMV-AS
SRR30310364,25 days after-sowing,RNA-Seq,300,6280539000,PRJNA1150077,SAMN43269305,Plant,1988054639,I2SYSBIO-CSIC,Izan Melero,2022-04-02,public,not applicable,"fastq,run.zq,sra","gs,ncbi,s3","gs.us-east1,ncbi.public,s3.us-east-1",bolting,mild mosaic,15,Col-0,SRX25770787,Spain,Europe,Spain: Paterna (Valencia),Illumina NovaSeq 6000,not applicable,a15,PAIRED,RANDOM,TRANSCRIPTOMIC,Arabidopsis thaliana,ILLUMINA,2024-08-20T00:00:00Z,2024-08-20T08:54:00Z,1,a15,SRP527476,full aerial,inoculated with TuMV-AS
SRR30310365,25 days after-sowing,RNA-Seq,300,6896866500,PRJNA1150077,SAMN43269304,Plant,2174703729,I2SYSBIO-CSIC,Izan Melero,2022-04-02,public,not applicable,"fastq,run.zq,sra","gs,ncbi,s3","gs.us-east1,ncbi.public,s3.us-east-1",bolting,mild mosaic,14,Col-0,SRX25770786,Spain,Europe,Spain: Paterna (Valencia),Illumina NovaSeq 6000,not applicable,a14,PAIRED,RANDOM,TRANSCRIPTOMIC,Arabidopsis thaliana,ILLUMINA,2024-08-20T00:00:00Z,2024-08-20T08:54:00Z,1,a14,SRP527476,full aerial,inoculated with TuMV-AS
SRR30310366,25 days after-sowing,RNA-Seq,300,7753440900,PRJNA1150077,SAMN43269303,Plant,2416824884,I2SYSBIO-CSIC,Izan Melero,2022-04-02,public,not applicable,"fastq,run.zq,sra","gs,ncbi,s3","gs.us-east1,ncbi.public,s3.us-east-1",bolting,mild mosaic,13,Col-0,SRX25770785,Spain,Europe,Spain: Paterna (Valencia),Illumina NovaSeq 6000,not applicable,a13,PAIRED,RANDOM,TRANSCRIPTOMIC,Arabidopsis thaliana,ILLUMINA,2024-08-20T00:00:00Z,2024-08-20T08:54:00Z,1,a13,SRP527476,full aerial,inoculated with TuMV-AS
SRR30310367,18 days after-sowing,RNA-Seq,300,6071649900,PRJNA1150077,SAMN43269302,Plant,1934359376,I2SYSBIO-CSIC,Izan Melero,2022-04-01,public,not applicable,"fastq,run.zq,sra","gs,ncbi,s3","gs.us-east1,ncbi.public,s3.us-east-1",prebolting,mild mosaic,12,Col-0,SRX25770784,Spain,Europe,Spain: Paterna (Valencia),Illumina NovaSeq 6000,not applicable,a12,PAIRED,RANDOM,TRANSCRIPTOMIC,Arabidopsis thaliana,ILLUMINA,2024-08-20T00:00:00Z,2024-08-20T08:53:00Z,1,a12,SRP527476,full aerial,inoculated with TuMV-AS
SRR30310368,18 days after-sowing,RNA-Seq,300,5928904500,PRJNA1150077,SAMN43269301,Plant,1926483753,I2SYSBIO-CSIC,Izan Melero,2022-04-01,public,not applicable,"fastq,run.zq,sra","gs,ncbi,s3","gs.us-east1,ncbi.public,s3.us-east-1",prebolting,mild mosaic,11,Col-0,SRX25770783,Spain,Europe,Spain: Paterna (Valencia),Illumina NovaSeq 6000,not applicable,a11,PAIRED,RANDOM,TRANSCRIPTOMIC,Arabidopsis thaliana,ILLUMINA,2024-08-20T00:00:00Z,2024-08-20T08:54:00Z,1,a11,SRP527476,full aerial,inoculated with TuMV-AS
SRR30310369,18 days after-sowing,RNA-Seq,300,6505295100,PRJNA1150077,SAMN43269292,Plant,2057719268,I2SYSBIO-CSIC,Izan Melero,2022-04-01,public,not applicable,"fastq,run.zq,sra","gs,ncbi,s3","gs.us-east1,ncbi.public,s3.us-east-1",prebolting,no,2,Col-0,SRX25770782,Spain,Europe,Spain: Paterna (Valencia),Illumina NovaSeq 6000,not applicable,a2,PAIRED,RANDOM,TRANSCRIPTOMIC,Arabidopsis thaliana,ILLUMINA,2024-08-20T00:00:00Z,2024-08-20T08:55:00Z,1,a2,SRP527476,full aerial,mock inoculated
SRR30310370,18 days after-sowing,RNA-Seq,300,7237882800,PRJNA1150077,SAMN43269291,Plant,2314618450,I2SYSBIO-CSIC,Izan Melero,2022-04-01,public,not applicable,"fastq,run.zq,sra","gs,ncbi,s3","gs.us-east1,ncbi.public,s3.us-east-1",prebolting,no,1,Col-0,SRX25770781,Spain,Europe,Spain: Paterna (Valencia),Illumina NovaSeq 6000,not applicable,a1,PAIRED,RANDOM,TRANSCRIPTOMIC,Arabidopsis thaliana,ILLUMINA,2024-08-20T00:00:00Z,2024-08-20T08:56:00Z,1,a1,SRP527476,full aerial,mock inoculated
