"","Run","ID","Experiment","Timepoint..dpi.","infected_control","Library","avgSpotLen","infection_type","Category","Category_trophs","Tissue","Timepoint_dpi","pathogen","pathogen_abbr","inf_path","p_pseudoaligned","LibrarySize","n_processed","LibrarySize_kallisto"
"24","ERR7738945",1,"Cauliflower mosaic virus (CaMV)","21","infected","paired",150,"infected","viral pathogen","","leaf","21","Cauliflower mosaic virus (CaMV)","CaMV","CaMV",86.6,27914948.9325609,32220560,27916909
"25","ERR7738946",2,"Cauliflower mosaic virus (CaMV)","21","infected","paired",150,"infected","viral pathogen","","leaf","21","Cauliflower mosaic virus (CaMV)","CaMV","CaMV",86.6,25091016.2436271,28982193,25092950
"26","ERR7738947",3,"Cauliflower mosaic virus (CaMV)","21","infected","paired",150,"infected","viral pathogen","","leaf","21","Cauliflower mosaic virus (CaMV)","CaMV","CaMV",86.5,24838749.6036957,28718288,24840655
"18","ERR7738939",4,"Cauliflower mosaic virus (CaMV)","21","control","paired",150,"control","control","control","leaf","21","Cauliflower mosaic virus (CaMV)","CaMV","control",95.9,32131617.9153942,33500761,32133095
"19","ERR7738940",5,"Cauliflower mosaic virus (CaMV)","21","control","paired",150,"control","control","control","leaf","21","Cauliflower mosaic virus (CaMV)","CaMV","control",95.3,28249968.61737,29650291,28251259
"20","ERR7738941",6,"Cauliflower mosaic virus (CaMV)","21","control","paired",150,"control","control","control","leaf","21","Cauliflower mosaic virus (CaMV)","CaMV","control",95.4,27158251.4640967,28476519,27159360
"253","SRR8689382",7,"Erysiphe cichoracearum ","2","infected","paired",252,"infected","fungal biotroph","biotroph","leaf","2","Erysiphe cichoracearum ","E. cichoracearum","E. cichoracearum",93.4,9912005.91572848,10609250,9912564
"254","SRR8689383",8,"Erysiphe cichoracearum ","2","infected","paired",252,"infected","fungal biotroph","biotroph","leaf","2","Erysiphe cichoracearum ","E. cichoracearum","E. cichoracearum",93.5,9188015.73731111,9829831,9188643
"255","SRR8689384",9,"Erysiphe cichoracearum ","2","infected","paired",252,"infected","fungal biotroph","biotroph","leaf","2","Erysiphe cichoracearum ","E. cichoracearum","E. cichoracearum",93.8,10961655.629728,11691263,10962220
"257","SRR8689389",10,"Erysiphe cichoracearum ","5","infected","paired",252,"infected","fungal biotroph","biotroph","leaf","5","Erysiphe cichoracearum ","E. cichoracearum","E. cichoracearum",93.1,9175638.03304273,9852794,9176092
"258","SRR8689390",11,"Erysiphe cichoracearum ","5","infected","paired",252,"infected","fungal biotroph","biotroph","leaf","5","Erysiphe cichoracearum ","E. cichoracearum","E. cichoracearum",93,10036234.7462423,10797604,10037076
"259","SRR8689394",12,"Erysiphe cichoracearum ","7","infected","paired",252,"infected","fungal biotroph","biotroph","leaf","7","Erysiphe cichoracearum ","E. cichoracearum","E. cichoracearum",94.5,9096174.32007507,9623065,9096496
"260","SRR8689395",13,"Erysiphe cichoracearum ","7","infected","paired",252,"infected","fungal biotroph","biotroph","leaf","7","Erysiphe cichoracearum ","E. cichoracearum","E. cichoracearum",94.2,10336005.4134948,10968477,10336714
"261","SRR8689396",14,"Erysiphe cichoracearum ","7","infected","paired",252,"infected","fungal biotroph","biotroph","leaf","7","Erysiphe cichoracearum ","E. cichoracearum","E. cichoracearum",93.8,11060057.3585738,11797045,11060979
"262","SRR8689400",15,"Erysiphe cichoracearum ","2","control","paired",252,"control","control","control","leaf","2","Erysiphe cichoracearum ","E. cichoracearum","control",94.3,10625522.0492277,11274142,10626172
"264","SRR8689402",16,"Erysiphe cichoracearum ","2","control","paired",252,"control","control","control","leaf","2","Erysiphe cichoracearum ","E. cichoracearum","control",94.6,10004666.5082001,10578778,10005205
"266","SRR8689407",17,"Erysiphe cichoracearum ","5","control","paired",252,"control","control","control","leaf","5","Erysiphe cichoracearum ","E. cichoracearum","control",93.2,10141798.7675907,10882252,10142912
"267","SRR8689408",18,"Erysiphe cichoracearum ","5","control","paired",252,"control","control","control","leaf","5","Erysiphe cichoracearum ","E. cichoracearum","control",95.2,9395233.55345367,9874422,9395824
"268","SRR8689412",19,"Erysiphe cichoracearum ","7","control","paired",252,"control","control","control","leaf","7","Erysiphe cichoracearum ","E. cichoracearum","control",90.1,9177603.08729756,10185941,9178285
"270","SRR8689414",20,"Erysiphe cichoracearum ","7","control","paired",252,"control","control","control","leaf","7","Erysiphe cichoracearum ","E. cichoracearum","control",95.2,10744865.0851167,11293079,10745370
"256","SRR8689388",21,"Erysiphe cichoracearum ","5","infected","paired",252,"infected","fungal biotroph","biotroph","leaf","5","Erysiphe cichoracearum ","E. cichoracearum","E. cichoracearum",93.2,12548512.8267697,13466698,12549394
"263","SRR8689401",22,"Erysiphe cichoracearum ","2","control","paired",252,"control","control","control","leaf","2","Erysiphe cichoracearum ","E. cichoracearum","control",94.1,10222705.5483396,10870046,10223312
"265","SRR8689406",23,"Erysiphe cichoracearum ","5","control","paired",252,"control","control","control","leaf","5","Erysiphe cichoracearum ","E. cichoracearum","control",94.7,10689423.3142882,11289729,10690017
"269","SRR8689413",24,"Erysiphe cichoracearum ","7","control","paired",252,"control","control","control","leaf","7","Erysiphe cichoracearum ","E. cichoracearum","control",93.9,9322481.50032325,9932654,9322937
"271","SRR8800677",25,"Golovinomyces orontii","2","control","single",150,"control","control","control","leaf","2","Golovinomyces orontii","G. orontii","control",97,2180343.09234923,2248775,2180440
"272","SRR8800678",26,"Golovinomyces orontii","2","control","single",150,"control","control","control","leaf","2","Golovinomyces orontii","G. orontii","control",96.8,1320166.36399633,1363645,1320254
"273","SRR8800679",27,"Golovinomyces orontii","2","control","single",150,"control","control","control","leaf","2","Golovinomyces orontii","G. orontii","control",96.9,6397643.34607043,6600480,6397985
"274","SRR8800680",28,"Golovinomyces orontii","2","control","single",150,"control","control","control","leaf","2","Golovinomyces orontii","G. orontii","control",96.8,4832837.23259892,4990510,4833081
"275","SRR8800681",29,"Golovinomyces orontii","2","control","single",150,"control","control","control","leaf","2","Golovinomyces orontii","G. orontii","control",96.8,5059300.70732712,5224394,5059584
"276","SRR8800682",30,"Golovinomyces orontii","2","control","single",150,"control","control","control","leaf","2","Golovinomyces orontii","G. orontii","control",97,2333977.08372959,2405142,2334111
"277","SRR8800683",31,"Golovinomyces orontii","2","control","single",150,"control","control","control","leaf","2","Golovinomyces orontii","G. orontii","control",96.9,1389387.1552731,1433791,1389457
"278","SRR8800684",32,"Golovinomyces orontii","2","control","single",150,"control","control","control","leaf","2","Golovinomyces orontii","G. orontii","control",97,6641309.58806574,6845261,6641714
"279","SRR8800685",33,"Golovinomyces orontii","2","control","single",150,"control","control","control","leaf","2","Golovinomyces orontii","G. orontii","control",96.9,4505010.77756767,4648582,4505250
"280","SRR8800686",34,"Golovinomyces orontii","2","control","single",150,"control","control","control","leaf","2","Golovinomyces orontii","G. orontii","control",96.9,4790725.47670281,4943005,4791035
"281","SRR8800687",35,"Golovinomyces orontii","2","control","single",150,"control","control","control","leaf","2","Golovinomyces orontii","G. orontii","control",96.9,2132475.5140483,2201631,2132610
"282","SRR8800688",36,"Golovinomyces orontii","2","control","single",150,"control","control","control","leaf","2","Golovinomyces orontii","G. orontii","control",96.7,1176006.68956238,1216050,1176119
"283","SRR8800689",37,"Golovinomyces orontii","2","control","single",150,"control","control","control","leaf","2","Golovinomyces orontii","G. orontii","control",96.8,5787352.66522477,5976042,5787775
"284","SRR8800690",38,"Golovinomyces orontii","2","control","single",150,"control","control","control","leaf","2","Golovinomyces orontii","G. orontii","control",96.7,8785721.36712135,9087445,8786385
"285","SRR8800691",39,"Golovinomyces orontii","2","control","single",150,"control","control","control","leaf","2","Golovinomyces orontii","G. orontii","control",96.7,4657793.4540654,4819277,4658130
"300","SRR8800755",40,"Golovinomyces orontii","2","infected","single",150,"infected","fungal biotroph","biotroph","leaf","2","Golovinomyces orontii","G. orontii","G. orontii",96.5,3795413.37342081,3932114,3795650
"299","SRR8800754",41,"Golovinomyces orontii","2","infected","single",150,"infected","fungal biotroph","biotroph","leaf","2","Golovinomyces orontii","G. orontii","G. orontii",96.6,6237048.17626787,6459153,6237482
"298","SRR8800753",42,"Golovinomyces orontii","2","infected","single",150,"infected","fungal biotroph","biotroph","leaf","2","Golovinomyces orontii","G. orontii","G. orontii",96.8,7021224.82684639,7254726,7021692
"297","SRR8800752",43,"Golovinomyces orontii","2","infected","single",150,"infected","fungal biotroph","biotroph","leaf","2","Golovinomyces orontii","G. orontii","G. orontii",96.6,1428018.98178544,1478813,1428118
"296","SRR8800751",44,"Golovinomyces orontii","2","infected","single",150,"infected","fungal biotroph","biotroph","leaf","2","Golovinomyces orontii","G. orontii","G. orontii",96.8,2430043.7432804,2511056,2430220
"295","SRR8800750",45,"Golovinomyces orontii","2","infected","single",150,"infected","fungal biotroph","biotroph","leaf","2","Golovinomyces orontii","G. orontii","G. orontii",96.6,6005830.23838954,6214538,6006172
"294","SRR8800749",46,"Golovinomyces orontii","2","infected","single",150,"infected","fungal biotroph","biotroph","leaf","2","Golovinomyces orontii","G. orontii","G. orontii",96.6,5209316.68112329,5390856,5209636
"293","SRR8800748",47,"Golovinomyces orontii","2","infected","single",150,"infected","fungal biotroph","biotroph","leaf","2","Golovinomyces orontii","G. orontii","G. orontii",96.7,5369236.17544849,5550416,5369551
"292","SRR8800747",48,"Golovinomyces orontii","2","infected","single",150,"infected","fungal biotroph","biotroph","leaf","2","Golovinomyces orontii","G. orontii","G. orontii",96.6,1133843.64766292,1173742,1133894
"291","SRR8800746",49,"Golovinomyces orontii","2","infected","single",150,"infected","fungal biotroph","biotroph","leaf","2","Golovinomyces orontii","G. orontii","G. orontii",96.7,1922475.50891485,1987229,1922558
"290","SRR8800745",50,"Golovinomyces orontii","2","infected","single",150,"infected","fungal biotroph","biotroph","leaf","2","Golovinomyces orontii","G. orontii","G. orontii",96.5,5461734.89149074,5658637,5462028
"289","SRR8800744",51,"Golovinomyces orontii","2","infected","single",150,"infected","fungal biotroph","biotroph","leaf","2","Golovinomyces orontii","G. orontii","G. orontii",96.5,5731233.01567626,5937645,5731549
"288","SRR8800743",52,"Golovinomyces orontii","2","infected","single",150,"infected","fungal biotroph","biotroph","leaf","2","Golovinomyces orontii","G. orontii","G. orontii",96.7,5476285.78931483,5666022,5476569
"287","SRR8800742",53,"Golovinomyces orontii","2","infected","single",150,"infected","fungal biotroph","biotroph","leaf","2","Golovinomyces orontii","G. orontii","G. orontii",96.5,1070074.20986869,1109018,1070129
"286","SRR8800741",54,"Golovinomyces orontii","2","infected","single",150,"infected","fungal biotroph","biotroph","leaf","2","Golovinomyces orontii","G. orontii","G. orontii",96.7,2027276.44194188,2097320,2027397
"27","ERR9604272",55,"Heterodera schachtii 2","3","control","single",150,"control","control","control","root","3","Heterodera schachtii","H. schachtii","control",97.2,46890578.8810966,48232942,46897187
"28","ERR9604276",56,"Heterodera schachtii 2","1","control","single",150,"control","control","control","root","1","Heterodera schachtii","H. schachtii","control",97,47474401.7533633,48929178,47484643
"29","ERR9604277",57,"Heterodera schachtii 2","1","control","single",150,"control","control","control","root","1","Heterodera schachtii","H. schachtii","control",97.2,48280724.2249374,49705474,48289124
"30","ERR9604278",58,"Heterodera schachtii 2","1","control","single",150,"control","control","control","root","1","Heterodera schachtii","H. schachtii","control",97.2,49061186.8221571,50474902,49068502
"31","ERR9604282",59,"Heterodera schachtii 2","3","infected","single",150,"Heterodera schachtii","nematode","biotroph","root","3","Heterodera schachtii","H. schachtii","H. schachtii",90.6,45578545.8278767,50318764,45585554
"32","ERR9604283",60,"Heterodera schachtii 2","3","control","single",150,"control","control","control","root","3","Heterodera schachtii","H. schachtii","control",97,48434911.5640828,49933448,48441269
"33","ERR9604284",61,"Heterodera schachtii 2","3","infected","single",150,"Heterodera schachtii","nematode","biotroph","root","3","Heterodera schachtii","H. schachtii","H. schachtii",91.1,46759292.4408248,51336376,46766081
"34","ERR9604285",62,"Heterodera schachtii 2","3","infected","single",150,"Heterodera schachtii","nematode","biotroph","root","3","Heterodera schachtii","H. schachtii","H. schachtii",91.5,45302073.771625,49543654,45308069
"35","ERR9604289",63,"Heterodera schachtii 2","2","infected","single",150,"Heterodera schachtii","nematode","biotroph","root","2","Heterodera schachtii","H. schachtii","H. schachtii",88.2,45617647.9142657,51733914,45627759
"36","ERR9604290",64,"Heterodera schachtii 2","2","infected","single",150,"Heterodera schachtii","nematode","biotroph","root","2","Heterodera schachtii","H. schachtii","H. schachtii",86.6,44136329.3906393,50954642,44144530
"37","ERR9604291",65,"Heterodera schachtii 2","2","infected","single",150,"Heterodera schachtii","nematode","biotroph","root","2","Heterodera schachtii","H. schachtii","H. schachtii",87.6,43764100.4660681,49984458,43772153
"38","ERR9604294",66,"Heterodera schachtii 2","3","control","single",150,"control","control","control","root","3","Heterodera schachtii","H. schachtii","control",97.3,49053748.498886,50428892,49060000
"39","ERR9604296",67,"Heterodera schachtii 2","1","infected","single",150,"Heterodera schachtii","nematode","biotroph","root","1","Heterodera schachtii","H. schachtii","H. schachtii",90.6,45675236.6988189,50421322,45684395
"40","ERR9604297",68,"Heterodera schachtii 2","1","infected","single",150,"Heterodera schachtii","nematode","biotroph","root","1","Heterodera schachtii","H. schachtii","H. schachtii",89.5,45560454.2316561,50928504,45571629
"41","ERR9604298",69,"Heterodera schachtii 2","1","infected","single",150,"Heterodera schachtii","nematode","biotroph","root","1","Heterodera schachtii","H. schachtii","H. schachtii",91.6,46117966.6258179,50374802,46128137
"42","ERR9604338",70,"Heterodera schachtii 2","2","control","single",150,"control","control","control","root","2","Heterodera schachtii","H. schachtii","control",97,48577766.1086517,50081308,48585012
"43","ERR9604342",71,"Heterodera schachtii 2","2","control","single",150,"control","control","control","root","2","Heterodera schachtii","H. schachtii","control",96.9,49569486.1310274,51157022,49577046
"44","ERR9604343",72,"Heterodera schachtii 2","2","control","single",150,"control","control","control","root","2","Heterodera schachtii","H. schachtii","control",97.1,49301818.9246677,50803094,49308905
"45","SRR10030449",73,"Hyaloperonospora arabidopsidis 3","17","infected","single",101,"infected - D-tagatose","oomycete biotroph","biotroph","leaf","17","Hyaloperonospora arabidopsidis","Hpa","Hpa",88.6,3293044.38899967,3715415,3293095
"46","SRR10030450",74,"Hyaloperonospora arabidopsidis 3","17","infected","single",101,"infected - D-tagatose","oomycete biotroph","biotroph","leaf","17","Hyaloperonospora arabidopsidis","Hpa","Hpa",88.8,3052199.51055574,3436724,3052242
"47","SRR10030451",75,"Hyaloperonospora arabidopsidis 3","17","infected","single",101,"infected - D-tagatose","oomycete biotroph","biotroph","leaf","17","Hyaloperonospora arabidopsidis","Hpa","Hpa",89,2757854.85755925,3100041,2757905
"48","SRR10030452",76,"Hyaloperonospora arabidopsidis 3","17","infected","single",101,"infected - D-tagatose","oomycete biotroph","biotroph","leaf","17","Hyaloperonospora arabidopsidis","Hpa","Hpa",88.6,3332654.13145929,3761935,3332710
"49","SRR10030453",77,"Hyaloperonospora arabidopsidis 3","17","infected","single",101,"infected - D-tagatose","oomycete biotroph","biotroph","leaf","17","Hyaloperonospora arabidopsidis","Hpa","Hpa",88.6,3317660.07761106,3745061,3317725
"50","SRR10030454",78,"Hyaloperonospora arabidopsidis 3","17","infected","single",101,"infected - D-tagatose","oomycete biotroph","biotroph","leaf","17","Hyaloperonospora arabidopsidis","Hpa","Hpa",88.6,3287408.57705282,3709123,3287474
"51","SRR10030455",79,"Hyaloperonospora arabidopsidis 3","17","infected","single",101,"infected - D-tagatose","oomycete biotroph","biotroph","leaf","17","Hyaloperonospora arabidopsidis","Hpa","Hpa",88.7,3175991.53166721,3579532,3176039
"52","SRR10030456",80,"Hyaloperonospora arabidopsidis 3","17","infected","single",101,"infected - D-tagatose","oomycete biotroph","biotroph","leaf","17","Hyaloperonospora arabidopsidis","Hpa","Hpa",88.9,2965196.24550931,3337227,2965259
"53","SRR10030457",81,"Hyaloperonospora arabidopsidis 3","17","infected","single",101,"infected - D-tagatose","oomycete biotroph","biotroph","leaf","17","Hyaloperonospora arabidopsidis","Hpa","Hpa",88.8,3019955.47052434,3401909,3020017
"54","SRR10030458",82,"Hyaloperonospora arabidopsidis 3","17","infected","single",101,"infected - D-tagatose","oomycete biotroph","biotroph","leaf","17","Hyaloperonospora arabidopsidis","Hpa","Hpa",88.6,3307495.26676931,3732286,3307543
"55","SRR10030459",83,"Hyaloperonospora arabidopsidis 3","17","infected","single",101,"infected - D-tagatose","oomycete biotroph","biotroph","leaf","17","Hyaloperonospora arabidopsidis","Hpa","Hpa",88.6,3288830.138481,3710886,3288887
"56","SRR10030460",84,"Hyaloperonospora arabidopsidis 3","17","infected","single",101,"infected - D-tagatose","oomycete biotroph","biotroph","leaf","17","Hyaloperonospora arabidopsidis","Hpa","Hpa",88.6,3276832.10080237,3696954,3276895
"57","SRR10030461",85,"Hyaloperonospora arabidopsidis 3","17","infected","single",101,"infected - D-tagatose","oomycete biotroph","biotroph","leaf","17","Hyaloperonospora arabidopsidis","Hpa","Hpa",88.6,3250430.57142548,3666715,3250493
"58","SRR10030462",86,"Hyaloperonospora arabidopsidis 3","17","infected","single",101,"infected - D-tagatose","oomycete biotroph","biotroph","leaf","17","Hyaloperonospora arabidopsidis","Hpa","Hpa",88.8,3111109.85316686,3503832,3111173
"59","SRR10030463",87,"Hyaloperonospora arabidopsidis 3","17","infected","single",101,"infected - D-tagatose","oomycete biotroph","biotroph","leaf","17","Hyaloperonospora arabidopsidis","Hpa","Hpa",88.9,2925546.60160391,3290253,2925599
"60","SRR10030464",88,"Hyaloperonospora arabidopsidis 3","17","infected","single",101,"infected - D-tagatose","oomycete biotroph","biotroph","leaf","17","Hyaloperonospora arabidopsidis","Hpa","Hpa",88.8,3240617.67561352,3650897,3240670
"61","SRR10030465",89,"Hyaloperonospora arabidopsidis 3","17","infected","single",101,"infected - D-tagatose","oomycete biotroph","biotroph","leaf","17","Hyaloperonospora arabidopsidis","Hpa","Hpa",88.6,3294975.08869223,3718346,3295035
"62","SRR10030466",90,"Hyaloperonospora arabidopsidis 3","17","infected","single",101,"infected - D-tagatose","oomycete biotroph","biotroph","leaf","17","Hyaloperonospora arabidopsidis","Hpa","Hpa",88.6,3275627.80875277,3695396,3275691
"63","SRR10030467",91,"Hyaloperonospora arabidopsidis 3","17","infected","single",101,"infected - D-tagatose","oomycete biotroph","biotroph","leaf","17","Hyaloperonospora arabidopsidis","Hpa","Hpa",88.7,3204906.3302158,3613366,3204971
"64","SRR10030468",92,"Hyaloperonospora arabidopsidis 3","17","infected","single",101,"infected - D-tagatose","oomycete biotroph","biotroph","leaf","17","Hyaloperonospora arabidopsidis","Hpa","Hpa",88.8,3042588.46740315,3425974,3042636
"65","SRR10030469",93,"Hyaloperonospora arabidopsidis 3","17","infected","single",101,"infected - D-tagatose","oomycete biotroph","biotroph","leaf","17","Hyaloperonospora arabidopsidis","Hpa","Hpa",88.8,2987259.98000334,3363245,2987305
"66","SRR10030470",94,"Hyaloperonospora arabidopsidis 3","17","infected","single",101,"infected - D-tagatose","oomycete biotroph","biotroph","leaf","17","Hyaloperonospora arabidopsidis","Hpa","Hpa",88.6,3308913.04888759,3736708,3308968
"67","SRR10030471",95,"Hyaloperonospora arabidopsidis 3","17","infected","single",101,"infected - D-tagatose","oomycete biotroph","biotroph","leaf","17","Hyaloperonospora arabidopsidis","Hpa","Hpa",88.7,3224736.52947766,3636917,3224791
"68","SRR10030472",96,"Hyaloperonospora arabidopsidis 3","17","infected","single",101,"infected - D-tagatose","oomycete biotroph","biotroph","leaf","17","Hyaloperonospora arabidopsidis","Hpa","Hpa",88.6,3288824.72335226,3711478,3288886
"69","SRR10030473",97,"Hyaloperonospora arabidopsidis 3","17","infected","single",101,"infected - D-tagatose","oomycete biotroph","biotroph","leaf","17","Hyaloperonospora arabidopsidis","Hpa","Hpa",88.6,3239847.4345895,3654812,3239899
"70","SRR10030474",98,"Hyaloperonospora arabidopsidis 3","17","infected","single",101,"infected - D-tagatose","oomycete biotroph","biotroph","leaf","17","Hyaloperonospora arabidopsidis","Hpa","Hpa",88.8,3152811.62974123,3552277,3152880
"71","SRR10030475",99,"Hyaloperonospora arabidopsidis 3","17","infected","single",101,"infected - D-tagatose","oomycete biotroph","biotroph","leaf","17","Hyaloperonospora arabidopsidis","Hpa","Hpa",88.9,2911732.28883282,3276730,2911771
"72","SRR10030476",100,"Hyaloperonospora arabidopsidis 3","17","infected","single",101,"infected - D-tagatose","oomycete biotroph","biotroph","leaf","17","Hyaloperonospora arabidopsidis","Hpa","Hpa",88.9,1270804.10766697,1429186,1270830
"73","SRR10030477",101,"Hyaloperonospora arabidopsidis 3","17","infected","single",101,"infected - D-tagatose","oomycete biotroph","biotroph","leaf","17","Hyaloperonospora arabidopsidis","Hpa","Hpa",88.7,3170485.29769049,3572975,3170538
"74","SRR10030478",102,"Hyaloperonospora arabidopsidis 3","17","infected","single",101,"infected - D-tagatose","oomycete biotroph","biotroph","leaf","17","Hyaloperonospora arabidopsidis","Hpa","Hpa",88.9,2947842.95334534,3316637,2947893
"75","SRR10030479",103,"Hyaloperonospora arabidopsidis 3","17","infected","single",101,"infected - D-tagatose","oomycete biotroph","biotroph","leaf","17","Hyaloperonospora arabidopsidis","Hpa","Hpa",88.8,3080261.04455698,3468155,3080318
"76","SRR10030480",104,"Hyaloperonospora arabidopsidis 3","17","infected","single",101,"infected - D-tagatose","oomycete biotroph","biotroph","leaf","17","Hyaloperonospora arabidopsidis","Hpa","Hpa",88.6,3296631.82239132,3720072,3296691
"77","SRR10030481",105,"Hyaloperonospora arabidopsidis 3","17","infected","single",101,"infected - D-tagatose","oomycete biotroph","biotroph","leaf","17","Hyaloperonospora arabidopsidis","Hpa","Hpa",88.7,3276309.90175423,3695248,3276357
"78","SRR10030482",106,"Hyaloperonospora arabidopsidis 3","17","infected","single",101,"infected - D-tagatose","oomycete biotroph","biotroph","leaf","17","Hyaloperonospora arabidopsidis","Hpa","Hpa",88.7,3230198.74004838,3641437,3230263
"79","SRR10030483",107,"Hyaloperonospora arabidopsidis 3","17","infected","single",101,"infected - mock solution","oomycete biotroph","biotroph","leaf","17","Hyaloperonospora arabidopsidis","Hpa","Hpa",73.7,2729162.38502544,3703222,2729222
"80","SRR10030484",108,"Hyaloperonospora arabidopsidis 3","17","infected","single",101,"infected - mock solution","oomycete biotroph","biotroph","leaf","17","Hyaloperonospora arabidopsidis","Hpa","Hpa",73.8,2699986.42340205,3661041,2700046
"81","SRR10030485",109,"Hyaloperonospora arabidopsidis 3","17","infected","single",101,"infected - mock solution","oomycete biotroph","biotroph","leaf","17","Hyaloperonospora arabidopsidis","Hpa","Hpa",73.5,2513021.69356003,3417606,2513064
"82","SRR10030486",110,"Hyaloperonospora arabidopsidis 3","17","infected","single",101,"infected - mock solution","oomycete biotroph","biotroph","leaf","17","Hyaloperonospora arabidopsidis","Hpa","Hpa",73.2,2617946.8492095,3575911,2617992
"83","SRR10030487",111,"Hyaloperonospora arabidopsidis 3","17","infected","single",101,"infected - mock solution","oomycete biotroph","biotroph","leaf","17","Hyaloperonospora arabidopsidis","Hpa","Hpa",73.6,2730476.07358233,3711750,2730524
"84","SRR10030488",112,"Hyaloperonospora arabidopsidis 3","17","infected","single",101,"infected - mock solution","oomycete biotroph","biotroph","leaf","17","Hyaloperonospora arabidopsidis","Hpa","Hpa",73.8,2663793.92211915,3610625,2663860
"85","SRR10030489",113,"Hyaloperonospora arabidopsidis 3","17","infected","single",101,"infected - mock solution","oomycete biotroph","biotroph","leaf","17","Hyaloperonospora arabidopsidis","Hpa","Hpa",73.6,2496215.99444068,3393142,2496274
"86","SRR10030490",114,"Hyaloperonospora arabidopsidis 3","17","infected","single",101,"infected - mock solution","oomycete biotroph","biotroph","leaf","17","Hyaloperonospora arabidopsidis","Hpa","Hpa",73.2,2696811.3394534,3686129,2696872
"87","SRR10030491",115,"Hyaloperonospora arabidopsidis 3","17","infected","single",101,"infected - mock solution","oomycete biotroph","biotroph","leaf","17","Hyaloperonospora arabidopsidis","Hpa","Hpa",73.7,2722588.341513,3694981,2722638
"88","SRR10030492",116,"Hyaloperonospora arabidopsidis 3","17","infected","single",101,"infected - mock solution","oomycete biotroph","biotroph","leaf","17","Hyaloperonospora arabidopsidis","Hpa","Hpa",73.9,2650613.01872313,3587168,2650665
"89","SRR10030493",117,"Hyaloperonospora arabidopsidis 3","17","infected","single",101,"infected - mock solution","oomycete biotroph","biotroph","leaf","17","Hyaloperonospora arabidopsidis","Hpa","Hpa",73.6,2473423.41200435,3360909,2473478
"90","SRR10030494",118,"Hyaloperonospora arabidopsidis 3","17","infected","single",101,"infected - mock solution","oomycete biotroph","biotroph","leaf","17","Hyaloperonospora arabidopsidis","Hpa","Hpa",73.7,2698617.33617015,3659353,2698683
"91","SRR10030495",119,"Hyaloperonospora arabidopsidis 3","17","infected","single",101,"infected - mock solution","oomycete biotroph","biotroph","leaf","17","Hyaloperonospora arabidopsidis","Hpa","Hpa",73.5,2740858.3495813,3730812,2740919
"92","SRR10030496",120,"Hyaloperonospora arabidopsidis 3","17","infected","single",101,"infected - mock solution","oomycete biotroph","biotroph","leaf","17","Hyaloperonospora arabidopsidis","Hpa","Hpa",73.6,2716125.16550895,3688187,2716175
"93","SRR10030497",121,"Hyaloperonospora arabidopsidis 3","17","infected","single",101,"infected - mock solution","oomycete biotroph","biotroph","leaf","17","Hyaloperonospora arabidopsidis","Hpa","Hpa",73.3,2610968.71893949,3563211,2611034
"94","SRR10030498",122,"Hyaloperonospora arabidopsidis 3","17","infected","single",101,"infected - mock solution","oomycete biotroph","biotroph","leaf","17","Hyaloperonospora arabidopsidis","Hpa","Hpa",73.7,1987574.76943939,2696331,1987617
"95","SRR10030499",123,"Hyaloperonospora arabidopsidis 3","17","infected","single",101,"infected - mock solution","oomycete biotroph","biotroph","leaf","17","Hyaloperonospora arabidopsidis","Hpa","Hpa",74,2630342.86973946,3554921,2630411
"96","SRR10030500",124,"Hyaloperonospora arabidopsidis 3","17","infected","single",101,"infected - mock solution","oomycete biotroph","biotroph","leaf","17","Hyaloperonospora arabidopsidis","Hpa","Hpa",73.7,2489622.19677511,3377203,2489666
"97","SRR10030501",125,"Hyaloperonospora arabidopsidis 3","17","infected","single",101,"infected - mock solution","oomycete biotroph","biotroph","leaf","17","Hyaloperonospora arabidopsidis","Hpa","Hpa",73.7,2730343.55519089,3703924,2730416
"98","SRR10030502",126,"Hyaloperonospora arabidopsidis 3","17","infected","single",101,"infected - mock solution","oomycete biotroph","biotroph","leaf","17","Hyaloperonospora arabidopsidis","Hpa","Hpa",73.8,2701847.36990774,3663183,2701894
"99","SRR10030503",127,"Hyaloperonospora arabidopsidis 3","17","infected","single",101,"infected - mock solution","oomycete biotroph","biotroph","leaf","17","Hyaloperonospora arabidopsidis","Hpa","Hpa",74.2,2531349.35682425,3413556,2531401
"100","SRR10030504",128,"Hyaloperonospora arabidopsidis 3","17","infected","single",101,"infected - mock solution","oomycete biotroph","biotroph","leaf","17","Hyaloperonospora arabidopsidis","Hpa","Hpa",73.3,2545283.68996618,3471730,2545336
"101","SRR10030505",129,"Hyaloperonospora arabidopsidis 3","17","infected","single",101,"infected - mock solution","oomycete biotroph","biotroph","leaf","17","Hyaloperonospora arabidopsidis","Hpa","Hpa",73.5,2749345.9557232,3740402,2749408
"102","SRR12330763",130,"Meloidogyne javanica","3","infected","paired",300,"infected","nematode","biotroph","root","3","Meloidogyne javanica","M. javanica","M. javanica",93.9,11421712.4481617,12168776,11422212
"103","SRR12330764",131,"Meloidogyne javanica","3","infected","paired",300,"infected","nematode","biotroph","root","3","Meloidogyne javanica","M. javanica","M. javanica",93.7,11476996.1645949,12247190,11477475
"104","SRR12330765",132,"Meloidogyne javanica","3","infected","paired",300,"infected","nematode","biotroph","root","3","Meloidogyne javanica","M. javanica","M. javanica",94.9,9504251.06141021,10013728,9504591
"105","SRR12330766",133,"Meloidogyne javanica","3","control","paired",300,"control","control","control","root","3","Meloidogyne javanica","M. javanica","control",96.1,14824811.368801,15427700,14825171
"106","SRR12330767",134,"Meloidogyne javanica","3","control","paired",300,"control","control","control","root","3","Meloidogyne javanica","M. javanica","control",95.4,12288152.5857746,12879342,12288467
"107","SRR12330768",135,"Meloidogyne javanica","3","control","paired",300,"control","control","control","root","3","Meloidogyne javanica","M. javanica","control",95.4,13782103.9020929,14442877,13782489
"244","SRR7811358",136,"Plasmodiophora brassicae","24","infected","paired",202,"infected","protist biotroph","biotroph","root","24","Plasmodiophora brassicae","P. brassicae","P. brassicae",93.1,11790424.4389615,12665914,11791646
"245","SRR7811359",137,"Plasmodiophora brassicae","20","infected","paired",202,"infected","protist biotroph","biotroph","root","20","Plasmodiophora brassicae","P. brassicae","P. brassicae",96.8,12563584.9463268,12978398,12564831
"246","SRR7811360",138,"Plasmodiophora brassicae","20","infected","paired",202,"infected","protist biotroph","biotroph","root","20","Plasmodiophora brassicae","P. brassicae","P. brassicae",97.2,13419733.919872,13808659,13420283
"247","SRR7811361",139,"Plasmodiophora brassicae","24","infected","paired",202,"infected","protist biotroph","biotroph","root","24","Plasmodiophora brassicae","P. brassicae","P. brassicae",93.4,11686862.0057086,12514167,11688092
"248","SRR7811362",140,"Plasmodiophora brassicae","24","infected","paired",202,"infected","protist biotroph","biotroph","root","24","Plasmodiophora brassicae","P. brassicae","P. brassicae",94.5,12608868.4782726,13348939,12610433
"249","SRR7811363",141,"Plasmodiophora brassicae","17","infected","paired",202,"infected","protist biotroph","biotroph","root","17","Plasmodiophora brassicae","P. brassicae","P. brassicae",96.7,25173196.2304805,26026429,25174980
"250","SRR7811364",142,"Plasmodiophora brassicae","17","infected","paired",202,"infected","protist biotroph","biotroph","root","17","Plasmodiophora brassicae","P. brassicae","P. brassicae",98,10310875.9976388,10524498,10311210
"251","SRR7811365",143,"Plasmodiophora brassicae","17","infected","paired",202,"infected","protist biotroph","biotroph","root","17","Plasmodiophora brassicae","P. brassicae","P. brassicae",96.5,8603801.41996045,8919751,8604410
"252","SRR7811366",144,"Plasmodiophora brassicae","20","infected","paired",202,"infected","protist biotroph","biotroph","root","20","Plasmodiophora brassicae","P. brassicae","P. brassicae",96.9,11962489.993223,12341757,11963630
"208","SRR3124722",145,"Plasmodiophora brassicae 2","17","infected","paired",202,"infected - leaf","protist biotroph","biotroph","leaf","17","Plasmodiophora brassicae","P. brassicae","P. brassicae",97.9,8185870.63492743,8358101,8186170
"209","SRR3124724",146,"Plasmodiophora brassicae 2","24","infected","paired",202,"infected - leaf","protist biotroph","biotroph","leaf","24","Plasmodiophora brassicae","P. brassicae","P. brassicae",98,11108681.9204866,11332486,11109228
"210","SRR3124726",147,"Plasmodiophora brassicae 2","17","infected","paired",202,"infected - leaf","protist biotroph","biotroph","leaf","17","Plasmodiophora brassicae","P. brassicae","P. brassicae",97.7,10391086.6400986,10635493,10391477
"211","SRR3124729",148,"Plasmodiophora brassicae 2","20","infected","paired",202,"infected - leaf","protist biotroph","biotroph","leaf","20","Plasmodiophora brassicae","P. brassicae","P. brassicae",98.2,15567131.5709385,15847392,15567942
"212","SRR3124731",149,"Plasmodiophora brassicae 2","24","infected","paired",202,"infected - leaf","protist biotroph","biotroph","leaf","24","Plasmodiophora brassicae","P. brassicae","P. brassicae",97.3,15943581.2888463,16393176,15944686
"213","SRR3124735",150,"Plasmodiophora brassicae 2","17","infected","paired",202,"infected - root","protist biotroph","biotroph","root","17","Plasmodiophora brassicae","P. brassicae","P. brassicae",96.7,25173196.2304805,26026429,25174980
"214","SRR3124737",151,"Plasmodiophora brassicae 2","20","infected","paired",202,"infected - root","protist biotroph","biotroph","root","20","Plasmodiophora brassicae","P. brassicae","P. brassicae",96.9,11962489.993223,12341757,11963630
"215","SRR3124740",152,"Plasmodiophora brassicae 2","24","infected","paired",202,"infected - root","protist biotroph","biotroph","root","24","Plasmodiophora brassicae","P. brassicae","P. brassicae",93.4,11686862.0057086,12514167,11688092
"216","SRR3124742",153,"Plasmodiophora brassicae 2","17","infected","paired",202,"infected - root","protist biotroph","biotroph","root","17","Plasmodiophora brassicae","P. brassicae","P. brassicae",98,10310875.9976388,10524498,10311210
"217","SRR3124743",154,"Plasmodiophora brassicae 2","20","infected","paired",202,"infected - root","protist biotroph","biotroph","root","20","Plasmodiophora brassicae","P. brassicae","P. brassicae",96.8,12563584.9463268,12978398,12564831
"218","SRR3124745",155,"Plasmodiophora brassicae 2","24","infected","paired",202,"infected - root","protist biotroph","biotroph","root","24","Plasmodiophora brassicae","P. brassicae","P. brassicae",94.5,12608868.4782726,13348939,12610433
"219","SRR3124747",156,"Plasmodiophora brassicae 2","20","infected","paired",202,"infected - leaf","protist biotroph","biotroph","leaf","20","Plasmodiophora brassicae","P. brassicae","P. brassicae",97.6,9139207.57993291,9363389,9139710
"220","SRR3124748",157,"Plasmodiophora brassicae 2","17","infected","paired",202,"infected - root","protist biotroph","biotroph","root","17","Plasmodiophora brassicae","P. brassicae","P. brassicae",96.5,8603801.41996045,8919751,8604410
"221","SRR3124750",158,"Plasmodiophora brassicae 2","20","infected","paired",202,"infected - root","protist biotroph","biotroph","root","20","Plasmodiophora brassicae","P. brassicae","P. brassicae",97.2,13419733.919872,13808659,13420283
"222","SRR3124752",159,"Plasmodiophora brassicae 2","24","infected","paired",202,"infected - root","protist biotroph","biotroph","root","24","Plasmodiophora brassicae","P. brassicae","P. brassicae",93.1,11790424.4389615,12665914,11791646
"223","SRR3124754",160,"Plasmodiophora brassicae 2","17","control","paired",202,"control - leaf","control","control","leaf","17","Plasmodiophora brassicae","P. brassicae","control",98,15578030.6281945,15902816,15578453
"224","SRR3124756",161,"Plasmodiophora brassicae 2","20","control","paired",202,"control - leaf","control","control","leaf","20","Plasmodiophora brassicae","P. brassicae","control",95.2,15062914.7247106,15816370,15063572
"225","SRR3124759",162,"Plasmodiophora brassicae 2","24","control","paired",202,"control - leaf","control","control","leaf","24","Plasmodiophora brassicae","P. brassicae","control",97.8,10279893.3307327,10506544,10280256
"226","SRR3124761",163,"Plasmodiophora brassicae 2","17","control","paired",202,"control - leaf","control","control","leaf","17","Plasmodiophora brassicae","P. brassicae","control",97.8,10579676.5311035,10814844,10579966
"227","SRR3124764",164,"Plasmodiophora brassicae 2","20","control","paired",202,"control - leaf","control","control","leaf","20","Plasmodiophora brassicae","P. brassicae","control",97.9,11027957.3322375,11268726,11028372
"228","SRR3124766",165,"Plasmodiophora brassicae 2","24","control","paired",202,"control - leaf","control","control","leaf","24","Plasmodiophora brassicae","P. brassicae","control",97.8,11740540.7702456,12004346,11741122
"229","SRR3124767",166,"Plasmodiophora brassicae 2","17","control","paired",202,"control - leaf","control","control","leaf","17","Plasmodiophora brassicae","P. brassicae","control",97.8,5762541.343217,5892667,5762645
"230","SRR3124769",167,"Plasmodiophora brassicae 2","24","infected","paired",202,"infected - leaf","protist biotroph","biotroph","leaf","24","Plasmodiophora brassicae","P. brassicae","P. brassicae",98.1,20026836.961211,20421974,20028003
"231","SRR3124770",168,"Plasmodiophora brassicae 2","20","control","paired",202,"control - leaf","control","control","leaf","20","Plasmodiophora brassicae","P. brassicae","control",98,8813013.58703467,8993506,8813252
"232","SRR3124772",169,"Plasmodiophora brassicae 2","24","control","paired",202,"control - leaf","control","control","leaf","24","Plasmodiophora brassicae","P. brassicae","control",97.9,13761389.5023098,14050423,13761877
"233","SRR3124775",170,"Plasmodiophora brassicae 2","17","control","paired",202,"control - root","control","control","root","17","Plasmodiophora brassicae","P. brassicae","control",96.6,11374122.4593371,11777627,11374896
"234","SRR3124986",171,"Plasmodiophora brassicae 2","20","control","paired",202,"control - root","control","control","root","20","Plasmodiophora brassicae","P. brassicae","control",97.3,20251523.7045215,20818323,20252610
"235","SRR3124987",172,"Plasmodiophora brassicae 2","24","control","paired",202,"control - root","control","control","root","24","Plasmodiophora brassicae","P. brassicae","control",96.8,13088062.2761018,13516061,13089074
"236","SRR3124990",173,"Plasmodiophora brassicae 2","17","control","paired",202,"control - root","control","control","root","17","Plasmodiophora brassicae","P. brassicae","control",96.5,13268438.530981,13751446,13270398
"237","SRR3124992",174,"Plasmodiophora brassicae 2","20","control","paired",202,"control - root","control","control","root","20","Plasmodiophora brassicae","P. brassicae","control",96.6,13649964.1533561,14133849,13650660
"238","SRR3124994",175,"Plasmodiophora brassicae 2","24","control","paired",202,"control - root","control","control","root","24","Plasmodiophora brassicae","P. brassicae","control",96.4,11106849.884525,11521985,11107922
"239","SRR3124997",176,"Plasmodiophora brassicae 2","17","control","paired",202,"control - root","control","control","root","17","Plasmodiophora brassicae","P. brassicae","control",97.1,12921177.0031048,13309423,12922062
"240","SRR3124998",177,"Plasmodiophora brassicae 2","20","control","paired",202,"control - root","control","control","root","20","Plasmodiophora brassicae","P. brassicae","control",96.7,9619886.0402064,9947495,9620466
"241","SRR3125002",178,"Plasmodiophora brassicae 2","17","infected","paired",202,"infected - leaf","protist biotroph","biotroph","leaf","17","Plasmodiophora brassicae","P. brassicae","P. brassicae",97.8,11318237.3178013,11575777,11318568
"242","SRR3125004",179,"Plasmodiophora brassicae 2","24","control","paired",202,"control - root","control","control","root","24","Plasmodiophora brassicae","P. brassicae","control",95.2,10245601.5047389,10761687,10246833
"243","SRR3125005",180,"Plasmodiophora brassicae 2","20","infected","paired",202,"infected - leaf","protist biotroph","biotroph","leaf","20","Plasmodiophora brassicae","P. brassicae","P. brassicae",97.9,10294643.4006347,10518831,10295348
"160","SRR30310344",181,"Turnip mosaic virus (TuMV)","14","infected","paired",300,"TuMV-AS","viral biotroph","biotroph","full aerial","14","Turnip mosaic virus (TuMV)","TuMV","TuMV",70.8,15531654.0334822,21951892,15532545
"161","SRR30310345",182,"Turnip mosaic virus (TuMV)","14","control","paired",300,"control","control","control","full aerial","14","Turnip mosaic virus (TuMV)","TuMV","control",77.6,21837759.3302565,28150576,21847845
"162","SRR30310346",183,"Turnip mosaic virus (TuMV)","14","control","paired",300,"control","control","control","full aerial","14","Turnip mosaic virus (TuMV)","TuMV","control",96.8,20425139.9447814,21096749,20431650
"163","SRR30310347",184,"Turnip mosaic virus (TuMV)","14","control","paired",300,"control","control","control","full aerial","14","Turnip mosaic virus (TuMV)","TuMV","control",96.4,22928260.9735281,23795448,22934583
"164","SRR30310348",185,"Turnip mosaic virus (TuMV)","14","control","paired",300,"control","control","control","full aerial","14","Turnip mosaic virus (TuMV)","TuMV","control",82.6,17084939.6000496,20690051,17089986
"165","SRR30310349",186,"Turnip mosaic virus (TuMV)","14","control","paired",300,"control","control","control","full aerial","14","Turnip mosaic virus (TuMV)","TuMV","control",96.7,21702520.6003167,22443769,21703392
"166","SRR30310350",187,"Turnip mosaic virus (TuMV)","14","control","paired",300,"control","control","control","full aerial","14","Turnip mosaic virus (TuMV)","TuMV","control",84.9,19499501.7402838,22978714,19505263
"167","SRR30310351",188,"Turnip mosaic virus (TuMV)","14","infected","paired",300,"TuMV-DV","viral biotroph","biotroph","full aerial","14","Turnip mosaic virus (TuMV)","TuMV","TuMV",61.8,13371344.6531264,21651786,13373495
"168","SRR30310352",189,"Turnip mosaic virus (TuMV)","14","infected","paired",300,"TuMV-DV","viral biotroph","biotroph","full aerial","14","Turnip mosaic virus (TuMV)","TuMV","TuMV",58.1,13642326.6689128,23484987,13646746
"169","SRR30310353",190,"Turnip mosaic virus (TuMV)","14","infected","paired",300,"TuMV-DV","viral biotroph","biotroph","full aerial","14","Turnip mosaic virus (TuMV)","TuMV","TuMV",42.1,12631036.4733817,30064881,12644712
"170","SRR30310354",191,"Turnip mosaic virus (TuMV)","14","infected","paired",300,"TuMV-DV","viral biotroph","biotroph","full aerial","14","Turnip mosaic virus (TuMV)","TuMV","TuMV",70.2,15342680.3357822,21854424,15343835
"171","SRR30310355",192,"Turnip mosaic virus (TuMV)","14","infected","paired",300,"TuMV-DV","viral biotroph","biotroph","full aerial","14","Turnip mosaic virus (TuMV)","TuMV","TuMV",62.3,12261028.2014977,19670858,12261790
"172","SRR30310356",193,"Turnip mosaic virus (TuMV)","14","infected","paired",300,"TuMV-DV","viral biotroph","biotroph","full aerial","14","Turnip mosaic virus (TuMV)","TuMV","TuMV",64.2,14821490.0362146,23105497,14822786
"173","SRR30310357",194,"Turnip mosaic virus (TuMV)","14","infected","paired",300,"TuMV-DV","viral biotroph","biotroph","full aerial","14","Turnip mosaic virus (TuMV)","TuMV","TuMV",82.3,19367581.4804932,23526220,19368694
"174","SRR30310358",195,"Turnip mosaic virus (TuMV)","14","control","paired",300,"control","control","control","full aerial","14","Turnip mosaic virus (TuMV)","TuMV","control",96.1,22619486.8377712,23538119,22620724
"175","SRR30310359",196,"Turnip mosaic virus (TuMV)","14","infected","paired",300,"TuMV-DV","viral biotroph","biotroph","full aerial","14","Turnip mosaic virus (TuMV)","TuMV","TuMV",77.4,17839239.1291913,23043905,17840317
"176","SRR30310360",197,"Turnip mosaic virus (TuMV)","14","infected","paired",300,"TuMV-DV","viral biotroph","biotroph","full aerial","14","Turnip mosaic virus (TuMV)","TuMV","TuMV",82.8,19809743.1069272,23921183,19810850
"177","SRR30310361",198,"Turnip mosaic virus (TuMV)","14","infected","paired",300,"TuMV-AS","viral biotroph","biotroph","full aerial","14","Turnip mosaic virus (TuMV)","TuMV","TuMV",53.7,14912695.4762909,27811941,14925751
"178","SRR30310362",199,"Turnip mosaic virus (TuMV)","14","infected","paired",300,"TuMV-AS","viral biotroph","biotroph","full aerial","14","Turnip mosaic virus (TuMV)","TuMV","TuMV",56.7,11889010.7136376,20983399,11895552
"179","SRR30310363",200,"Turnip mosaic virus (TuMV)","14","infected","paired",300,"TuMV-AS","viral biotroph","biotroph","full aerial","14","Turnip mosaic virus (TuMV)","TuMV","TuMV",58.3,12390109.1294505,21265592,12394189
"180","SRR30310364",201,"Turnip mosaic virus (TuMV)","14","infected","paired",300,"TuMV-AS","viral biotroph","biotroph","full aerial","14","Turnip mosaic virus (TuMV)","TuMV","TuMV",74.4,15538096.7584341,20880148,15539524
"181","SRR30310365",202,"Turnip mosaic virus (TuMV)","14","infected","paired",300,"TuMV-AS","viral biotroph","biotroph","full aerial","14","Turnip mosaic virus (TuMV)","TuMV","TuMV",79.3,18188902.5759117,22926995,18190820
"182","SRR30310366",203,"Turnip mosaic virus (TuMV)","14","infected","paired",300,"TuMV-AS","viral biotroph","biotroph","full aerial","14","Turnip mosaic virus (TuMV)","TuMV","TuMV",76.3,19673018.171506,25781706,19674936
"183","SRR30310367",204,"Turnip mosaic virus (TuMV)","14","infected","paired",300,"TuMV-AS","viral biotroph","biotroph","full aerial","14","Turnip mosaic virus (TuMV)","TuMV","TuMV",71.7,14466209.6155435,20165339,14467250
"184","SRR30310368",205,"Turnip mosaic virus (TuMV)","14","infected","paired",300,"TuMV-AS","viral biotroph","biotroph","full aerial","14","Turnip mosaic virus (TuMV)","TuMV","TuMV",67.4,13283517.0028374,19697324,13284374
"185","SRR30310369",206,"Turnip mosaic virus (TuMV)","14","control","paired",300,"control","control","control","full aerial","14","Turnip mosaic virus (TuMV)","TuMV","control",95.9,20750937.2271878,21628907,20751924
"186","SRR30310370",207,"Turnip mosaic virus (TuMV)","14","control","paired",300,"control","control","control","full aerial","14","Turnip mosaic virus (TuMV)","TuMV","control",96,23075510.8172009,24044425,23076309
"150","SRR24657655",208,"Turnip mosaic virus (TuMV) 3","14","infected","paired",300,"Evolved TuMV infected passage 12","viral biotroph","biotroph","leaf","14","Turnip mosaic virus (TuMV)","TuMV","TuMV",64.7,15823189.4051872,24668579,15971581
"151","SRR24657656",209,"Turnip mosaic virus (TuMV) 3","14","infected","paired",300,"Evolved TuMV infected passage 12","viral biotroph","biotroph","leaf","14","Turnip mosaic virus (TuMV)","TuMV","TuMV",64.4,16198152.4045031,25373823,16351959
"152","SRR24657657",210,"Turnip mosaic virus (TuMV) 3","14","infected","paired",300,"Evolved TuMV infected passage 12","viral biotroph","biotroph","leaf","14","Turnip mosaic virus (TuMV)","TuMV","TuMV",57,12220448.3428674,21694683,12357482
"153","SRR24657658",211,"Turnip mosaic virus (TuMV) 3","14","infected","paired",300,"Evolved TuMV infected passage 12","viral biotroph","biotroph","leaf","14","Turnip mosaic virus (TuMV)","TuMV","TuMV",62.9,13959385.5577846,22376738,14077399
"154","SRR24657659",212,"Turnip mosaic virus (TuMV) 3","14","infected","paired",300,"Evolved TuMV infected passage 12","viral biotroph","biotroph","leaf","14","Turnip mosaic virus (TuMV)","TuMV","TuMV",60.4,12914268.8722738,21623904,13063892
"155","SRR24657669",213,"Turnip mosaic virus (TuMV) 3","14","infected","paired",300,"Naïve TuMV infected\, passage 1","viral biotroph","biotroph","leaf","14","Turnip mosaic virus (TuMV)","TuMV","TuMV",72.1,14622525.4900977,20451802,14741057
"156","SRR24657680",214,"Turnip mosaic virus (TuMV) 3","14","infected","paired",300,"Naïve TuMV infected\, passage 1","viral biotroph","biotroph","leaf","14","Turnip mosaic virus (TuMV)","TuMV","TuMV",75.2,17471525.0340928,23425495,17612346
"157","SRR24657691",215,"Turnip mosaic virus (TuMV) 3","14","infected","paired",300,"Naïve TuMV infected\, passage 1","viral biotroph","biotroph","leaf","14","Turnip mosaic virus (TuMV)","TuMV","TuMV",73.3,16924417.2086816,23264794,17061110
"158","SRR24657702",216,"Turnip mosaic virus (TuMV) 3","14","infected","paired",300,"Naïve TuMV infected\, passage 1","viral biotroph","biotroph","leaf","14","Turnip mosaic virus (TuMV)","TuMV","TuMV",72.6,15705840.4557653,21828275,15837145
"159","SRR24657703",217,"Turnip mosaic virus (TuMV) 3","14","infected","paired",300,"Naïve TuMV infected\, passage 1","viral biotroph","biotroph","leaf","14","Turnip mosaic virus (TuMV)","TuMV","TuMV",77.2,15611616.9366684,20374483,15720499
"21","ERR7738942",218,"Turnip yellows virus (TuYV)","14","infected","paired",150,"infected","viral biotroph","biotroph","leaf","14","Turnip yellows virus (TuYV)","TuYV","TuYV",94.4,25529090.0805198,27031002,25530514
"22","ERR7738943",219,"Turnip yellows virus (TuYV)","14","infected","paired",150,"infected","viral biotroph","biotroph","leaf","14","Turnip yellows virus (TuYV)","TuYV","TuYV",94.6,29157770.9781771,30823937,29159598
"23","ERR7738944",220,"Turnip yellows virus (TuYV)","14","infected","paired",150,"infected","viral biotroph","biotroph","leaf","14","Turnip yellows virus (TuYV)","TuYV","TuYV",94.8,28692048.3863698,30274742,28693752
"187","SRR30606508",221,"Botrytis cinerea","0,5","infected","paired",300,"infected","necrotoph","necrotroph","whole plant","0,5","Botrytis cinerea","B. cinerea","B. cinerea",83.5,37582574.5201204,45011607,37585094
"188","SRR30606509",222,"Botrytis cinerea","0,25","infected","paired",300,"infected","necrotoph","necrotroph","whole plant","0,25","Botrytis cinerea","B. cinerea","B. cinerea",92.6,40207453.6537045,43408739,40208888
"189","SRR30606510",223,"Botrytis cinerea","0,25","infected","paired",300,"infected","necrotoph","necrotroph","whole plant","0,25","Botrytis cinerea","B. cinerea","B. cinerea",90.4,40559133.4846659,44852753,40560584
"190","SRR30606511",224,"Botrytis cinerea","0,25","infected","paired",300,"infected","necrotoph","necrotroph","whole plant","0,25","Botrytis cinerea","B. cinerea","B. cinerea",89.2,38189097.4286118,42807831,38191357
"191","SRR30606517",225,"Botrytis cinerea","4","infected","paired",300,"infected","necrotoph","necrotroph","whole plant","4","Botrytis cinerea","B. cinerea","B. cinerea",95.8,41031218.2987197,42828166,41033881
"192","SRR30606518",226,"Botrytis cinerea","4","infected","paired",300,"infected","necrotoph","necrotroph","whole plant","4","Botrytis cinerea","B. cinerea","B. cinerea",96.5,42725869.7598318,44297401,42727998
"193","SRR30606519",227,"Botrytis cinerea","4","infected","paired",300,"infected","necrotoph","necrotroph","whole plant","4","Botrytis cinerea","B. cinerea","B. cinerea",95.6,40272838.7597943,42138299,40274784
"194","SRR30606520",228,"Botrytis cinerea","3","infected","paired",300,"infected","necrotoph","necrotroph","whole plant","3","Botrytis cinerea","B. cinerea","B. cinerea",95.9,41742862.8930247,43551843,41745147
"195","SRR30606521",229,"Botrytis cinerea","0","control","paired",300,"control","control","control","whole plant","0","Botrytis cinerea","B. cinerea","control",96,19175591.9716408,19976079,19176298
"196","SRR30606522",230,"Botrytis cinerea","3","infected","paired",300,"infected","necrotoph","necrotroph","whole plant","3","Botrytis cinerea","B. cinerea","B. cinerea",93.5,39240864.8412887,41967058,39242570
"197","SRR30606523",231,"Botrytis cinerea","3","infected","paired",300,"infected","necrotoph","necrotroph","whole plant","3","Botrytis cinerea","B. cinerea","B. cinerea",95.8,40387330.3591721,42166101,40390307
"198","SRR30606524",232,"Botrytis cinerea","2","infected","paired",300,"infected","necrotoph","necrotroph","whole plant","2","Botrytis cinerea","B. cinerea","B. cinerea",88.8,39809711.434282,44855036,39811945
"199","SRR30606525",233,"Botrytis cinerea","2","infected","paired",300,"infected","necrotoph","necrotroph","whole plant","2","Botrytis cinerea","B. cinerea","B. cinerea",94.3,41432496.1298797,43944350,41436029
"200","SRR30606526",234,"Botrytis cinerea","2","infected","paired",300,"infected","necrotoph","necrotroph","whole plant","2","Botrytis cinerea","B. cinerea","B. cinerea",91.5,40076288.9978437,43796057,40080150
"201","SRR30606527",235,"Botrytis cinerea","1","infected","paired",300,"infected","necrotoph","necrotroph","whole plant","1","Botrytis cinerea","B. cinerea","B. cinerea",93,39182614.8807996,42154217,39184558
"202","SRR30606528",236,"Botrytis cinerea","1","infected","paired",300,"infected","necrotoph","necrotroph","whole plant","1","Botrytis cinerea","B. cinerea","B. cinerea",93.5,39473309.4720065,42211821,39476070
"203","SRR30606529",237,"Botrytis cinerea","1","infected","paired",300,"infected","necrotoph","necrotroph","whole plant","1","Botrytis cinerea","B. cinerea","B. cinerea",92.2,42180090.9275418,45739815,42182037
"204","SRR30606530",238,"Botrytis cinerea","0,5","infected","paired",300,"infected","necrotoph","necrotroph","whole plant","0,5","Botrytis cinerea","B. cinerea","B. cinerea",93,38520430.5884799,41439622,38521474
"205","SRR30606531",239,"Botrytis cinerea","0,5","infected","paired",300,"infected","necrotoph","necrotroph","whole plant","0,5","Botrytis cinerea","B. cinerea","B. cinerea",88.9,37592204.9983671,42279314,37595125
"206","SRR30606532",240,"Botrytis cinerea","0","control","paired",300,"control","control","control","whole plant","0","Botrytis cinerea","B. cinerea","control",97,20865651.310228,21519588,20866078
"207","SRR30606533",241,"Botrytis cinerea","0","control","paired",300,"control","control","control","whole plant","0","Botrytis cinerea","B. cinerea","control",97,20889298.2657426,21546829,20889768
"108","SRR18568313",242,"Alternaria brassicae","10","control","single",100,"control","control","control","entire seed","10","Alternaria brassicae","A. brassicae","control",96.4,49674432.8636938,51541986,49681644
"109","SRR18568314",243,"Alternaria brassicae","10","control","single",100,"control","control","control","entire seed","10","Alternaria brassicae","A. brassicae","control",96.3,49677814.6193492,51576600,49684846
"110","SRR18568315",244,"Alternaria brassicae","10","control","single",100,"control","control","control","entire seed","10","Alternaria brassicae","A. brassicae","control",96,49632610.4229774,51693464,49638995
"111","SRR18568316",245,"Alternaria brassicae","6","control","single",100,"control","control","control","entire seed","6","Alternaria brassicae","A. brassicae","control",94.6,48405036.6567615,51175380,48417804
"112","SRR18568317",246,"Alternaria brassicae","6","control","single",100,"control","control","control","entire seed","6","Alternaria brassicae","A. brassicae","control",94.2,48201155.2152257,51188912,48215209
"113","SRR18568318",247,"Alternaria brassicae","6","control","single",100,"control","control","control","entire seed","6","Alternaria brassicae","A. brassicae","control",91.3,46860220.8206114,51334948,46876572
"114","SRR18568319",248,"Alternaria brassicae","3","control","single",100,"control","control","control","entire seed","3","Alternaria brassicae","A. brassicae","control",96.3,49974699.040459,51915012,49981250
"115","SRR18568320",249,"Alternaria brassicae","3","control","single",100,"control","control","control","entire seed","3","Alternaria brassicae","A. brassicae","control",96.1,49663310.7199764,51660306,49670818
"116","SRR18568321",250,"Alternaria brassicae","3","control","single",100,"control","control","control","entire seed","3","Alternaria brassicae","A. brassicae","control",96.9,50181610.0620053,51779478,50187044
"117","SRR18568322",251,"Alternaria brassicae","10","infected","single",100,"Abra43","necrotoph","necrotroph","entire seed","10","Alternaria brassicae","A. brassicae","A. brassicae",48.6,49592222.9821703,102153386,49600920
"118","SRR18568323",252,"Alternaria brassicae","10","infected","single",100,"Abra43","necrotoph","necrotroph","entire seed","10","Alternaria brassicae","A. brassicae","A. brassicae",57.5,58829057.7794725,102415786,58837935
"119","SRR18568324",253,"Alternaria brassicae","10","infected","single",100,"Abra43","necrotoph","necrotroph","entire seed","10","Alternaria brassicae","A. brassicae","A. brassicae",41.4,42290455.5965609,102223536,42298668
"120","SRR18568325",254,"Alternaria brassicae","6","infected","single",100,"Abra43","necrotoph","necrotroph","entire seed","6","Alternaria brassicae","A. brassicae","A. brassicae",19.2,19619577.419971,101979688,19625078
"121","SRR18568326",255,"Alternaria brassicae","6","infected","single",100,"Abra43","necrotoph","necrotroph","entire seed","6","Alternaria brassicae","A. brassicae","A. brassicae",17.2,17503028.8221159,101933502,17506954
"122","SRR18568327",256,"Alternaria brassicae","6","infected","single",100,"Abra43","necrotoph","necrotroph","entire seed","6","Alternaria brassicae","A. brassicae","A. brassicae",20.4,20800091.6320768,101877456,20807681
"123","SRR18568328",257,"Alternaria brassicae","3","infected","single",100,"Abra43","necrotoph","necrotroph","entire seed","3","Alternaria brassicae","A. brassicae","A. brassicae",40.9,41793965.7211359,102288192,41799974
"124","SRR18568329",258,"Alternaria brassicae","3","infected","single",100,"Abra43","necrotoph","necrotroph","entire seed","3","Alternaria brassicae","A. brassicae","A. brassicae",23.2,22475799.5679492,96984704,22484276
"125","SRR18568330",259,"Alternaria brassicae","3","infected","single",100,"Abra43","necrotoph","necrotroph","entire seed","3","Alternaria brassicae","A. brassicae","A. brassicae",35.2,36588692.6470644,103856890,36598109
"144","SRR24107301",260,"Drought","0","infected","paired",202,"salinity (mannitol)","drought","drought","root","0","Drought","Drought","Drought",76,23830458.1690866,31358207,23841832
"145","SRR24107302",261,"Drought","0","infected","paired",202,"salinity (mannitol)","drought","drought","root","0","Drought","Drought","Drought",77.3,24104890.5054955,31187085,24116092
"146","SRR24107303",262,"Drought","0","infected","paired",202,"drought (NaCl)","drought","drought","root","0","Drought","Drought","Drought",66.8,20772782.6830196,31096038,20786177
"147","SRR24107304",263,"Drought","0","infected","paired",202,"drought (NaCl)","drought","drought","root","0","Drought","Drought","Drought",73.5,23050625.0966785,31374763,23064586
"148","SRR24107305",264,"Drought","0","control","paired",202,"control","control","control","root","0","Drought","Drought","control",68.7,21331183.8664641,31064384,21347202
"149","SRR24107306",265,"Drought","0","control","paired",202,"control","control","control","root","0","Drought","Drought","control",70.1,22025224.0839578,31422652,22040811
"1","1_5_S4",266,"Erisyphe cruciferarum","1","infected","single",NA,"powdery mildew","fungal biotroph","biotroph","leaf","1","Erisyphe cruciferarum","E. cruciferarum","E. cruciferarum",NA,2067950.15383998,NA,NA
"2","1_9_S8",267,"Erisyphe cruciferarum","4","control","single",NA,"control","control","control","leaf","4","Erisyphe cruciferarum","E. cruciferarum","control",NA,1517430.99264793,NA,NA
"4","2_9_S21",268,"Erisyphe cruciferarum","4","control","single",NA,"control","control","control","leaf","4","Erisyphe cruciferarum","E. cruciferarum","control",NA,4831148.82216156,NA,NA
"6","3_9_S30",271,"Erisyphe cruciferarum","4","control","single",NA,"control","control","control","leaf","4","Erisyphe cruciferarum","E. cruciferarum","control",NA,7857359.46887102,NA,NA
"8","4_13_S43",275,"Erisyphe cruciferarum","4","infected","single",NA,"powdery mildew","fungal biotroph","biotroph","leaf","4","Erisyphe cruciferarum","E. cruciferarum","E. cruciferarum",NA,2543557.26537563,NA,NA
"7","4_1_S31",272,"Erisyphe cruciferarum","1","control","single",NA,"control","control","control","leaf","1","Erisyphe cruciferarum","E. cruciferarum","control",NA,5131755.95924546,NA,NA
"9","4_5_S35",273,"Erisyphe cruciferarum","1","infected","single",NA,"powdery mildew","fungal biotroph","biotroph","leaf","1","Erisyphe cruciferarum","E. cruciferarum","E. cruciferarum",NA,4048122.10165196,NA,NA
"10","4_9_S39",274,"Erisyphe cruciferarum","4","control","single",NA,"control","control","control","leaf","4","Erisyphe cruciferarum","E. cruciferarum","control",NA,4725183.34574209,NA,NA
"12","5_13_S59",279,"Erisyphe cruciferarum","4","infected","single",NA,"powdery mildew","fungal biotroph","biotroph","leaf","4","Erisyphe cruciferarum","E. cruciferarum","E. cruciferarum",NA,5938731.07734552,NA,NA
"11","5_1_S47",276,"Erisyphe cruciferarum","1","control","single",NA,"control","control","control","leaf","1","Erisyphe cruciferarum","E. cruciferarum","control",NA,5561789.92729181,NA,NA
"13","5_5_S51",277,"Erisyphe cruciferarum","1","infected","single",NA,"powdery mildew","fungal biotroph","biotroph","leaf","1","Erisyphe cruciferarum","E. cruciferarum","E. cruciferarum",NA,5189290.10547868,NA,NA
"14","5_9_S55",278,"Erisyphe cruciferarum","4","control","single",NA,"control","control","control","leaf","4","Erisyphe cruciferarum","E. cruciferarum","control",NA,4440768.09061923,NA,NA
"16","6_13_S74",282,"Erisyphe cruciferarum","4","infected","single",NA,"powdery mildew","fungal biotroph","biotroph","leaf","4","Erisyphe cruciferarum","E. cruciferarum","E. cruciferarum",NA,5437884.85302834,NA,NA
"15","6_1_S63",280,"Erisyphe cruciferarum","1","infected","single",NA,"powdery mildew","fungal biotroph","biotroph","leaf","1","Erisyphe cruciferarum","E. cruciferarum","E. cruciferarum",NA,2791061.3706609,NA,NA
