;Run;ID;Experiment;Timepoint..dpi.;infected_control.control;infected_control.infected;Library.paired;Library.single;avgSpotLen;infection_type;Category.control;Category.drought;Category.fungal biotroph;Category.necrotoph;Category.nematode;Category.oomycete biotroph;Category.protist biotroph;Category.viral biotroph;Category.viral pathogen;Category_trophs.;Category_trophs.biotroph;Category_trophs.control;Category_trophs.drought;Category_trophs.necrotroph;Tissue.entire seed;Tissue.full aerial;Tissue.leaf;Tissue.root;Tissue.whole plant;Timepoint_dpi.0;Timepoint_dpi.0,25;Timepoint_dpi.0,5;Timepoint_dpi.1;Timepoint_dpi.10;Timepoint_dpi.14;Timepoint_dpi.17;Timepoint_dpi.2;Timepoint_dpi.20;Timepoint_dpi.21;Timepoint_dpi.24;Timepoint_dpi.3;Timepoint_dpi.4;Timepoint_dpi.5;Timepoint_dpi.6;Timepoint_dpi.7;pathogen;pathogen_abbr;inf_path.A. brassicae;inf_path.B. cinerea;inf_path.control;inf_path.Drought;inf_path.E. cichoracearum;inf_path.E. cruciferarum;inf_path.G. orontii;inf_path.H. schachtii;inf_path.Hpa;inf_path.M. javanica;inf_path.P. brassicae;inf_path.TuMV;inf_path.TuYV;p_pseudoaligned;LibrarySize;n_processed;LibrarySize_kallisto;P.brassicae_leaf;P.brassicae_root;TuMV_AS;TuMV_DS
24;ERR7738945;1;Cauliflower mosaic virus (CaMV);21;0;1;1;0;150;infected;0;0;0;0;0;0;0;0;1;1;0;0;0;0;0;0;1;0;0;0;0;0;0;0;0;0;0;0;1;0;0;0;0;0;0;Cauliflower mosaic virus (CaMV);CaMV;0;0;0;0;0;0;0;0;0;0;0;0;0;86.6;27916909;32220560;27916909;0;0;0;0
25;ERR7738946;2;Cauliflower mosaic virus (CaMV);21;0;1;1;0;150;infected;0;0;0;0;0;0;0;0;1;1;0;0;0;0;0;0;1;0;0;0;0;0;0;0;0;0;0;0;1;0;0;0;0;0;0;Cauliflower mosaic virus (CaMV);CaMV;0;0;0;0;0;0;0;0;0;0;0;0;0;86.6;25092950;28982193;25092950;0;0;0;0
26;ERR7738947;3;Cauliflower mosaic virus (CaMV);21;0;1;1;0;150;infected;0;0;0;0;0;0;0;0;1;1;0;0;0;0;0;0;1;0;0;0;0;0;0;0;0;0;0;0;1;0;0;0;0;0;0;Cauliflower mosaic virus (CaMV);CaMV;0;0;0;0;0;0;0;0;0;0;0;0;0;86.5;24840655;28718288;24840655;0;0;0;0
18;ERR7738939;4;Cauliflower mosaic virus (CaMV);21;1;0;1;0;150;control;1;0;0;0;0;0;0;0;0;0;0;1;0;0;0;0;1;0;0;0;0;0;0;0;0;0;0;0;1;0;0;0;0;0;0;Cauliflower mosaic virus (CaMV);CaMV;0;0;1;0;0;0;0;0;0;0;0;0;0;95.9;32133095;33500761;32133095;0;0;0;0
19;ERR7738940;5;Cauliflower mosaic virus (CaMV);21;1;0;1;0;150;control;1;0;0;0;0;0;0;0;0;0;0;1;0;0;0;0;1;0;0;0;0;0;0;0;0;0;0;0;1;0;0;0;0;0;0;Cauliflower mosaic virus (CaMV);CaMV;0;0;1;0;0;0;0;0;0;0;0;0;0;95.3;28251259;29650291;28251259;0;0;0;0
20;ERR7738941;6;Cauliflower mosaic virus (CaMV);21;1;0;1;0;150;control;1;0;0;0;0;0;0;0;0;0;0;1;0;0;0;0;1;0;0;0;0;0;0;0;0;0;0;0;1;0;0;0;0;0;0;Cauliflower mosaic virus (CaMV);CaMV;0;0;1;0;0;0;0;0;0;0;0;0;0;95.4;27159360;28476519;27159360;0;0;0;0
253;SRR8689382;7;Erysiphe cichoracearum ;2;0;1;1;0;252;infected;0;0;1;0;0;0;0;0;0;0;1;0;0;0;0;0;1;0;0;0;0;0;0;0;0;0;1;0;0;0;0;0;0;0;0;Erysiphe cichoracearum ;E. cichoracearum;0;0;0;0;1;0;0;0;0;0;0;0;0;93.4;9912564;10609250;9912564;0;0;0;0
254;SRR8689383;8;Erysiphe cichoracearum ;2;0;1;1;0;252;infected;0;0;1;0;0;0;0;0;0;0;1;0;0;0;0;0;1;0;0;0;0;0;0;0;0;0;1;0;0;0;0;0;0;0;0;Erysiphe cichoracearum ;E. cichoracearum;0;0;0;0;1;0;0;0;0;0;0;0;0;93.5;9188643;9829831;9188643;0;0;0;0
255;SRR8689384;9;Erysiphe cichoracearum ;2;0;1;1;0;252;infected;0;0;1;0;0;0;0;0;0;0;1;0;0;0;0;0;1;0;0;0;0;0;0;0;0;0;1;0;0;0;0;0;0;0;0;Erysiphe cichoracearum ;E. cichoracearum;0;0;0;0;1;0;0;0;0;0;0;0;0;93.8;10962220;11691263;10962220;0;0;0;0
257;SRR8689389;10;Erysiphe cichoracearum ;5;0;1;1;0;252;infected;0;0;1;0;0;0;0;0;0;0;1;0;0;0;0;0;1;0;0;0;0;0;0;0;0;0;0;0;0;0;0;0;1;0;0;Erysiphe cichoracearum ;E. cichoracearum;0;0;0;0;1;0;0;0;0;0;0;0;0;93.1;9176092;9852794;9176092;0;0;0;0
258;SRR8689390;11;Erysiphe cichoracearum ;5;0;1;1;0;252;infected;0;0;1;0;0;0;0;0;0;0;1;0;0;0;0;0;1;0;0;0;0;0;0;0;0;0;0;0;0;0;0;0;1;0;0;Erysiphe cichoracearum ;E. cichoracearum;0;0;0;0;1;0;0;0;0;0;0;0;0;93;10037076;10797604;10037076;0;0;0;0
259;SRR8689394;12;Erysiphe cichoracearum ;7;0;1;1;0;252;infected;0;0;1;0;0;0;0;0;0;0;1;0;0;0;0;0;1;0;0;0;0;0;0;0;0;0;0;0;0;0;0;0;0;0;1;Erysiphe cichoracearum ;E. cichoracearum;0;0;0;0;1;0;0;0;0;0;0;0;0;94.5;9096496;9623065;9096496;0;0;0;0
260;SRR8689395;13;Erysiphe cichoracearum ;7;0;1;1;0;252;infected;0;0;1;0;0;0;0;0;0;0;1;0;0;0;0;0;1;0;0;0;0;0;0;0;0;0;0;0;0;0;0;0;0;0;1;Erysiphe cichoracearum ;E. cichoracearum;0;0;0;0;1;0;0;0;0;0;0;0;0;94.2;10336714;10968477;10336714;0;0;0;0
261;SRR8689396;14;Erysiphe cichoracearum ;7;0;1;1;0;252;infected;0;0;1;0;0;0;0;0;0;0;1;0;0;0;0;0;1;0;0;0;0;0;0;0;0;0;0;0;0;0;0;0;0;0;1;Erysiphe cichoracearum ;E. cichoracearum;0;0;0;0;1;0;0;0;0;0;0;0;0;93.8;11060979;11797045;11060979;0;0;0;0
262;SRR8689400;15;Erysiphe cichoracearum ;2;1;0;1;0;252;control;1;0;0;0;0;0;0;0;0;0;0;1;0;0;0;0;1;0;0;0;0;0;0;0;0;0;1;0;0;0;0;0;0;0;0;Erysiphe cichoracearum ;E. cichoracearum;0;0;1;0;0;0;0;0;0;0;0;0;0;94.3;10626172;11274142;10626172;0;0;0;0
264;SRR8689402;16;Erysiphe cichoracearum ;2;1;0;1;0;252;control;1;0;0;0;0;0;0;0;0;0;0;1;0;0;0;0;1;0;0;0;0;0;0;0;0;0;1;0;0;0;0;0;0;0;0;Erysiphe cichoracearum ;E. cichoracearum;0;0;1;0;0;0;0;0;0;0;0;0;0;94.6;10005205;10578778;10005205;0;0;0;0
266;SRR8689407;17;Erysiphe cichoracearum ;5;1;0;1;0;252;control;1;0;0;0;0;0;0;0;0;0;0;1;0;0;0;0;1;0;0;0;0;0;0;0;0;0;0;0;0;0;0;0;1;0;0;Erysiphe cichoracearum ;E. cichoracearum;0;0;1;0;0;0;0;0;0;0;0;0;0;93.2;10142912;10882252;10142912;0;0;0;0
267;SRR8689408;18;Erysiphe cichoracearum ;5;1;0;1;0;252;control;1;0;0;0;0;0;0;0;0;0;0;1;0;0;0;0;1;0;0;0;0;0;0;0;0;0;0;0;0;0;0;0;1;0;0;Erysiphe cichoracearum ;E. cichoracearum;0;0;1;0;0;0;0;0;0;0;0;0;0;95.2;9395824;9874422;9395824;0;0;0;0
268;SRR8689412;19;Erysiphe cichoracearum ;7;1;0;1;0;252;control;1;0;0;0;0;0;0;0;0;0;0;1;0;0;0;0;1;0;0;0;0;0;0;0;0;0;0;0;0;0;0;0;0;0;1;Erysiphe cichoracearum ;E. cichoracearum;0;0;1;0;0;0;0;0;0;0;0;0;0;90.1;9178285;10185941;9178285;0;0;0;0
270;SRR8689414;20;Erysiphe cichoracearum ;7;1;0;1;0;252;control;1;0;0;0;0;0;0;0;0;0;0;1;0;0;0;0;1;0;0;0;0;0;0;0;0;0;0;0;0;0;0;0;0;0;1;Erysiphe cichoracearum ;E. cichoracearum;0;0;1;0;0;0;0;0;0;0;0;0;0;95.2;10745370;11293079;10745370;0;0;0;0
256;SRR8689388;21;Erysiphe cichoracearum ;5;0;1;1;0;252;infected;0;0;1;0;0;0;0;0;0;0;1;0;0;0;0;0;1;0;0;0;0;0;0;0;0;0;0;0;0;0;0;0;1;0;0;Erysiphe cichoracearum ;E. cichoracearum;0;0;0;0;1;0;0;0;0;0;0;0;0;93.2;12549394;13466698;12549394;0;0;0;0
263;SRR8689401;22;Erysiphe cichoracearum ;2;1;0;1;0;252;control;1;0;0;0;0;0;0;0;0;0;0;1;0;0;0;0;1;0;0;0;0;0;0;0;0;0;1;0;0;0;0;0;0;0;0;Erysiphe cichoracearum ;E. cichoracearum;0;0;1;0;0;0;0;0;0;0;0;0;0;94.1;10223312;10870046;10223312;0;0;0;0
265;SRR8689406;23;Erysiphe cichoracearum ;5;1;0;1;0;252;control;1;0;0;0;0;0;0;0;0;0;0;1;0;0;0;0;1;0;0;0;0;0;0;0;0;0;0;0;0;0;0;0;1;0;0;Erysiphe cichoracearum ;E. cichoracearum;0;0;1;0;0;0;0;0;0;0;0;0;0;94.7;10690017;11289729;10690017;0;0;0;0
269;SRR8689413;24;Erysiphe cichoracearum ;7;1;0;1;0;252;control;1;0;0;0;0;0;0;0;0;0;0;1;0;0;0;0;1;0;0;0;0;0;0;0;0;0;0;0;0;0;0;0;0;0;1;Erysiphe cichoracearum ;E. cichoracearum;0;0;1;0;0;0;0;0;0;0;0;0;0;93.9;9322937;9932654;9322937;0;0;0;0
271;SRR8800677;25;Golovinomyces orontii;2;1;0;0;1;150;control;1;0;0;0;0;0;0;0;0;0;0;1;0;0;0;0;1;0;0;0;0;0;0;0;0;0;1;0;0;0;0;0;0;0;0;Golovinomyces orontii;G. orontii;0;0;1;0;0;0;0;0;0;0;0;0;0;97;2180440;2248775;2180440;0;0;0;0
272;SRR8800678;26;Golovinomyces orontii;2;1;0;0;1;150;control;1;0;0;0;0;0;0;0;0;0;0;1;0;0;0;0;1;0;0;0;0;0;0;0;0;0;1;0;0;0;0;0;0;0;0;Golovinomyces orontii;G. orontii;0;0;1;0;0;0;0;0;0;0;0;0;0;96.8;1320254;1363645;1320254;0;0;0;0
273;SRR8800679;27;Golovinomyces orontii;2;1;0;0;1;150;control;1;0;0;0;0;0;0;0;0;0;0;1;0;0;0;0;1;0;0;0;0;0;0;0;0;0;1;0;0;0;0;0;0;0;0;Golovinomyces orontii;G. orontii;0;0;1;0;0;0;0;0;0;0;0;0;0;96.9;6397985;6600480;6397985;0;0;0;0
274;SRR8800680;28;Golovinomyces orontii;2;1;0;0;1;150;control;1;0;0;0;0;0;0;0;0;0;0;1;0;0;0;0;1;0;0;0;0;0;0;0;0;0;1;0;0;0;0;0;0;0;0;Golovinomyces orontii;G. orontii;0;0;1;0;0;0;0;0;0;0;0;0;0;96.8;4833081;4990510;4833081;0;0;0;0
275;SRR8800681;29;Golovinomyces orontii;2;1;0;0;1;150;control;1;0;0;0;0;0;0;0;0;0;0;1;0;0;0;0;1;0;0;0;0;0;0;0;0;0;1;0;0;0;0;0;0;0;0;Golovinomyces orontii;G. orontii;0;0;1;0;0;0;0;0;0;0;0;0;0;96.8;5059584;5224394;5059584;0;0;0;0
276;SRR8800682;30;Golovinomyces orontii;2;1;0;0;1;150;control;1;0;0;0;0;0;0;0;0;0;0;1;0;0;0;0;1;0;0;0;0;0;0;0;0;0;1;0;0;0;0;0;0;0;0;Golovinomyces orontii;G. orontii;0;0;1;0;0;0;0;0;0;0;0;0;0;97;2334111;2405142;2334111;0;0;0;0
277;SRR8800683;31;Golovinomyces orontii;2;1;0;0;1;150;control;1;0;0;0;0;0;0;0;0;0;0;1;0;0;0;0;1;0;0;0;0;0;0;0;0;0;1;0;0;0;0;0;0;0;0;Golovinomyces orontii;G. orontii;0;0;1;0;0;0;0;0;0;0;0;0;0;96.9;1389457;1433791;1389457;0;0;0;0
278;SRR8800684;32;Golovinomyces orontii;2;1;0;0;1;150;control;1;0;0;0;0;0;0;0;0;0;0;1;0;0;0;0;1;0;0;0;0;0;0;0;0;0;1;0;0;0;0;0;0;0;0;Golovinomyces orontii;G. orontii;0;0;1;0;0;0;0;0;0;0;0;0;0;97;6641714;6845261;6641714;0;0;0;0
279;SRR8800685;33;Golovinomyces orontii;2;1;0;0;1;150;control;1;0;0;0;0;0;0;0;0;0;0;1;0;0;0;0;1;0;0;0;0;0;0;0;0;0;1;0;0;0;0;0;0;0;0;Golovinomyces orontii;G. orontii;0;0;1;0;0;0;0;0;0;0;0;0;0;96.9;4505250;4648582;4505250;0;0;0;0
280;SRR8800686;34;Golovinomyces orontii;2;1;0;0;1;150;control;1;0;0;0;0;0;0;0;0;0;0;1;0;0;0;0;1;0;0;0;0;0;0;0;0;0;1;0;0;0;0;0;0;0;0;Golovinomyces orontii;G. orontii;0;0;1;0;0;0;0;0;0;0;0;0;0;96.9;4791035;4943005;4791035;0;0;0;0
281;SRR8800687;35;Golovinomyces orontii;2;1;0;0;1;150;control;1;0;0;0;0;0;0;0;0;0;0;1;0;0;0;0;1;0;0;0;0;0;0;0;0;0;1;0;0;0;0;0;0;0;0;Golovinomyces orontii;G. orontii;0;0;1;0;0;0;0;0;0;0;0;0;0;96.9;2132610;2201631;2132610;0;0;0;0
282;SRR8800688;36;Golovinomyces orontii;2;1;0;0;1;150;control;1;0;0;0;0;0;0;0;0;0;0;1;0;0;0;0;1;0;0;0;0;0;0;0;0;0;1;0;0;0;0;0;0;0;0;Golovinomyces orontii;G. orontii;0;0;1;0;0;0;0;0;0;0;0;0;0;96.7;1176119;1216050;1176119;0;0;0;0
283;SRR8800689;37;Golovinomyces orontii;2;1;0;0;1;150;control;1;0;0;0;0;0;0;0;0;0;0;1;0;0;0;0;1;0;0;0;0;0;0;0;0;0;1;0;0;0;0;0;0;0;0;Golovinomyces orontii;G. orontii;0;0;1;0;0;0;0;0;0;0;0;0;0;96.8;5787775;5976042;5787775;0;0;0;0
284;SRR8800690;38;Golovinomyces orontii;2;1;0;0;1;150;control;1;0;0;0;0;0;0;0;0;0;0;1;0;0;0;0;1;0;0;0;0;0;0;0;0;0;1;0;0;0;0;0;0;0;0;Golovinomyces orontii;G. orontii;0;0;1;0;0;0;0;0;0;0;0;0;0;96.7;8786385;9087445;8786385;0;0;0;0
285;SRR8800691;39;Golovinomyces orontii;2;1;0;0;1;150;control;1;0;0;0;0;0;0;0;0;0;0;1;0;0;0;0;1;0;0;0;0;0;0;0;0;0;1;0;0;0;0;0;0;0;0;Golovinomyces orontii;G. orontii;0;0;1;0;0;0;0;0;0;0;0;0;0;96.7;4658130;4819277;4658130;0;0;0;0
300;SRR8800755;40;Golovinomyces orontii;2;0;1;0;1;150;infected;0;0;1;0;0;0;0;0;0;0;1;0;0;0;0;0;1;0;0;0;0;0;0;0;0;0;1;0;0;0;0;0;0;0;0;Golovinomyces orontii;G. orontii;0;0;0;0;0;0;1;0;0;0;0;0;0;96.5;3795650;3932114;3795650;0;0;0;0
299;SRR8800754;41;Golovinomyces orontii;2;0;1;0;1;150;infected;0;0;1;0;0;0;0;0;0;0;1;0;0;0;0;0;1;0;0;0;0;0;0;0;0;0;1;0;0;0;0;0;0;0;0;Golovinomyces orontii;G. orontii;0;0;0;0;0;0;1;0;0;0;0;0;0;96.6;6237482;6459153;6237482;0;0;0;0
298;SRR8800753;42;Golovinomyces orontii;2;0;1;0;1;150;infected;0;0;1;0;0;0;0;0;0;0;1;0;0;0;0;0;1;0;0;0;0;0;0;0;0;0;1;0;0;0;0;0;0;0;0;Golovinomyces orontii;G. orontii;0;0;0;0;0;0;1;0;0;0;0;0;0;96.8;7021692;7254726;7021692;0;0;0;0
297;SRR8800752;43;Golovinomyces orontii;2;0;1;0;1;150;infected;0;0;1;0;0;0;0;0;0;0;1;0;0;0;0;0;1;0;0;0;0;0;0;0;0;0;1;0;0;0;0;0;0;0;0;Golovinomyces orontii;G. orontii;0;0;0;0;0;0;1;0;0;0;0;0;0;96.6;1428118;1478813;1428118;0;0;0;0
296;SRR8800751;44;Golovinomyces orontii;2;0;1;0;1;150;infected;0;0;1;0;0;0;0;0;0;0;1;0;0;0;0;0;1;0;0;0;0;0;0;0;0;0;1;0;0;0;0;0;0;0;0;Golovinomyces orontii;G. orontii;0;0;0;0;0;0;1;0;0;0;0;0;0;96.8;2430220;2511056;2430220;0;0;0;0
295;SRR8800750;45;Golovinomyces orontii;2;0;1;0;1;150;infected;0;0;1;0;0;0;0;0;0;0;1;0;0;0;0;0;1;0;0;0;0;0;0;0;0;0;1;0;0;0;0;0;0;0;0;Golovinomyces orontii;G. orontii;0;0;0;0;0;0;1;0;0;0;0;0;0;96.6;6006172;6214538;6006172;0;0;0;0
294;SRR8800749;46;Golovinomyces orontii;2;0;1;0;1;150;infected;0;0;1;0;0;0;0;0;0;0;1;0;0;0;0;0;1;0;0;0;0;0;0;0;0;0;1;0;0;0;0;0;0;0;0;Golovinomyces orontii;G. orontii;0;0;0;0;0;0;1;0;0;0;0;0;0;96.6;5209636;5390856;5209636;0;0;0;0
293;SRR8800748;47;Golovinomyces orontii;2;0;1;0;1;150;infected;0;0;1;0;0;0;0;0;0;0;1;0;0;0;0;0;1;0;0;0;0;0;0;0;0;0;1;0;0;0;0;0;0;0;0;Golovinomyces orontii;G. orontii;0;0;0;0;0;0;1;0;0;0;0;0;0;96.7;5369551;5550416;5369551;0;0;0;0
292;SRR8800747;48;Golovinomyces orontii;2;0;1;0;1;150;infected;0;0;1;0;0;0;0;0;0;0;1;0;0;0;0;0;1;0;0;0;0;0;0;0;0;0;1;0;0;0;0;0;0;0;0;Golovinomyces orontii;G. orontii;0;0;0;0;0;0;1;0;0;0;0;0;0;96.6;1133894;1173742;1133894;0;0;0;0
291;SRR8800746;49;Golovinomyces orontii;2;0;1;0;1;150;infected;0;0;1;0;0;0;0;0;0;0;1;0;0;0;0;0;1;0;0;0;0;0;0;0;0;0;1;0;0;0;0;0;0;0;0;Golovinomyces orontii;G. orontii;0;0;0;0;0;0;1;0;0;0;0;0;0;96.7;1922558;1987229;1922558;0;0;0;0
290;SRR8800745;50;Golovinomyces orontii;2;0;1;0;1;150;infected;0;0;1;0;0;0;0;0;0;0;1;0;0;0;0;0;1;0;0;0;0;0;0;0;0;0;1;0;0;0;0;0;0;0;0;Golovinomyces orontii;G. orontii;0;0;0;0;0;0;1;0;0;0;0;0;0;96.5;5462028;5658637;5462028;0;0;0;0
289;SRR8800744;51;Golovinomyces orontii;2;0;1;0;1;150;infected;0;0;1;0;0;0;0;0;0;0;1;0;0;0;0;0;1;0;0;0;0;0;0;0;0;0;1;0;0;0;0;0;0;0;0;Golovinomyces orontii;G. orontii;0;0;0;0;0;0;1;0;0;0;0;0;0;96.5;5731549;5937645;5731549;0;0;0;0
288;SRR8800743;52;Golovinomyces orontii;2;0;1;0;1;150;infected;0;0;1;0;0;0;0;0;0;0;1;0;0;0;0;0;1;0;0;0;0;0;0;0;0;0;1;0;0;0;0;0;0;0;0;Golovinomyces orontii;G. orontii;0;0;0;0;0;0;1;0;0;0;0;0;0;96.7;5476569;5666022;5476569;0;0;0;0
287;SRR8800742;53;Golovinomyces orontii;2;0;1;0;1;150;infected;0;0;1;0;0;0;0;0;0;0;1;0;0;0;0;0;1;0;0;0;0;0;0;0;0;0;1;0;0;0;0;0;0;0;0;Golovinomyces orontii;G. orontii;0;0;0;0;0;0;1;0;0;0;0;0;0;96.5;1070129;1109018;1070129;0;0;0;0
286;SRR8800741;54;Golovinomyces orontii;2;0;1;0;1;150;infected;0;0;1;0;0;0;0;0;0;0;1;0;0;0;0;0;1;0;0;0;0;0;0;0;0;0;1;0;0;0;0;0;0;0;0;Golovinomyces orontii;G. orontii;0;0;0;0;0;0;1;0;0;0;0;0;0;96.7;2027397;2097320;2027397;0;0;0;0
27;ERR9604272;55;Heterodera schachtii 2;3;1;0;0;1;150;control;1;0;0;0;0;0;0;0;0;0;0;1;0;0;0;0;0;1;0;0;0;0;0;0;0;0;0;0;0;0;1;0;0;0;0;Heterodera schachtii;H. schachtii;0;0;1;0;0;0;0;0;0;0;0;0;0;97.2;46897187;48232942;46897187;0;0;0;0
28;ERR9604276;56;Heterodera schachtii 2;1;1;0;0;1;150;control;1;0;0;0;0;0;0;0;0;0;0;1;0;0;0;0;0;1;0;0;0;0;1;0;0;0;0;0;0;0;0;0;0;0;0;Heterodera schachtii;H. schachtii;0;0;1;0;0;0;0;0;0;0;0;0;0;97;47484643;48929178;47484643;0;0;0;0
29;ERR9604277;57;Heterodera schachtii 2;1;1;0;0;1;150;control;1;0;0;0;0;0;0;0;0;0;0;1;0;0;0;0;0;1;0;0;0;0;1;0;0;0;0;0;0;0;0;0;0;0;0;Heterodera schachtii;H. schachtii;0;0;1;0;0;0;0;0;0;0;0;0;0;97.2;48289124;49705474;48289124;0;0;0;0
30;ERR9604278;58;Heterodera schachtii 2;1;1;0;0;1;150;control;1;0;0;0;0;0;0;0;0;0;0;1;0;0;0;0;0;1;0;0;0;0;1;0;0;0;0;0;0;0;0;0;0;0;0;Heterodera schachtii;H. schachtii;0;0;1;0;0;0;0;0;0;0;0;0;0;97.2;49068502;50474902;49068502;0;0;0;0
31;ERR9604282;59;Heterodera schachtii 2;3;0;1;0;1;150;Heterodera schachtii;0;0;0;0;1;0;0;0;0;0;1;0;0;0;0;0;0;1;0;0;0;0;0;0;0;0;0;0;0;0;1;0;0;0;0;Heterodera schachtii;H. schachtii;0;0;0;0;0;0;0;1;0;0;0;0;0;90.6;45585554;50318764;45585554;0;0;0;0
32;ERR9604283;60;Heterodera schachtii 2;3;1;0;0;1;150;control;1;0;0;0;0;0;0;0;0;0;0;1;0;0;0;0;0;1;0;0;0;0;0;0;0;0;0;0;0;0;1;0;0;0;0;Heterodera schachtii;H. schachtii;0;0;1;0;0;0;0;0;0;0;0;0;0;97;48441269;49933448;48441269;0;0;0;0
33;ERR9604284;61;Heterodera schachtii 2;3;0;1;0;1;150;Heterodera schachtii;0;0;0;0;1;0;0;0;0;0;1;0;0;0;0;0;0;1;0;0;0;0;0;0;0;0;0;0;0;0;1;0;0;0;0;Heterodera schachtii;H. schachtii;0;0;0;0;0;0;0;1;0;0;0;0;0;91.1;46766081;51336376;46766081;0;0;0;0
34;ERR9604285;62;Heterodera schachtii 2;3;0;1;0;1;150;Heterodera schachtii;0;0;0;0;1;0;0;0;0;0;1;0;0;0;0;0;0;1;0;0;0;0;0;0;0;0;0;0;0;0;1;0;0;0;0;Heterodera schachtii;H. schachtii;0;0;0;0;0;0;0;1;0;0;0;0;0;91.5;45308069;49543654;45308069;0;0;0;0
35;ERR9604289;63;Heterodera schachtii 2;2;0;1;0;1;150;Heterodera schachtii;0;0;0;0;1;0;0;0;0;0;1;0;0;0;0;0;0;1;0;0;0;0;0;0;0;0;1;0;0;0;0;0;0;0;0;Heterodera schachtii;H. schachtii;0;0;0;0;0;0;0;1;0;0;0;0;0;88.2;45627759;51733914;45627759;0;0;0;0
36;ERR9604290;64;Heterodera schachtii 2;2;0;1;0;1;150;Heterodera schachtii;0;0;0;0;1;0;0;0;0;0;1;0;0;0;0;0;0;1;0;0;0;0;0;0;0;0;1;0;0;0;0;0;0;0;0;Heterodera schachtii;H. schachtii;0;0;0;0;0;0;0;1;0;0;0;0;0;86.6;44144530;50954642;44144530;0;0;0;0
37;ERR9604291;65;Heterodera schachtii 2;2;0;1;0;1;150;Heterodera schachtii;0;0;0;0;1;0;0;0;0;0;1;0;0;0;0;0;0;1;0;0;0;0;0;0;0;0;1;0;0;0;0;0;0;0;0;Heterodera schachtii;H. schachtii;0;0;0;0;0;0;0;1;0;0;0;0;0;87.6;43772153;49984458;43772153;0;0;0;0
38;ERR9604294;66;Heterodera schachtii 2;3;1;0;0;1;150;control;1;0;0;0;0;0;0;0;0;0;0;1;0;0;0;0;0;1;0;0;0;0;0;0;0;0;0;0;0;0;1;0;0;0;0;Heterodera schachtii;H. schachtii;0;0;1;0;0;0;0;0;0;0;0;0;0;97.3;49060000;50428892;49060000;0;0;0;0
39;ERR9604296;67;Heterodera schachtii 2;1;0;1;0;1;150;Heterodera schachtii;0;0;0;0;1;0;0;0;0;0;1;0;0;0;0;0;0;1;0;0;0;0;1;0;0;0;0;0;0;0;0;0;0;0;0;Heterodera schachtii;H. schachtii;0;0;0;0;0;0;0;1;0;0;0;0;0;90.6;45684395;50421322;45684395;0;0;0;0
40;ERR9604297;68;Heterodera schachtii 2;1;0;1;0;1;150;Heterodera schachtii;0;0;0;0;1;0;0;0;0;0;1;0;0;0;0;0;0;1;0;0;0;0;1;0;0;0;0;0;0;0;0;0;0;0;0;Heterodera schachtii;H. schachtii;0;0;0;0;0;0;0;1;0;0;0;0;0;89.5;45571629;50928504;45571629;0;0;0;0
41;ERR9604298;69;Heterodera schachtii 2;1;0;1;0;1;150;Heterodera schachtii;0;0;0;0;1;0;0;0;0;0;1;0;0;0;0;0;0;1;0;0;0;0;1;0;0;0;0;0;0;0;0;0;0;0;0;Heterodera schachtii;H. schachtii;0;0;0;0;0;0;0;1;0;0;0;0;0;91.6;46128137;50374802;46128137;0;0;0;0
42;ERR9604338;70;Heterodera schachtii 2;2;1;0;0;1;150;control;1;0;0;0;0;0;0;0;0;0;0;1;0;0;0;0;0;1;0;0;0;0;0;0;0;0;1;0;0;0;0;0;0;0;0;Heterodera schachtii;H. schachtii;0;0;1;0;0;0;0;0;0;0;0;0;0;97;48585012;50081308;48585012;0;0;0;0
43;ERR9604342;71;Heterodera schachtii 2;2;1;0;0;1;150;control;1;0;0;0;0;0;0;0;0;0;0;1;0;0;0;0;0;1;0;0;0;0;0;0;0;0;1;0;0;0;0;0;0;0;0;Heterodera schachtii;H. schachtii;0;0;1;0;0;0;0;0;0;0;0;0;0;96.9;49577046;51157022;49577046;0;0;0;0
44;ERR9604343;72;Heterodera schachtii 2;2;1;0;0;1;150;control;1;0;0;0;0;0;0;0;0;0;0;1;0;0;0;0;0;1;0;0;0;0;0;0;0;0;1;0;0;0;0;0;0;0;0;Heterodera schachtii;H. schachtii;0;0;1;0;0;0;0;0;0;0;0;0;0;97.1;49308905;50803094;49308905;0;0;0;0
45;SRR10030449;73;Hyaloperonospora arabidopsidis 3;17;0;1;0;1;101;infected - D-tagatose;0;0;0;0;0;0;0;0;0;0;1;0;0;0;0;0;1;0;0;0;0;0;0;0;0;1;0;0;0;0;0;0;0;0;0;Hyaloperonospora arabidopsidis;Hpa;0;0;0;0;0;0;0;0;0;0;0;0;0;88.6;3293095;3715415;3293095;0;0;0;0
46;SRR10030450;74;Hyaloperonospora arabidopsidis 3;17;0;1;0;1;101;infected - D-tagatose;0;0;0;0;0;0;0;0;0;0;1;0;0;0;0;0;1;0;0;0;0;0;0;0;0;1;0;0;0;0;0;0;0;0;0;Hyaloperonospora arabidopsidis;Hpa;0;0;0;0;0;0;0;0;0;0;0;0;0;88.8;3052242;3436724;3052242;0;0;0;0
47;SRR10030451;75;Hyaloperonospora arabidopsidis 3;17;0;1;0;1;101;infected - D-tagatose;0;0;0;0;0;0;0;0;0;0;1;0;0;0;0;0;1;0;0;0;0;0;0;0;0;1;0;0;0;0;0;0;0;0;0;Hyaloperonospora arabidopsidis;Hpa;0;0;0;0;0;0;0;0;0;0;0;0;0;89;2757905;3100041;2757905;0;0;0;0
48;SRR10030452;76;Hyaloperonospora arabidopsidis 3;17;0;1;0;1;101;infected - D-tagatose;0;0;0;0;0;0;0;0;0;0;1;0;0;0;0;0;1;0;0;0;0;0;0;0;0;1;0;0;0;0;0;0;0;0;0;Hyaloperonospora arabidopsidis;Hpa;0;0;0;0;0;0;0;0;0;0;0;0;0;88.6;3332710;3761935;3332710;0;0;0;0
49;SRR10030453;77;Hyaloperonospora arabidopsidis 3;17;0;1;0;1;101;infected - D-tagatose;0;0;0;0;0;0;0;0;0;0;1;0;0;0;0;0;1;0;0;0;0;0;0;0;0;1;0;0;0;0;0;0;0;0;0;Hyaloperonospora arabidopsidis;Hpa;0;0;0;0;0;0;0;0;0;0;0;0;0;88.6;3317725;3745061;3317725;0;0;0;0
50;SRR10030454;78;Hyaloperonospora arabidopsidis 3;17;0;1;0;1;101;infected - D-tagatose;0;0;0;0;0;0;0;0;0;0;1;0;0;0;0;0;1;0;0;0;0;0;0;0;0;1;0;0;0;0;0;0;0;0;0;Hyaloperonospora arabidopsidis;Hpa;0;0;0;0;0;0;0;0;0;0;0;0;0;88.6;3287474;3709123;3287474;0;0;0;0
51;SRR10030455;79;Hyaloperonospora arabidopsidis 3;17;0;1;0;1;101;infected - D-tagatose;0;0;0;0;0;0;0;0;0;0;1;0;0;0;0;0;1;0;0;0;0;0;0;0;0;1;0;0;0;0;0;0;0;0;0;Hyaloperonospora arabidopsidis;Hpa;0;0;0;0;0;0;0;0;0;0;0;0;0;88.7;3176039;3579532;3176039;0;0;0;0
52;SRR10030456;80;Hyaloperonospora arabidopsidis 3;17;0;1;0;1;101;infected - D-tagatose;0;0;0;0;0;0;0;0;0;0;1;0;0;0;0;0;1;0;0;0;0;0;0;0;0;1;0;0;0;0;0;0;0;0;0;Hyaloperonospora arabidopsidis;Hpa;0;0;0;0;0;0;0;0;0;0;0;0;0;88.9;2965259;3337227;2965259;0;0;0;0
53;SRR10030457;81;Hyaloperonospora arabidopsidis 3;17;0;1;0;1;101;infected - D-tagatose;0;0;0;0;0;0;0;0;0;0;1;0;0;0;0;0;1;0;0;0;0;0;0;0;0;1;0;0;0;0;0;0;0;0;0;Hyaloperonospora arabidopsidis;Hpa;0;0;0;0;0;0;0;0;0;0;0;0;0;88.8;3020017;3401909;3020017;0;0;0;0
54;SRR10030458;82;Hyaloperonospora arabidopsidis 3;17;0;1;0;1;101;infected - D-tagatose;0;0;0;0;0;0;0;0;0;0;1;0;0;0;0;0;1;0;0;0;0;0;0;0;0;1;0;0;0;0;0;0;0;0;0;Hyaloperonospora arabidopsidis;Hpa;0;0;0;0;0;0;0;0;0;0;0;0;0;88.6;3307543;3732286;3307543;0;0;0;0
55;SRR10030459;83;Hyaloperonospora arabidopsidis 3;17;0;1;0;1;101;infected - D-tagatose;0;0;0;0;0;0;0;0;0;0;1;0;0;0;0;0;1;0;0;0;0;0;0;0;0;1;0;0;0;0;0;0;0;0;0;Hyaloperonospora arabidopsidis;Hpa;0;0;0;0;0;0;0;0;0;0;0;0;0;88.6;3288887;3710886;3288887;0;0;0;0
56;SRR10030460;84;Hyaloperonospora arabidopsidis 3;17;0;1;0;1;101;infected - D-tagatose;0;0;0;0;0;0;0;0;0;0;1;0;0;0;0;0;1;0;0;0;0;0;0;0;0;1;0;0;0;0;0;0;0;0;0;Hyaloperonospora arabidopsidis;Hpa;0;0;0;0;0;0;0;0;0;0;0;0;0;88.6;3276895;3696954;3276895;0;0;0;0
57;SRR10030461;85;Hyaloperonospora arabidopsidis 3;17;0;1;0;1;101;infected - D-tagatose;0;0;0;0;0;0;0;0;0;0;1;0;0;0;0;0;1;0;0;0;0;0;0;0;0;1;0;0;0;0;0;0;0;0;0;Hyaloperonospora arabidopsidis;Hpa;0;0;0;0;0;0;0;0;0;0;0;0;0;88.6;3250493;3666715;3250493;0;0;0;0
58;SRR10030462;86;Hyaloperonospora arabidopsidis 3;17;0;1;0;1;101;infected - D-tagatose;0;0;0;0;0;0;0;0;0;0;1;0;0;0;0;0;1;0;0;0;0;0;0;0;0;1;0;0;0;0;0;0;0;0;0;Hyaloperonospora arabidopsidis;Hpa;0;0;0;0;0;0;0;0;0;0;0;0;0;88.8;3111173;3503832;3111173;0;0;0;0
59;SRR10030463;87;Hyaloperonospora arabidopsidis 3;17;0;1;0;1;101;infected - D-tagatose;0;0;0;0;0;0;0;0;0;0;1;0;0;0;0;0;1;0;0;0;0;0;0;0;0;1;0;0;0;0;0;0;0;0;0;Hyaloperonospora arabidopsidis;Hpa;0;0;0;0;0;0;0;0;0;0;0;0;0;88.9;2925599;3290253;2925599;0;0;0;0
60;SRR10030464;88;Hyaloperonospora arabidopsidis 3;17;0;1;0;1;101;infected - D-tagatose;0;0;0;0;0;0;0;0;0;0;1;0;0;0;0;0;1;0;0;0;0;0;0;0;0;1;0;0;0;0;0;0;0;0;0;Hyaloperonospora arabidopsidis;Hpa;0;0;0;0;0;0;0;0;0;0;0;0;0;88.8;3240670;3650897;3240670;0;0;0;0
61;SRR10030465;89;Hyaloperonospora arabidopsidis 3;17;0;1;0;1;101;infected - D-tagatose;0;0;0;0;0;0;0;0;0;0;1;0;0;0;0;0;1;0;0;0;0;0;0;0;0;1;0;0;0;0;0;0;0;0;0;Hyaloperonospora arabidopsidis;Hpa;0;0;0;0;0;0;0;0;0;0;0;0;0;88.6;3295035;3718346;3295035;0;0;0;0
62;SRR10030466;90;Hyaloperonospora arabidopsidis 3;17;0;1;0;1;101;infected - D-tagatose;0;0;0;0;0;0;0;0;0;0;1;0;0;0;0;0;1;0;0;0;0;0;0;0;0;1;0;0;0;0;0;0;0;0;0;Hyaloperonospora arabidopsidis;Hpa;0;0;0;0;0;0;0;0;0;0;0;0;0;88.6;3275691;3695396;3275691;0;0;0;0
63;SRR10030467;91;Hyaloperonospora arabidopsidis 3;17;0;1;0;1;101;infected - D-tagatose;0;0;0;0;0;0;0;0;0;0;1;0;0;0;0;0;1;0;0;0;0;0;0;0;0;1;0;0;0;0;0;0;0;0;0;Hyaloperonospora arabidopsidis;Hpa;0;0;0;0;0;0;0;0;0;0;0;0;0;88.7;3204971;3613366;3204971;0;0;0;0
64;SRR10030468;92;Hyaloperonospora arabidopsidis 3;17;0;1;0;1;101;infected - D-tagatose;0;0;0;0;0;0;0;0;0;0;1;0;0;0;0;0;1;0;0;0;0;0;0;0;0;1;0;0;0;0;0;0;0;0;0;Hyaloperonospora arabidopsidis;Hpa;0;0;0;0;0;0;0;0;0;0;0;0;0;88.8;3042636;3425974;3042636;0;0;0;0
65;SRR10030469;93;Hyaloperonospora arabidopsidis 3;17;0;1;0;1;101;infected - D-tagatose;0;0;0;0;0;0;0;0;0;0;1;0;0;0;0;0;1;0;0;0;0;0;0;0;0;1;0;0;0;0;0;0;0;0;0;Hyaloperonospora arabidopsidis;Hpa;0;0;0;0;0;0;0;0;0;0;0;0;0;88.8;2987305;3363245;2987305;0;0;0;0
66;SRR10030470;94;Hyaloperonospora arabidopsidis 3;17;0;1;0;1;101;infected - D-tagatose;0;0;0;0;0;0;0;0;0;0;1;0;0;0;0;0;1;0;0;0;0;0;0;0;0;1;0;0;0;0;0;0;0;0;0;Hyaloperonospora arabidopsidis;Hpa;0;0;0;0;0;0;0;0;0;0;0;0;0;88.6;3308968;3736708;3308968;0;0;0;0
67;SRR10030471;95;Hyaloperonospora arabidopsidis 3;17;0;1;0;1;101;infected - D-tagatose;0;0;0;0;0;0;0;0;0;0;1;0;0;0;0;0;1;0;0;0;0;0;0;0;0;1;0;0;0;0;0;0;0;0;0;Hyaloperonospora arabidopsidis;Hpa;0;0;0;0;0;0;0;0;0;0;0;0;0;88.7;3224791;3636917;3224791;0;0;0;0
68;SRR10030472;96;Hyaloperonospora arabidopsidis 3;17;0;1;0;1;101;infected - D-tagatose;0;0;0;0;0;0;0;0;0;0;1;0;0;0;0;0;1;0;0;0;0;0;0;0;0;1;0;0;0;0;0;0;0;0;0;Hyaloperonospora arabidopsidis;Hpa;0;0;0;0;0;0;0;0;0;0;0;0;0;88.6;3288886;3711478;3288886;0;0;0;0
69;SRR10030473;97;Hyaloperonospora arabidopsidis 3;17;0;1;0;1;101;infected - D-tagatose;0;0;0;0;0;0;0;0;0;0;1;0;0;0;0;0;1;0;0;0;0;0;0;0;0;1;0;0;0;0;0;0;0;0;0;Hyaloperonospora arabidopsidis;Hpa;0;0;0;0;0;0;0;0;0;0;0;0;0;88.6;3239899;3654812;3239899;0;0;0;0
70;SRR10030474;98;Hyaloperonospora arabidopsidis 3;17;0;1;0;1;101;infected - D-tagatose;0;0;0;0;0;0;0;0;0;0;1;0;0;0;0;0;1;0;0;0;0;0;0;0;0;1;0;0;0;0;0;0;0;0;0;Hyaloperonospora arabidopsidis;Hpa;0;0;0;0;0;0;0;0;0;0;0;0;0;88.8;3152880;3552277;3152880;0;0;0;0
71;SRR10030475;99;Hyaloperonospora arabidopsidis 3;17;0;1;0;1;101;infected - D-tagatose;0;0;0;0;0;0;0;0;0;0;1;0;0;0;0;0;1;0;0;0;0;0;0;0;0;1;0;0;0;0;0;0;0;0;0;Hyaloperonospora arabidopsidis;Hpa;0;0;0;0;0;0;0;0;0;0;0;0;0;88.9;2911771;3276730;2911771;0;0;0;0
72;SRR10030476;100;Hyaloperonospora arabidopsidis 3;17;0;1;0;1;101;infected - D-tagatose;0;0;0;0;0;0;0;0;0;0;1;0;0;0;0;0;1;0;0;0;0;0;0;0;0;1;0;0;0;0;0;0;0;0;0;Hyaloperonospora arabidopsidis;Hpa;0;0;0;0;0;0;0;0;0;0;0;0;0;88.9;1270830;1429186;1270830;0;0;0;0
73;SRR10030477;101;Hyaloperonospora arabidopsidis 3;17;0;1;0;1;101;infected - D-tagatose;0;0;0;0;0;0;0;0;0;0;1;0;0;0;0;0;1;0;0;0;0;0;0;0;0;1;0;0;0;0;0;0;0;0;0;Hyaloperonospora arabidopsidis;Hpa;0;0;0;0;0;0;0;0;0;0;0;0;0;88.7;3170538;3572975;3170538;0;0;0;0
74;SRR10030478;102;Hyaloperonospora arabidopsidis 3;17;0;1;0;1;101;infected - D-tagatose;0;0;0;0;0;0;0;0;0;0;1;0;0;0;0;0;1;0;0;0;0;0;0;0;0;1;0;0;0;0;0;0;0;0;0;Hyaloperonospora arabidopsidis;Hpa;0;0;0;0;0;0;0;0;0;0;0;0;0;88.9;2947893;3316637;2947893;0;0;0;0
75;SRR10030479;103;Hyaloperonospora arabidopsidis 3;17;0;1;0;1;101;infected - D-tagatose;0;0;0;0;0;0;0;0;0;0;1;0;0;0;0;0;1;0;0;0;0;0;0;0;0;1;0;0;0;0;0;0;0;0;0;Hyaloperonospora arabidopsidis;Hpa;0;0;0;0;0;0;0;0;0;0;0;0;0;88.8;3080318;3468155;3080318;0;0;0;0
76;SRR10030480;104;Hyaloperonospora arabidopsidis 3;17;0;1;0;1;101;infected - D-tagatose;0;0;0;0;0;0;0;0;0;0;1;0;0;0;0;0;1;0;0;0;0;0;0;0;0;1;0;0;0;0;0;0;0;0;0;Hyaloperonospora arabidopsidis;Hpa;0;0;0;0;0;0;0;0;0;0;0;0;0;88.6;3296691;3720072;3296691;0;0;0;0
77;SRR10030481;105;Hyaloperonospora arabidopsidis 3;17;0;1;0;1;101;infected - D-tagatose;0;0;0;0;0;0;0;0;0;0;1;0;0;0;0;0;1;0;0;0;0;0;0;0;0;1;0;0;0;0;0;0;0;0;0;Hyaloperonospora arabidopsidis;Hpa;0;0;0;0;0;0;0;0;0;0;0;0;0;88.7;3276357;3695248;3276357;0;0;0;0
78;SRR10030482;106;Hyaloperonospora arabidopsidis 3;17;0;1;0;1;101;infected - D-tagatose;0;0;0;0;0;0;0;0;0;0;1;0;0;0;0;0;1;0;0;0;0;0;0;0;0;1;0;0;0;0;0;0;0;0;0;Hyaloperonospora arabidopsidis;Hpa;0;0;0;0;0;0;0;0;0;0;0;0;0;88.7;3230263;3641437;3230263;0;0;0;0
79;SRR10030483;107;Hyaloperonospora arabidopsidis 3;17;0;1;0;1;101;infected - mock solution;0;0;0;0;0;1;0;0;0;0;1;0;0;0;0;0;1;0;0;0;0;0;0;0;0;1;0;0;0;0;0;0;0;0;0;Hyaloperonospora arabidopsidis;Hpa;0;0;0;0;0;0;0;0;1;0;0;0;0;73.7;2729222;3703222;2729222;0;0;0;0
80;SRR10030484;108;Hyaloperonospora arabidopsidis 3;17;0;1;0;1;101;infected - mock solution;0;0;0;0;0;1;0;0;0;0;1;0;0;0;0;0;1;0;0;0;0;0;0;0;0;1;0;0;0;0;0;0;0;0;0;Hyaloperonospora arabidopsidis;Hpa;0;0;0;0;0;0;0;0;1;0;0;0;0;73.8;2700046;3661041;2700046;0;0;0;0
81;SRR10030485;109;Hyaloperonospora arabidopsidis 3;17;0;1;0;1;101;infected - mock solution;0;0;0;0;0;1;0;0;0;0;1;0;0;0;0;0;1;0;0;0;0;0;0;0;0;1;0;0;0;0;0;0;0;0;0;Hyaloperonospora arabidopsidis;Hpa;0;0;0;0;0;0;0;0;1;0;0;0;0;73.5;2513064;3417606;2513064;0;0;0;0
82;SRR10030486;110;Hyaloperonospora arabidopsidis 3;17;0;1;0;1;101;infected - mock solution;0;0;0;0;0;1;0;0;0;0;1;0;0;0;0;0;1;0;0;0;0;0;0;0;0;1;0;0;0;0;0;0;0;0;0;Hyaloperonospora arabidopsidis;Hpa;0;0;0;0;0;0;0;0;1;0;0;0;0;73.2;2617992;3575911;2617992;0;0;0;0
83;SRR10030487;111;Hyaloperonospora arabidopsidis 3;17;0;1;0;1;101;infected - mock solution;0;0;0;0;0;1;0;0;0;0;1;0;0;0;0;0;1;0;0;0;0;0;0;0;0;1;0;0;0;0;0;0;0;0;0;Hyaloperonospora arabidopsidis;Hpa;0;0;0;0;0;0;0;0;1;0;0;0;0;73.6;2730524;3711750;2730524;0;0;0;0
84;SRR10030488;112;Hyaloperonospora arabidopsidis 3;17;0;1;0;1;101;infected - mock solution;0;0;0;0;0;1;0;0;0;0;1;0;0;0;0;0;1;0;0;0;0;0;0;0;0;1;0;0;0;0;0;0;0;0;0;Hyaloperonospora arabidopsidis;Hpa;0;0;0;0;0;0;0;0;1;0;0;0;0;73.8;2663860;3610625;2663860;0;0;0;0
85;SRR10030489;113;Hyaloperonospora arabidopsidis 3;17;0;1;0;1;101;infected - mock solution;0;0;0;0;0;1;0;0;0;0;1;0;0;0;0;0;1;0;0;0;0;0;0;0;0;1;0;0;0;0;0;0;0;0;0;Hyaloperonospora arabidopsidis;Hpa;0;0;0;0;0;0;0;0;1;0;0;0;0;73.6;2496274;3393142;2496274;0;0;0;0
86;SRR10030490;114;Hyaloperonospora arabidopsidis 3;17;0;1;0;1;101;infected - mock solution;0;0;0;0;0;1;0;0;0;0;1;0;0;0;0;0;1;0;0;0;0;0;0;0;0;1;0;0;0;0;0;0;0;0;0;Hyaloperonospora arabidopsidis;Hpa;0;0;0;0;0;0;0;0;1;0;0;0;0;73.2;2696872;3686129;2696872;0;0;0;0
87;SRR10030491;115;Hyaloperonospora arabidopsidis 3;17;0;1;0;1;101;infected - mock solution;0;0;0;0;0;1;0;0;0;0;1;0;0;0;0;0;1;0;0;0;0;0;0;0;0;1;0;0;0;0;0;0;0;0;0;Hyaloperonospora arabidopsidis;Hpa;0;0;0;0;0;0;0;0;1;0;0;0;0;73.7;2722638;3694981;2722638;0;0;0;0
88;SRR10030492;116;Hyaloperonospora arabidopsidis 3;17;0;1;0;1;101;infected - mock solution;0;0;0;0;0;1;0;0;0;0;1;0;0;0;0;0;1;0;0;0;0;0;0;0;0;1;0;0;0;0;0;0;0;0;0;Hyaloperonospora arabidopsidis;Hpa;0;0;0;0;0;0;0;0;1;0;0;0;0;73.9;2650665;3587168;2650665;0;0;0;0
89;SRR10030493;117;Hyaloperonospora arabidopsidis 3;17;0;1;0;1;101;infected - mock solution;0;0;0;0;0;1;0;0;0;0;1;0;0;0;0;0;1;0;0;0;0;0;0;0;0;1;0;0;0;0;0;0;0;0;0;Hyaloperonospora arabidopsidis;Hpa;0;0;0;0;0;0;0;0;1;0;0;0;0;73.6;2473478;3360909;2473478;0;0;0;0
90;SRR10030494;118;Hyaloperonospora arabidopsidis 3;17;0;1;0;1;101;infected - mock solution;0;0;0;0;0;1;0;0;0;0;1;0;0;0;0;0;1;0;0;0;0;0;0;0;0;1;0;0;0;0;0;0;0;0;0;Hyaloperonospora arabidopsidis;Hpa;0;0;0;0;0;0;0;0;1;0;0;0;0;73.7;2698683;3659353;2698683;0;0;0;0
91;SRR10030495;119;Hyaloperonospora arabidopsidis 3;17;0;1;0;1;101;infected - mock solution;0;0;0;0;0;1;0;0;0;0;1;0;0;0;0;0;1;0;0;0;0;0;0;0;0;1;0;0;0;0;0;0;0;0;0;Hyaloperonospora arabidopsidis;Hpa;0;0;0;0;0;0;0;0;1;0;0;0;0;73.5;2740919;3730812;2740919;0;0;0;0
92;SRR10030496;120;Hyaloperonospora arabidopsidis 3;17;0;1;0;1;101;infected - mock solution;0;0;0;0;0;1;0;0;0;0;1;0;0;0;0;0;1;0;0;0;0;0;0;0;0;1;0;0;0;0;0;0;0;0;0;Hyaloperonospora arabidopsidis;Hpa;0;0;0;0;0;0;0;0;1;0;0;0;0;73.6;2716175;3688187;2716175;0;0;0;0
93;SRR10030497;121;Hyaloperonospora arabidopsidis 3;17;0;1;0;1;101;infected - mock solution;0;0;0;0;0;1;0;0;0;0;1;0;0;0;0;0;1;0;0;0;0;0;0;0;0;1;0;0;0;0;0;0;0;0;0;Hyaloperonospora arabidopsidis;Hpa;0;0;0;0;0;0;0;0;1;0;0;0;0;73.3;2611034;3563211;2611034;0;0;0;0
94;SRR10030498;122;Hyaloperonospora arabidopsidis 3;17;0;1;0;1;101;infected - mock solution;0;0;0;0;0;1;0;0;0;0;1;0;0;0;0;0;1;0;0;0;0;0;0;0;0;1;0;0;0;0;0;0;0;0;0;Hyaloperonospora arabidopsidis;Hpa;0;0;0;0;0;0;0;0;1;0;0;0;0;73.7;1987617;2696331;1987617;0;0;0;0
95;SRR10030499;123;Hyaloperonospora arabidopsidis 3;17;0;1;0;1;101;infected - mock solution;0;0;0;0;0;1;0;0;0;0;1;0;0;0;0;0;1;0;0;0;0;0;0;0;0;1;0;0;0;0;0;0;0;0;0;Hyaloperonospora arabidopsidis;Hpa;0;0;0;0;0;0;0;0;1;0;0;0;0;74;2630411;3554921;2630411;0;0;0;0
96;SRR10030500;124;Hyaloperonospora arabidopsidis 3;17;0;1;0;1;101;infected - mock solution;0;0;0;0;0;1;0;0;0;0;1;0;0;0;0;0;1;0;0;0;0;0;0;0;0;1;0;0;0;0;0;0;0;0;0;Hyaloperonospora arabidopsidis;Hpa;0;0;0;0;0;0;0;0;1;0;0;0;0;73.7;2489666;3377203;2489666;0;0;0;0
97;SRR10030501;125;Hyaloperonospora arabidopsidis 3;17;0;1;0;1;101;infected - mock solution;0;0;0;0;0;1;0;0;0;0;1;0;0;0;0;0;1;0;0;0;0;0;0;0;0;1;0;0;0;0;0;0;0;0;0;Hyaloperonospora arabidopsidis;Hpa;0;0;0;0;0;0;0;0;1;0;0;0;0;73.7;2730416;3703924;2730416;0;0;0;0
98;SRR10030502;126;Hyaloperonospora arabidopsidis 3;17;0;1;0;1;101;infected - mock solution;0;0;0;0;0;1;0;0;0;0;1;0;0;0;0;0;1;0;0;0;0;0;0;0;0;1;0;0;0;0;0;0;0;0;0;Hyaloperonospora arabidopsidis;Hpa;0;0;0;0;0;0;0;0;1;0;0;0;0;73.8;2701894;3663183;2701894;0;0;0;0
99;SRR10030503;127;Hyaloperonospora arabidopsidis 3;17;0;1;0;1;101;infected - mock solution;0;0;0;0;0;1;0;0;0;0;1;0;0;0;0;0;1;0;0;0;0;0;0;0;0;1;0;0;0;0;0;0;0;0;0;Hyaloperonospora arabidopsidis;Hpa;0;0;0;0;0;0;0;0;1;0;0;0;0;74.2;2531401;3413556;2531401;0;0;0;0
100;SRR10030504;128;Hyaloperonospora arabidopsidis 3;17;0;1;0;1;101;infected - mock solution;0;0;0;0;0;1;0;0;0;0;1;0;0;0;0;0;1;0;0;0;0;0;0;0;0;1;0;0;0;0;0;0;0;0;0;Hyaloperonospora arabidopsidis;Hpa;0;0;0;0;0;0;0;0;1;0;0;0;0;73.3;2545336;3471730;2545336;0;0;0;0
101;SRR10030505;129;Hyaloperonospora arabidopsidis 3;17;0;1;0;1;101;infected - mock solution;0;0;0;0;0;1;0;0;0;0;1;0;0;0;0;0;1;0;0;0;0;0;0;0;0;1;0;0;0;0;0;0;0;0;0;Hyaloperonospora arabidopsidis;Hpa;0;0;0;0;0;0;0;0;1;0;0;0;0;73.5;2749408;3740402;2749408;0;0;0;0
102;SRR12330763;130;Meloidogyne javanica;3;0;1;1;0;300;infected;0;0;0;0;1;0;0;0;0;0;1;0;0;0;0;0;0;1;0;0;0;0;0;0;0;0;0;0;0;0;1;0;0;0;0;Meloidogyne javanica;M. javanica;0;0;0;0;0;0;0;0;0;1;0;0;0;93.9;11422212;12168776;11422212;0;0;0;0
103;SRR12330764;131;Meloidogyne javanica;3;0;1;1;0;300;infected;0;0;0;0;1;0;0;0;0;0;1;0;0;0;0;0;0;1;0;0;0;0;0;0;0;0;0;0;0;0;1;0;0;0;0;Meloidogyne javanica;M. javanica;0;0;0;0;0;0;0;0;0;1;0;0;0;93.7;11477475;12247190;11477475;0;0;0;0
104;SRR12330765;132;Meloidogyne javanica;3;0;1;1;0;300;infected;0;0;0;0;1;0;0;0;0;0;1;0;0;0;0;0;0;1;0;0;0;0;0;0;0;0;0;0;0;0;1;0;0;0;0;Meloidogyne javanica;M. javanica;0;0;0;0;0;0;0;0;0;1;0;0;0;94.9;9504591;10013728;9504591;0;0;0;0
105;SRR12330766;133;Meloidogyne javanica;3;1;0;1;0;300;control;1;0;0;0;0;0;0;0;0;0;0;1;0;0;0;0;0;1;0;0;0;0;0;0;0;0;0;0;0;0;1;0;0;0;0;Meloidogyne javanica;M. javanica;0;0;1;0;0;0;0;0;0;0;0;0;0;96.1;14825171;15427700;14825171;0;0;0;0
106;SRR12330767;134;Meloidogyne javanica;3;1;0;1;0;300;control;1;0;0;0;0;0;0;0;0;0;0;1;0;0;0;0;0;1;0;0;0;0;0;0;0;0;0;0;0;0;1;0;0;0;0;Meloidogyne javanica;M. javanica;0;0;1;0;0;0;0;0;0;0;0;0;0;95.4;12288467;12879342;12288467;0;0;0;0
107;SRR12330768;135;Meloidogyne javanica;3;1;0;1;0;300;control;1;0;0;0;0;0;0;0;0;0;0;1;0;0;0;0;0;1;0;0;0;0;0;0;0;0;0;0;0;0;1;0;0;0;0;Meloidogyne javanica;M. javanica;0;0;1;0;0;0;0;0;0;0;0;0;0;95.4;13782489;14442877;13782489;0;0;0;0
244;SRR7811358;136;Plasmodiophora brassicae;24;0;1;1;0;202;infected;0;0;0;0;0;0;1;0;0;0;1;0;0;0;0;0;0;1;0;0;0;0;0;0;0;0;0;0;0;1;0;0;0;0;0;Plasmodiophora brassicae;P. brassicae;0;0;0;0;0;0;0;0;0;0;1;0;0;93.1;11791646;12665914;11791646;0;1;0;0
245;SRR7811359;137;Plasmodiophora brassicae;20;0;1;1;0;202;infected;0;0;0;0;0;0;1;0;0;0;1;0;0;0;0;0;0;1;0;0;0;0;0;0;0;0;0;1;0;0;0;0;0;0;0;Plasmodiophora brassicae;P. brassicae;0;0;0;0;0;0;0;0;0;0;1;0;0;96.8;12564831;12978398;12564831;0;1;0;0
246;SRR7811360;138;Plasmodiophora brassicae;20;0;1;1;0;202;infected;0;0;0;0;0;0;1;0;0;0;1;0;0;0;0;0;0;1;0;0;0;0;0;0;0;0;0;1;0;0;0;0;0;0;0;Plasmodiophora brassicae;P. brassicae;0;0;0;0;0;0;0;0;0;0;1;0;0;97.2;13420283;13808659;13420283;0;1;0;0
247;SRR7811361;139;Plasmodiophora brassicae;24;0;1;1;0;202;infected;0;0;0;0;0;0;1;0;0;0;1;0;0;0;0;0;0;1;0;0;0;0;0;0;0;0;0;0;0;1;0;0;0;0;0;Plasmodiophora brassicae;P. brassicae;0;0;0;0;0;0;0;0;0;0;1;0;0;93.4;11688092;12514167;11688092;0;1;0;0
248;SRR7811362;140;Plasmodiophora brassicae;24;0;1;1;0;202;infected;0;0;0;0;0;0;1;0;0;0;1;0;0;0;0;0;0;1;0;0;0;0;0;0;0;0;0;0;0;1;0;0;0;0;0;Plasmodiophora brassicae;P. brassicae;0;0;0;0;0;0;0;0;0;0;1;0;0;94.5;12610433;13348939;12610433;0;1;0;0
249;SRR7811363;141;Plasmodiophora brassicae;17;0;1;1;0;202;infected;0;0;0;0;0;0;1;0;0;0;1;0;0;0;0;0;0;1;0;0;0;0;0;0;0;1;0;0;0;0;0;0;0;0;0;Plasmodiophora brassicae;P. brassicae;0;0;0;0;0;0;0;0;0;0;1;0;0;96.7;25174980;26026429;25174980;0;1;0;0
250;SRR7811364;142;Plasmodiophora brassicae;17;0;1;1;0;202;infected;0;0;0;0;0;0;1;0;0;0;1;0;0;0;0;0;0;1;0;0;0;0;0;0;0;1;0;0;0;0;0;0;0;0;0;Plasmodiophora brassicae;P. brassicae;0;0;0;0;0;0;0;0;0;0;1;0;0;98;10311210;10524498;10311210;0;1;0;0
251;SRR7811365;143;Plasmodiophora brassicae;17;0;1;1;0;202;infected;0;0;0;0;0;0;1;0;0;0;1;0;0;0;0;0;0;1;0;0;0;0;0;0;0;1;0;0;0;0;0;0;0;0;0;Plasmodiophora brassicae;P. brassicae;0;0;0;0;0;0;0;0;0;0;1;0;0;96.5;8604410;8919751;8604410;0;1;0;0
252;SRR7811366;144;Plasmodiophora brassicae;20;0;1;1;0;202;infected;0;0;0;0;0;0;1;0;0;0;1;0;0;0;0;0;0;1;0;0;0;0;0;0;0;0;0;1;0;0;0;0;0;0;0;Plasmodiophora brassicae;P. brassicae;0;0;0;0;0;0;0;0;0;0;1;0;0;96.9;11963630;12341757;11963630;0;1;0;0
208;SRR3124722;145;Plasmodiophora brassicae 2;17;0;1;1;0;202;infected - leaf;0;0;0;0;0;0;1;0;0;0;1;0;0;0;0;0;1;0;0;0;0;0;0;0;0;1;0;0;0;0;0;0;0;0;0;Plasmodiophora brassicae;P. brassicae;0;0;0;0;0;0;0;0;0;0;1;0;0;97.9;8186170;8358101;8186170;1;0;0;0
209;SRR3124724;146;Plasmodiophora brassicae 2;24;0;1;1;0;202;infected - leaf;0;0;0;0;0;0;1;0;0;0;1;0;0;0;0;0;1;0;0;0;0;0;0;0;0;0;0;0;0;1;0;0;0;0;0;Plasmodiophora brassicae;P. brassicae;0;0;0;0;0;0;0;0;0;0;1;0;0;98;11109228;11332486;11109228;1;0;0;0
210;SRR3124726;147;Plasmodiophora brassicae 2;17;0;1;1;0;202;infected - leaf;0;0;0;0;0;0;1;0;0;0;1;0;0;0;0;0;1;0;0;0;0;0;0;0;0;1;0;0;0;0;0;0;0;0;0;Plasmodiophora brassicae;P. brassicae;0;0;0;0;0;0;0;0;0;0;1;0;0;97.7;10391477;10635493;10391477;1;0;0;0
211;SRR3124729;148;Plasmodiophora brassicae 2;20;0;1;1;0;202;infected - leaf;0;0;0;0;0;0;1;0;0;0;1;0;0;0;0;0;1;0;0;0;0;0;0;0;0;0;0;1;0;0;0;0;0;0;0;Plasmodiophora brassicae;P. brassicae;0;0;0;0;0;0;0;0;0;0;1;0;0;98.2;15567942;15847392;15567942;1;0;0;0
212;SRR3124731;149;Plasmodiophora brassicae 2;24;0;1;1;0;202;infected - leaf;0;0;0;0;0;0;1;0;0;0;1;0;0;0;0;0;1;0;0;0;0;0;0;0;0;0;0;0;0;1;0;0;0;0;0;Plasmodiophora brassicae;P. brassicae;0;0;0;0;0;0;0;0;0;0;1;0;0;97.3;15944686;16393176;15944686;1;0;0;0
213;SRR3124735;150;Plasmodiophora brassicae 2;17;0;1;1;0;202;infected - root;0;0;0;0;0;0;1;0;0;0;1;0;0;0;0;0;0;1;0;0;0;0;0;0;0;1;0;0;0;0;0;0;0;0;0;Plasmodiophora brassicae;P. brassicae;0;0;0;0;0;0;0;0;0;0;1;0;0;96.7;25174980;26026429;25174980;0;1;0;0
214;SRR3124737;151;Plasmodiophora brassicae 2;20;0;1;1;0;202;infected - root;0;0;0;0;0;0;1;0;0;0;1;0;0;0;0;0;0;1;0;0;0;0;0;0;0;0;0;1;0;0;0;0;0;0;0;Plasmodiophora brassicae;P. brassicae;0;0;0;0;0;0;0;0;0;0;1;0;0;96.9;11963630;12341757;11963630;0;1;0;0
215;SRR3124740;152;Plasmodiophora brassicae 2;24;0;1;1;0;202;infected - root;0;0;0;0;0;0;1;0;0;0;1;0;0;0;0;0;0;1;0;0;0;0;0;0;0;0;0;0;0;1;0;0;0;0;0;Plasmodiophora brassicae;P. brassicae;0;0;0;0;0;0;0;0;0;0;1;0;0;93.4;11688092;12514167;11688092;0;1;0;0
216;SRR3124742;153;Plasmodiophora brassicae 2;17;0;1;1;0;202;infected - root;0;0;0;0;0;0;1;0;0;0;1;0;0;0;0;0;0;1;0;0;0;0;0;0;0;1;0;0;0;0;0;0;0;0;0;Plasmodiophora brassicae;P. brassicae;0;0;0;0;0;0;0;0;0;0;1;0;0;98;10311210;10524498;10311210;0;1;0;0
217;SRR3124743;154;Plasmodiophora brassicae 2;20;0;1;1;0;202;infected - root;0;0;0;0;0;0;1;0;0;0;1;0;0;0;0;0;0;1;0;0;0;0;0;0;0;0;0;1;0;0;0;0;0;0;0;Plasmodiophora brassicae;P. brassicae;0;0;0;0;0;0;0;0;0;0;1;0;0;96.8;12564831;12978398;12564831;0;1;0;0
218;SRR3124745;155;Plasmodiophora brassicae 2;24;0;1;1;0;202;infected - root;0;0;0;0;0;0;1;0;0;0;1;0;0;0;0;0;0;1;0;0;0;0;0;0;0;0;0;0;0;1;0;0;0;0;0;Plasmodiophora brassicae;P. brassicae;0;0;0;0;0;0;0;0;0;0;1;0;0;94.5;12610433;13348939;12610433;0;1;0;0
219;SRR3124747;156;Plasmodiophora brassicae 2;20;0;1;1;0;202;infected - leaf;0;0;0;0;0;0;1;0;0;0;1;0;0;0;0;0;1;0;0;0;0;0;0;0;0;0;0;1;0;0;0;0;0;0;0;Plasmodiophora brassicae;P. brassicae;0;0;0;0;0;0;0;0;0;0;1;0;0;97.6;9139710;9363389;9139710;1;0;0;0
220;SRR3124748;157;Plasmodiophora brassicae 2;17;0;1;1;0;202;infected - root;0;0;0;0;0;0;1;0;0;0;1;0;0;0;0;0;0;1;0;0;0;0;0;0;0;1;0;0;0;0;0;0;0;0;0;Plasmodiophora brassicae;P. brassicae;0;0;0;0;0;0;0;0;0;0;1;0;0;96.5;8604410;8919751;8604410;0;1;0;0
221;SRR3124750;158;Plasmodiophora brassicae 2;20;0;1;1;0;202;infected - root;0;0;0;0;0;0;1;0;0;0;1;0;0;0;0;0;0;1;0;0;0;0;0;0;0;0;0;1;0;0;0;0;0;0;0;Plasmodiophora brassicae;P. brassicae;0;0;0;0;0;0;0;0;0;0;1;0;0;97.2;13420283;13808659;13420283;0;1;0;0
222;SRR3124752;159;Plasmodiophora brassicae 2;24;0;1;1;0;202;infected - root;0;0;0;0;0;0;1;0;0;0;1;0;0;0;0;0;0;1;0;0;0;0;0;0;0;0;0;0;0;1;0;0;0;0;0;Plasmodiophora brassicae;P. brassicae;0;0;0;0;0;0;0;0;0;0;1;0;0;93.1;11791646;12665914;11791646;0;1;0;0
223;SRR3124754;160;Plasmodiophora brassicae 2;17;1;0;1;0;202;control - leaf;1;0;0;0;0;0;0;0;0;0;0;1;0;0;0;0;1;0;0;0;0;0;0;0;0;1;0;0;0;0;0;0;0;0;0;Plasmodiophora brassicae;P. brassicae;0;0;1;0;0;0;0;0;0;0;0;0;0;98;15578453;15902816;15578453;0;0;0;0
224;SRR3124756;161;Plasmodiophora brassicae 2;20;1;0;1;0;202;control - leaf;1;0;0;0;0;0;0;0;0;0;0;1;0;0;0;0;1;0;0;0;0;0;0;0;0;0;0;1;0;0;0;0;0;0;0;Plasmodiophora brassicae;P. brassicae;0;0;1;0;0;0;0;0;0;0;0;0;0;95.2;15063572;15816370;15063572;0;0;0;0
225;SRR3124759;162;Plasmodiophora brassicae 2;24;1;0;1;0;202;control - leaf;1;0;0;0;0;0;0;0;0;0;0;1;0;0;0;0;1;0;0;0;0;0;0;0;0;0;0;0;0;1;0;0;0;0;0;Plasmodiophora brassicae;P. brassicae;0;0;1;0;0;0;0;0;0;0;0;0;0;97.8;10280256;10506544;10280256;0;0;0;0
226;SRR3124761;163;Plasmodiophora brassicae 2;17;1;0;1;0;202;control - leaf;1;0;0;0;0;0;0;0;0;0;0;1;0;0;0;0;1;0;0;0;0;0;0;0;0;1;0;0;0;0;0;0;0;0;0;Plasmodiophora brassicae;P. brassicae;0;0;1;0;0;0;0;0;0;0;0;0;0;97.8;10579966;10814844;10579966;0;0;0;0
227;SRR3124764;164;Plasmodiophora brassicae 2;20;1;0;1;0;202;control - leaf;1;0;0;0;0;0;0;0;0;0;0;1;0;0;0;0;1;0;0;0;0;0;0;0;0;0;0;1;0;0;0;0;0;0;0;Plasmodiophora brassicae;P. brassicae;0;0;1;0;0;0;0;0;0;0;0;0;0;97.9;11028372;11268726;11028372;0;0;0;0
228;SRR3124766;165;Plasmodiophora brassicae 2;24;1;0;1;0;202;control - leaf;1;0;0;0;0;0;0;0;0;0;0;1;0;0;0;0;1;0;0;0;0;0;0;0;0;0;0;0;0;1;0;0;0;0;0;Plasmodiophora brassicae;P. brassicae;0;0;1;0;0;0;0;0;0;0;0;0;0;97.8;11741122;12004346;11741122;0;0;0;0
229;SRR3124767;166;Plasmodiophora brassicae 2;17;1;0;1;0;202;control - leaf;1;0;0;0;0;0;0;0;0;0;0;1;0;0;0;0;1;0;0;0;0;0;0;0;0;1;0;0;0;0;0;0;0;0;0;Plasmodiophora brassicae;P. brassicae;0;0;1;0;0;0;0;0;0;0;0;0;0;97.8;5762645;5892667;5762645;0;0;0;0
230;SRR3124769;167;Plasmodiophora brassicae 2;24;0;1;1;0;202;infected - leaf;0;0;0;0;0;0;1;0;0;0;1;0;0;0;0;0;1;0;0;0;0;0;0;0;0;0;0;0;0;1;0;0;0;0;0;Plasmodiophora brassicae;P. brassicae;0;0;0;0;0;0;0;0;0;0;1;0;0;98.1;20028003;20421974;20028003;1;0;0;0
231;SRR3124770;168;Plasmodiophora brassicae 2;20;1;0;1;0;202;control - leaf;1;0;0;0;0;0;0;0;0;0;0;1;0;0;0;0;1;0;0;0;0;0;0;0;0;0;0;1;0;0;0;0;0;0;0;Plasmodiophora brassicae;P. brassicae;0;0;1;0;0;0;0;0;0;0;0;0;0;98;8813252;8993506;8813252;0;0;0;0
232;SRR3124772;169;Plasmodiophora brassicae 2;24;1;0;1;0;202;control - leaf;1;0;0;0;0;0;0;0;0;0;0;1;0;0;0;0;1;0;0;0;0;0;0;0;0;0;0;0;0;1;0;0;0;0;0;Plasmodiophora brassicae;P. brassicae;0;0;1;0;0;0;0;0;0;0;0;0;0;97.9;13761877;14050423;13761877;0;0;0;0
233;SRR3124775;170;Plasmodiophora brassicae 2;17;1;0;1;0;202;control - root;1;0;0;0;0;0;0;0;0;0;0;1;0;0;0;0;0;1;0;0;0;0;0;0;0;1;0;0;0;0;0;0;0;0;0;Plasmodiophora brassicae;P. brassicae;0;0;1;0;0;0;0;0;0;0;0;0;0;96.6;11374896;11777627;11374896;0;0;0;0
234;SRR3124986;171;Plasmodiophora brassicae 2;20;1;0;1;0;202;control - root;1;0;0;0;0;0;0;0;0;0;0;1;0;0;0;0;0;1;0;0;0;0;0;0;0;0;0;1;0;0;0;0;0;0;0;Plasmodiophora brassicae;P. brassicae;0;0;1;0;0;0;0;0;0;0;0;0;0;97.3;20252610;20818323;20252610;0;0;0;0
235;SRR3124987;172;Plasmodiophora brassicae 2;24;1;0;1;0;202;control - root;1;0;0;0;0;0;0;0;0;0;0;1;0;0;0;0;0;1;0;0;0;0;0;0;0;0;0;0;0;1;0;0;0;0;0;Plasmodiophora brassicae;P. brassicae;0;0;1;0;0;0;0;0;0;0;0;0;0;96.8;13089074;13516061;13089074;0;0;0;0
236;SRR3124990;173;Plasmodiophora brassicae 2;17;1;0;1;0;202;control - root;1;0;0;0;0;0;0;0;0;0;0;1;0;0;0;0;0;1;0;0;0;0;0;0;0;1;0;0;0;0;0;0;0;0;0;Plasmodiophora brassicae;P. brassicae;0;0;1;0;0;0;0;0;0;0;0;0;0;96.5;13270398;13751446;13270398;0;0;0;0
237;SRR3124992;174;Plasmodiophora brassicae 2;20;1;0;1;0;202;control - root;1;0;0;0;0;0;0;0;0;0;0;1;0;0;0;0;0;1;0;0;0;0;0;0;0;0;0;1;0;0;0;0;0;0;0;Plasmodiophora brassicae;P. brassicae;0;0;1;0;0;0;0;0;0;0;0;0;0;96.6;13650660;14133849;13650660;0;0;0;0
238;SRR3124994;175;Plasmodiophora brassicae 2;24;1;0;1;0;202;control - root;1;0;0;0;0;0;0;0;0;0;0;1;0;0;0;0;0;1;0;0;0;0;0;0;0;0;0;0;0;1;0;0;0;0;0;Plasmodiophora brassicae;P. brassicae;0;0;1;0;0;0;0;0;0;0;0;0;0;96.4;11107922;11521985;11107922;0;0;0;0
239;SRR3124997;176;Plasmodiophora brassicae 2;17;1;0;1;0;202;control - root;1;0;0;0;0;0;0;0;0;0;0;1;0;0;0;0;0;1;0;0;0;0;0;0;0;1;0;0;0;0;0;0;0;0;0;Plasmodiophora brassicae;P. brassicae;0;0;1;0;0;0;0;0;0;0;0;0;0;97.1;12922062;13309423;12922062;0;0;0;0
240;SRR3124998;177;Plasmodiophora brassicae 2;20;1;0;1;0;202;control - root;1;0;0;0;0;0;0;0;0;0;0;1;0;0;0;0;0;1;0;0;0;0;0;0;0;0;0;1;0;0;0;0;0;0;0;Plasmodiophora brassicae;P. brassicae;0;0;1;0;0;0;0;0;0;0;0;0;0;96.7;9620466;9947495;9620466;0;0;0;0
241;SRR3125002;178;Plasmodiophora brassicae 2;17;0;1;1;0;202;infected - leaf;0;0;0;0;0;0;1;0;0;0;1;0;0;0;0;0;1;0;0;0;0;0;0;0;0;1;0;0;0;0;0;0;0;0;0;Plasmodiophora brassicae;P. brassicae;0;0;0;0;0;0;0;0;0;0;1;0;0;97.8;11318568;11575777;11318568;1;0;0;0
242;SRR3125004;179;Plasmodiophora brassicae 2;24;1;0;1;0;202;control - root;1;0;0;0;0;0;0;0;0;0;0;1;0;0;0;0;0;1;0;0;0;0;0;0;0;0;0;0;0;1;0;0;0;0;0;Plasmodiophora brassicae;P. brassicae;0;0;1;0;0;0;0;0;0;0;0;0;0;95.2;10246833;10761687;10246833;0;0;0;0
243;SRR3125005;180;Plasmodiophora brassicae 2;20;0;1;1;0;202;infected - leaf;0;0;0;0;0;0;1;0;0;0;1;0;0;0;0;0;1;0;0;0;0;0;0;0;0;0;0;1;0;0;0;0;0;0;0;Plasmodiophora brassicae;P. brassicae;0;0;0;0;0;0;0;0;0;0;1;0;0;97.9;10295348;10518831;10295348;1;0;0;0
160;SRR30310344;181;Turnip mosaic virus (TuMV);14;0;1;1;0;300;TuMV-AS;0;0;0;0;0;0;0;1;0;0;1;0;0;0;0;1;0;0;0;0;0;0;0;0;1;0;0;0;0;0;0;0;0;0;0;Turnip mosaic virus (TuMV);TuMV;0;0;0;0;0;0;0;0;0;0;0;1;0;70.8;15532545;21951892;15532545;0;0;1;0
161;SRR30310345;182;Turnip mosaic virus (TuMV);14;1;0;1;0;300;control;1;0;0;0;0;0;0;0;0;0;0;1;0;0;0;1;0;0;0;0;0;0;0;0;1;0;0;0;0;0;0;0;0;0;0;Turnip mosaic virus (TuMV);TuMV;0;0;1;0;0;0;0;0;0;0;0;0;0;77.6;21847845;28150576;21847845;0;0;0;0
162;SRR30310346;183;Turnip mosaic virus (TuMV);14;1;0;1;0;300;control;1;0;0;0;0;0;0;0;0;0;0;1;0;0;0;1;0;0;0;0;0;0;0;0;1;0;0;0;0;0;0;0;0;0;0;Turnip mosaic virus (TuMV);TuMV;0;0;1;0;0;0;0;0;0;0;0;0;0;96.8;20431650;21096749;20431650;0;0;0;0
163;SRR30310347;184;Turnip mosaic virus (TuMV);14;1;0;1;0;300;control;1;0;0;0;0;0;0;0;0;0;0;1;0;0;0;1;0;0;0;0;0;0;0;0;1;0;0;0;0;0;0;0;0;0;0;Turnip mosaic virus (TuMV);TuMV;0;0;1;0;0;0;0;0;0;0;0;0;0;96.4;22934583;23795448;22934583;0;0;0;0
164;SRR30310348;185;Turnip mosaic virus (TuMV);14;1;0;1;0;300;control;1;0;0;0;0;0;0;0;0;0;0;1;0;0;0;1;0;0;0;0;0;0;0;0;1;0;0;0;0;0;0;0;0;0;0;Turnip mosaic virus (TuMV);TuMV;0;0;1;0;0;0;0;0;0;0;0;0;0;82.6;17089986;20690051;17089986;0;0;0;0
165;SRR30310349;186;Turnip mosaic virus (TuMV);14;1;0;1;0;300;control;1;0;0;0;0;0;0;0;0;0;0;1;0;0;0;1;0;0;0;0;0;0;0;0;1;0;0;0;0;0;0;0;0;0;0;Turnip mosaic virus (TuMV);TuMV;0;0;1;0;0;0;0;0;0;0;0;0;0;96.7;21703392;22443769;21703392;0;0;0;0
166;SRR30310350;187;Turnip mosaic virus (TuMV);14;1;0;1;0;300;control;1;0;0;0;0;0;0;0;0;0;0;1;0;0;0;1;0;0;0;0;0;0;0;0;1;0;0;0;0;0;0;0;0;0;0;Turnip mosaic virus (TuMV);TuMV;0;0;1;0;0;0;0;0;0;0;0;0;0;84.9;19505263;22978714;19505263;0;0;0;0
167;SRR30310351;188;Turnip mosaic virus (TuMV);14;0;1;1;0;300;TuMV-DV;0;0;0;0;0;0;0;1;0;0;1;0;0;0;0;1;0;0;0;0;0;0;0;0;1;0;0;0;0;0;0;0;0;0;0;Turnip mosaic virus (TuMV);TuMV;0;0;0;0;0;0;0;0;0;0;0;1;0;61.8;13373495;21651786;13373495;0;0;0;1
168;SRR30310352;189;Turnip mosaic virus (TuMV);14;0;1;1;0;300;TuMV-DV;0;0;0;0;0;0;0;1;0;0;1;0;0;0;0;1;0;0;0;0;0;0;0;0;1;0;0;0;0;0;0;0;0;0;0;Turnip mosaic virus (TuMV);TuMV;0;0;0;0;0;0;0;0;0;0;0;1;0;58.1;13646746;23484987;13646746;0;0;0;1
169;SRR30310353;190;Turnip mosaic virus (TuMV);14;0;1;1;0;300;TuMV-DV;0;0;0;0;0;0;0;1;0;0;1;0;0;0;0;1;0;0;0;0;0;0;0;0;1;0;0;0;0;0;0;0;0;0;0;Turnip mosaic virus (TuMV);TuMV;0;0;0;0;0;0;0;0;0;0;0;1;0;42.1;12644712;30064881;12644712;0;0;0;1
170;SRR30310354;191;Turnip mosaic virus (TuMV);14;0;1;1;0;300;TuMV-DV;0;0;0;0;0;0;0;1;0;0;1;0;0;0;0;1;0;0;0;0;0;0;0;0;1;0;0;0;0;0;0;0;0;0;0;Turnip mosaic virus (TuMV);TuMV;0;0;0;0;0;0;0;0;0;0;0;1;0;70.2;15343835;21854424;15343835;0;0;0;1
171;SRR30310355;192;Turnip mosaic virus (TuMV);14;0;1;1;0;300;TuMV-DV;0;0;0;0;0;0;0;1;0;0;1;0;0;0;0;1;0;0;0;0;0;0;0;0;1;0;0;0;0;0;0;0;0;0;0;Turnip mosaic virus (TuMV);TuMV;0;0;0;0;0;0;0;0;0;0;0;1;0;62.3;12261790;19670858;12261790;0;0;0;1
172;SRR30310356;193;Turnip mosaic virus (TuMV);14;0;1;1;0;300;TuMV-DV;0;0;0;0;0;0;0;1;0;0;1;0;0;0;0;1;0;0;0;0;0;0;0;0;1;0;0;0;0;0;0;0;0;0;0;Turnip mosaic virus (TuMV);TuMV;0;0;0;0;0;0;0;0;0;0;0;1;0;64.2;14822786;23105497;14822786;0;0;0;1
173;SRR30310357;194;Turnip mosaic virus (TuMV);14;0;1;1;0;300;TuMV-DV;0;0;0;0;0;0;0;1;0;0;1;0;0;0;0;1;0;0;0;0;0;0;0;0;1;0;0;0;0;0;0;0;0;0;0;Turnip mosaic virus (TuMV);TuMV;0;0;0;0;0;0;0;0;0;0;0;1;0;82.3;19368694;23526220;19368694;0;0;0;1
174;SRR30310358;195;Turnip mosaic virus (TuMV);14;1;0;1;0;300;control;1;0;0;0;0;0;0;0;0;0;0;1;0;0;0;1;0;0;0;0;0;0;0;0;1;0;0;0;0;0;0;0;0;0;0;Turnip mosaic virus (TuMV);TuMV;0;0;1;0;0;0;0;0;0;0;0;0;0;96.1;22620724;23538119;22620724;0;0;0;0
175;SRR30310359;196;Turnip mosaic virus (TuMV);14;0;1;1;0;300;TuMV-DV;0;0;0;0;0;0;0;1;0;0;1;0;0;0;0;1;0;0;0;0;0;0;0;0;1;0;0;0;0;0;0;0;0;0;0;Turnip mosaic virus (TuMV);TuMV;0;0;0;0;0;0;0;0;0;0;0;1;0;77.4;17840317;23043905;17840317;0;0;0;1
176;SRR30310360;197;Turnip mosaic virus (TuMV);14;0;1;1;0;300;TuMV-DV;0;0;0;0;0;0;0;1;0;0;1;0;0;0;0;1;0;0;0;0;0;0;0;0;1;0;0;0;0;0;0;0;0;0;0;Turnip mosaic virus (TuMV);TuMV;0;0;0;0;0;0;0;0;0;0;0;1;0;82.8;19810850;23921183;19810850;0;0;0;1
177;SRR30310361;198;Turnip mosaic virus (TuMV);14;0;1;1;0;300;TuMV-AS;0;0;0;0;0;0;0;1;0;0;1;0;0;0;0;1;0;0;0;0;0;0;0;0;1;0;0;0;0;0;0;0;0;0;0;Turnip mosaic virus (TuMV);TuMV;0;0;0;0;0;0;0;0;0;0;0;1;0;53.7;14925751;27811941;14925751;0;0;1;0
178;SRR30310362;199;Turnip mosaic virus (TuMV);14;0;1;1;0;300;TuMV-AS;0;0;0;0;0;0;0;1;0;0;1;0;0;0;0;1;0;0;0;0;0;0;0;0;1;0;0;0;0;0;0;0;0;0;0;Turnip mosaic virus (TuMV);TuMV;0;0;0;0;0;0;0;0;0;0;0;1;0;56.7;11895552;20983399;11895552;0;0;1;0
179;SRR30310363;200;Turnip mosaic virus (TuMV);14;0;1;1;0;300;TuMV-AS;0;0;0;0;0;0;0;1;0;0;1;0;0;0;0;1;0;0;0;0;0;0;0;0;1;0;0;0;0;0;0;0;0;0;0;Turnip mosaic virus (TuMV);TuMV;0;0;0;0;0;0;0;0;0;0;0;1;0;58.3;12394189;21265592;12394189;0;0;1;0
180;SRR30310364;201;Turnip mosaic virus (TuMV);14;0;1;1;0;300;TuMV-AS;0;0;0;0;0;0;0;1;0;0;1;0;0;0;0;1;0;0;0;0;0;0;0;0;1;0;0;0;0;0;0;0;0;0;0;Turnip mosaic virus (TuMV);TuMV;0;0;0;0;0;0;0;0;0;0;0;1;0;74.4;15539524;20880148;15539524;0;0;1;0
181;SRR30310365;202;Turnip mosaic virus (TuMV);14;0;1;1;0;300;TuMV-AS;0;0;0;0;0;0;0;1;0;0;1;0;0;0;0;1;0;0;0;0;0;0;0;0;1;0;0;0;0;0;0;0;0;0;0;Turnip mosaic virus (TuMV);TuMV;0;0;0;0;0;0;0;0;0;0;0;1;0;79.3;18190820;22926995;18190820;0;0;1;0
182;SRR30310366;203;Turnip mosaic virus (TuMV);14;0;1;1;0;300;TuMV-AS;0;0;0;0;0;0;0;1;0;0;1;0;0;0;0;1;0;0;0;0;0;0;0;0;1;0;0;0;0;0;0;0;0;0;0;Turnip mosaic virus (TuMV);TuMV;0;0;0;0;0;0;0;0;0;0;0;1;0;76.3;19674936;25781706;19674936;0;0;1;0
183;SRR30310367;204;Turnip mosaic virus (TuMV);14;0;1;1;0;300;TuMV-AS;0;0;0;0;0;0;0;1;0;0;1;0;0;0;0;1;0;0;0;0;0;0;0;0;1;0;0;0;0;0;0;0;0;0;0;Turnip mosaic virus (TuMV);TuMV;0;0;0;0;0;0;0;0;0;0;0;1;0;71.7;14467250;20165339;14467250;0;0;1;0
184;SRR30310368;205;Turnip mosaic virus (TuMV);14;0;1;1;0;300;TuMV-AS;0;0;0;0;0;0;0;1;0;0;1;0;0;0;0;1;0;0;0;0;0;0;0;0;1;0;0;0;0;0;0;0;0;0;0;Turnip mosaic virus (TuMV);TuMV;0;0;0;0;0;0;0;0;0;0;0;1;0;67.4;13284374;19697324;13284374;0;0;1;0
185;SRR30310369;206;Turnip mosaic virus (TuMV);14;1;0;1;0;300;control;1;0;0;0;0;0;0;0;0;0;0;1;0;0;0;1;0;0;0;0;0;0;0;0;1;0;0;0;0;0;0;0;0;0;0;Turnip mosaic virus (TuMV);TuMV;0;0;1;0;0;0;0;0;0;0;0;0;0;95.9;20751924;21628907;20751924;0;0;0;0
186;SRR30310370;207;Turnip mosaic virus (TuMV);14;1;0;1;0;300;control;1;0;0;0;0;0;0;0;0;0;0;1;0;0;0;1;0;0;0;0;0;0;0;0;1;0;0;0;0;0;0;0;0;0;0;Turnip mosaic virus (TuMV);TuMV;0;0;1;0;0;0;0;0;0;0;0;0;0;96;23076309;24044425;23076309;0;0;0;0
150;SRR24657655;208;Turnip mosaic virus (TuMV) 3;14;0;1;1;0;300;Evolved TuMV infected passage 12;0;0;0;0;0;0;0;1;0;0;1;0;0;0;0;0;1;0;0;0;0;0;0;0;1;0;0;0;0;0;0;0;0;0;0;Turnip mosaic virus (TuMV);TuMV;0;0;0;0;0;0;0;0;0;0;0;1;0;64.7;15971581;24668579;15971581;0;0;0;1
151;SRR24657656;209;Turnip mosaic virus (TuMV) 3;14;0;1;1;0;300;Evolved TuMV infected passage 12;0;0;0;0;0;0;0;1;0;0;1;0;0;0;0;0;1;0;0;0;0;0;0;0;1;0;0;0;0;0;0;0;0;0;0;Turnip mosaic virus (TuMV);TuMV;0;0;0;0;0;0;0;0;0;0;0;1;0;64.4;16351959;25373823;16351959;0;0;0;1
152;SRR24657657;210;Turnip mosaic virus (TuMV) 3;14;0;1;1;0;300;Evolved TuMV infected passage 12;0;0;0;0;0;0;0;1;0;0;1;0;0;0;0;0;1;0;0;0;0;0;0;0;1;0;0;0;0;0;0;0;0;0;0;Turnip mosaic virus (TuMV);TuMV;0;0;0;0;0;0;0;0;0;0;0;1;0;57;12357482;21694683;12357482;0;0;0;1
153;SRR24657658;211;Turnip mosaic virus (TuMV) 3;14;0;1;1;0;300;Evolved TuMV infected passage 12;0;0;0;0;0;0;0;1;0;0;1;0;0;0;0;0;1;0;0;0;0;0;0;0;1;0;0;0;0;0;0;0;0;0;0;Turnip mosaic virus (TuMV);TuMV;0;0;0;0;0;0;0;0;0;0;0;1;0;62.9;14077399;22376738;14077399;0;0;0;1
154;SRR24657659;212;Turnip mosaic virus (TuMV) 3;14;0;1;1;0;300;Evolved TuMV infected passage 12;0;0;0;0;0;0;0;1;0;0;1;0;0;0;0;0;1;0;0;0;0;0;0;0;1;0;0;0;0;0;0;0;0;0;0;Turnip mosaic virus (TuMV);TuMV;0;0;0;0;0;0;0;0;0;0;0;1;0;60.4;13063892;21623904;13063892;0;0;0;1
155;SRR24657669;213;Turnip mosaic virus (TuMV) 3;14;0;1;1;0;300;Naïve TuMV infected\, passage 1;0;0;0;0;0;0;0;1;0;0;1;0;0;0;0;0;1;0;0;0;0;0;0;0;1;0;0;0;0;0;0;0;0;0;0;Turnip mosaic virus (TuMV);TuMV;0;0;0;0;0;0;0;0;0;0;0;1;0;72.1;14741057;20451802;14741057;0;0;1;0
156;SRR24657680;214;Turnip mosaic virus (TuMV) 3;14;0;1;1;0;300;Naïve TuMV infected\, passage 1;0;0;0;0;0;0;0;1;0;0;1;0;0;0;0;0;1;0;0;0;0;0;0;0;1;0;0;0;0;0;0;0;0;0;0;Turnip mosaic virus (TuMV);TuMV;0;0;0;0;0;0;0;0;0;0;0;1;0;75.2;17612346;23425495;17612346;0;0;1;0
157;SRR24657691;215;Turnip mosaic virus (TuMV) 3;14;0;1;1;0;300;Naïve TuMV infected\, passage 1;0;0;0;0;0;0;0;1;0;0;1;0;0;0;0;0;1;0;0;0;0;0;0;0;1;0;0;0;0;0;0;0;0;0;0;Turnip mosaic virus (TuMV);TuMV;0;0;0;0;0;0;0;0;0;0;0;1;0;73.3;17061110;23264794;17061110;0;0;1;0
158;SRR24657702;216;Turnip mosaic virus (TuMV) 3;14;0;1;1;0;300;Naïve TuMV infected\, passage 1;0;0;0;0;0;0;0;1;0;0;1;0;0;0;0;0;1;0;0;0;0;0;0;0;1;0;0;0;0;0;0;0;0;0;0;Turnip mosaic virus (TuMV);TuMV;0;0;0;0;0;0;0;0;0;0;0;1;0;72.6;15837145;21828275;15837145;0;0;1;0
159;SRR24657703;217;Turnip mosaic virus (TuMV) 3;14;0;1;1;0;300;Naïve TuMV infected\, passage 1;0;0;0;0;0;0;0;1;0;0;1;0;0;0;0;0;1;0;0;0;0;0;0;0;1;0;0;0;0;0;0;0;0;0;0;Turnip mosaic virus (TuMV);TuMV;0;0;0;0;0;0;0;0;0;0;0;1;0;77.2;15720499;20374483;15720499;0;0;1;0
21;ERR7738942;218;Turnip yellows virus (TuYV);14;0;1;1;0;150;infected;0;0;0;0;0;0;0;1;0;0;1;0;0;0;0;0;1;0;0;0;0;0;0;0;1;0;0;0;0;0;0;0;0;0;0;Turnip yellows virus (TuYV);TuYV;0;0;0;0;0;0;0;0;0;0;0;0;1;94.4;25530514;27031002;25530514;0;0;0;0
22;ERR7738943;219;Turnip yellows virus (TuYV);14;0;1;1;0;150;infected;0;0;0;0;0;0;0;1;0;0;1;0;0;0;0;0;1;0;0;0;0;0;0;0;1;0;0;0;0;0;0;0;0;0;0;Turnip yellows virus (TuYV);TuYV;0;0;0;0;0;0;0;0;0;0;0;0;1;94.6;29159598;30823937;29159598;0;0;0;0
23;ERR7738944;220;Turnip yellows virus (TuYV);14;0;1;1;0;150;infected;0;0;0;0;0;0;0;1;0;0;1;0;0;0;0;0;1;0;0;0;0;0;0;0;1;0;0;0;0;0;0;0;0;0;0;Turnip yellows virus (TuYV);TuYV;0;0;0;0;0;0;0;0;0;0;0;0;1;94.8;28693752;30274742;28693752;0;0;0;0
187;SRR30606508;221;Botrytis cinerea;0,5;0;1;1;0;300;infected;0;0;0;1;0;0;0;0;0;0;0;0;0;1;0;0;0;0;1;0;0;1;0;0;0;0;0;0;0;0;0;0;0;0;0;Botrytis cinerea;B. cinerea;0;1;0;0;0;0;0;0;0;0;0;0;0;83.5;37585094;45011607;37585094;0;0;0;0
188;SRR30606509;222;Botrytis cinerea;0,25;0;1;1;0;300;infected;0;0;0;1;0;0;0;0;0;0;0;0;0;1;0;0;0;0;1;0;1;0;0;0;0;0;0;0;0;0;0;0;0;0;0;Botrytis cinerea;B. cinerea;0;1;0;0;0;0;0;0;0;0;0;0;0;92.6;40208888;43408739;40208888;0;0;0;0
189;SRR30606510;223;Botrytis cinerea;0,25;0;1;1;0;300;infected;0;0;0;1;0;0;0;0;0;0;0;0;0;1;0;0;0;0;1;0;1;0;0;0;0;0;0;0;0;0;0;0;0;0;0;Botrytis cinerea;B. cinerea;0;1;0;0;0;0;0;0;0;0;0;0;0;90.4;40560584;44852753;40560584;0;0;0;0
190;SRR30606511;224;Botrytis cinerea;0,25;0;1;1;0;300;infected;0;0;0;1;0;0;0;0;0;0;0;0;0;1;0;0;0;0;1;0;1;0;0;0;0;0;0;0;0;0;0;0;0;0;0;Botrytis cinerea;B. cinerea;0;1;0;0;0;0;0;0;0;0;0;0;0;89.2;38191357;42807831;38191357;0;0;0;0
191;SRR30606517;225;Botrytis cinerea;4;0;1;1;0;300;infected;0;0;0;1;0;0;0;0;0;0;0;0;0;1;0;0;0;0;1;0;0;0;0;0;0;0;0;0;0;0;0;1;0;0;0;Botrytis cinerea;B. cinerea;0;1;0;0;0;0;0;0;0;0;0;0;0;95.8;41033881;42828166;41033881;0;0;0;0
192;SRR30606518;226;Botrytis cinerea;4;0;1;1;0;300;infected;0;0;0;1;0;0;0;0;0;0;0;0;0;1;0;0;0;0;1;0;0;0;0;0;0;0;0;0;0;0;0;1;0;0;0;Botrytis cinerea;B. cinerea;0;1;0;0;0;0;0;0;0;0;0;0;0;96.5;42727998;44297401;42727998;0;0;0;0
193;SRR30606519;227;Botrytis cinerea;4;0;1;1;0;300;infected;0;0;0;1;0;0;0;0;0;0;0;0;0;1;0;0;0;0;1;0;0;0;0;0;0;0;0;0;0;0;0;1;0;0;0;Botrytis cinerea;B. cinerea;0;1;0;0;0;0;0;0;0;0;0;0;0;95.6;40274784;42138299;40274784;0;0;0;0
194;SRR30606520;228;Botrytis cinerea;3;0;1;1;0;300;infected;0;0;0;1;0;0;0;0;0;0;0;0;0;1;0;0;0;0;1;0;0;0;0;0;0;0;0;0;0;0;1;0;0;0;0;Botrytis cinerea;B. cinerea;0;1;0;0;0;0;0;0;0;0;0;0;0;95.9;41745147;43551843;41745147;0;0;0;0
195;SRR30606521;229;Botrytis cinerea;0;1;0;1;0;300;control;1;0;0;0;0;0;0;0;0;0;0;1;0;0;0;0;0;0;1;1;0;0;0;0;0;0;0;0;0;0;0;0;0;0;0;Botrytis cinerea;B. cinerea;0;0;1;0;0;0;0;0;0;0;0;0;0;96;19176298;19976079;19176298;0;0;0;0
196;SRR30606522;230;Botrytis cinerea;3;0;1;1;0;300;infected;0;0;0;1;0;0;0;0;0;0;0;0;0;1;0;0;0;0;1;0;0;0;0;0;0;0;0;0;0;0;1;0;0;0;0;Botrytis cinerea;B. cinerea;0;1;0;0;0;0;0;0;0;0;0;0;0;93.5;39242570;41967058;39242570;0;0;0;0
197;SRR30606523;231;Botrytis cinerea;3;0;1;1;0;300;infected;0;0;0;1;0;0;0;0;0;0;0;0;0;1;0;0;0;0;1;0;0;0;0;0;0;0;0;0;0;0;1;0;0;0;0;Botrytis cinerea;B. cinerea;0;1;0;0;0;0;0;0;0;0;0;0;0;95.8;40390307;42166101;40390307;0;0;0;0
198;SRR30606524;232;Botrytis cinerea;2;0;1;1;0;300;infected;0;0;0;1;0;0;0;0;0;0;0;0;0;1;0;0;0;0;1;0;0;0;0;0;0;0;1;0;0;0;0;0;0;0;0;Botrytis cinerea;B. cinerea;0;1;0;0;0;0;0;0;0;0;0;0;0;88.8;39811945;44855036;39811945;0;0;0;0
199;SRR30606525;233;Botrytis cinerea;2;0;1;1;0;300;infected;0;0;0;1;0;0;0;0;0;0;0;0;0;1;0;0;0;0;1;0;0;0;0;0;0;0;1;0;0;0;0;0;0;0;0;Botrytis cinerea;B. cinerea;0;1;0;0;0;0;0;0;0;0;0;0;0;94.3;41436029;43944350;41436029;0;0;0;0
200;SRR30606526;234;Botrytis cinerea;2;0;1;1;0;300;infected;0;0;0;1;0;0;0;0;0;0;0;0;0;1;0;0;0;0;1;0;0;0;0;0;0;0;1;0;0;0;0;0;0;0;0;Botrytis cinerea;B. cinerea;0;1;0;0;0;0;0;0;0;0;0;0;0;91.5;40080150;43796057;40080150;0;0;0;0
201;SRR30606527;235;Botrytis cinerea;1;0;1;1;0;300;infected;0;0;0;1;0;0;0;0;0;0;0;0;0;1;0;0;0;0;1;0;0;0;1;0;0;0;0;0;0;0;0;0;0;0;0;Botrytis cinerea;B. cinerea;0;1;0;0;0;0;0;0;0;0;0;0;0;93;39184558;42154217;39184558;0;0;0;0
202;SRR30606528;236;Botrytis cinerea;1;0;1;1;0;300;infected;0;0;0;1;0;0;0;0;0;0;0;0;0;1;0;0;0;0;1;0;0;0;1;0;0;0;0;0;0;0;0;0;0;0;0;Botrytis cinerea;B. cinerea;0;1;0;0;0;0;0;0;0;0;0;0;0;93.5;39476070;42211821;39476070;0;0;0;0
203;SRR30606529;237;Botrytis cinerea;1;0;1;1;0;300;infected;0;0;0;1;0;0;0;0;0;0;0;0;0;1;0;0;0;0;1;0;0;0;1;0;0;0;0;0;0;0;0;0;0;0;0;Botrytis cinerea;B. cinerea;0;1;0;0;0;0;0;0;0;0;0;0;0;92.2;42182037;45739815;42182037;0;0;0;0
204;SRR30606530;238;Botrytis cinerea;0,5;0;1;1;0;300;infected;0;0;0;1;0;0;0;0;0;0;0;0;0;1;0;0;0;0;1;0;0;1;0;0;0;0;0;0;0;0;0;0;0;0;0;Botrytis cinerea;B. cinerea;0;1;0;0;0;0;0;0;0;0;0;0;0;93;38521474;41439622;38521474;0;0;0;0
205;SRR30606531;239;Botrytis cinerea;0,5;0;1;1;0;300;infected;0;0;0;1;0;0;0;0;0;0;0;0;0;1;0;0;0;0;1;0;0;1;0;0;0;0;0;0;0;0;0;0;0;0;0;Botrytis cinerea;B. cinerea;0;1;0;0;0;0;0;0;0;0;0;0;0;88.9;37595125;42279314;37595125;0;0;0;0
206;SRR30606532;240;Botrytis cinerea;0;1;0;1;0;300;control;1;0;0;0;0;0;0;0;0;0;0;1;0;0;0;0;0;0;1;1;0;0;0;0;0;0;0;0;0;0;0;0;0;0;0;Botrytis cinerea;B. cinerea;0;0;1;0;0;0;0;0;0;0;0;0;0;97;20866078;21519588;20866078;0;0;0;0
207;SRR30606533;241;Botrytis cinerea;0;1;0;1;0;300;control;1;0;0;0;0;0;0;0;0;0;0;1;0;0;0;0;0;0;1;1;0;0;0;0;0;0;0;0;0;0;0;0;0;0;0;Botrytis cinerea;B. cinerea;0;0;1;0;0;0;0;0;0;0;0;0;0;97;20889768;21546829;20889768;0;0;0;0
108;SRR18568313;242;Alternaria brassicae;10;1;0;0;1;100;control;1;0;0;0;0;0;0;0;0;0;0;1;0;0;1;0;0;0;0;0;0;0;0;1;0;0;0;0;0;0;0;0;0;0;0;Alternaria brassicae;A. brassicae;0;0;1;0;0;0;0;0;0;0;0;0;0;96.4;49681644;51541986;49681644;0;0;0;0
109;SRR18568314;243;Alternaria brassicae;10;1;0;0;1;100;control;1;0;0;0;0;0;0;0;0;0;0;1;0;0;1;0;0;0;0;0;0;0;0;1;0;0;0;0;0;0;0;0;0;0;0;Alternaria brassicae;A. brassicae;0;0;1;0;0;0;0;0;0;0;0;0;0;96.3;49684846;51576600;49684846;0;0;0;0
110;SRR18568315;244;Alternaria brassicae;10;1;0;0;1;100;control;1;0;0;0;0;0;0;0;0;0;0;1;0;0;1;0;0;0;0;0;0;0;0;1;0;0;0;0;0;0;0;0;0;0;0;Alternaria brassicae;A. brassicae;0;0;1;0;0;0;0;0;0;0;0;0;0;96;49638995;51693464;49638995;0;0;0;0
111;SRR18568316;245;Alternaria brassicae;6;1;0;0;1;100;control;1;0;0;0;0;0;0;0;0;0;0;1;0;0;1;0;0;0;0;0;0;0;0;0;0;0;0;0;0;0;0;0;0;1;0;Alternaria brassicae;A. brassicae;0;0;1;0;0;0;0;0;0;0;0;0;0;94.6;48417804;51175380;48417804;0;0;0;0
112;SRR18568317;246;Alternaria brassicae;6;1;0;0;1;100;control;1;0;0;0;0;0;0;0;0;0;0;1;0;0;1;0;0;0;0;0;0;0;0;0;0;0;0;0;0;0;0;0;0;1;0;Alternaria brassicae;A. brassicae;0;0;1;0;0;0;0;0;0;0;0;0;0;94.2;48215209;51188912;48215209;0;0;0;0
113;SRR18568318;247;Alternaria brassicae;6;1;0;0;1;100;control;1;0;0;0;0;0;0;0;0;0;0;1;0;0;1;0;0;0;0;0;0;0;0;0;0;0;0;0;0;0;0;0;0;1;0;Alternaria brassicae;A. brassicae;0;0;1;0;0;0;0;0;0;0;0;0;0;91.3;46876572;51334948;46876572;0;0;0;0
114;SRR18568319;248;Alternaria brassicae;3;1;0;0;1;100;control;1;0;0;0;0;0;0;0;0;0;0;1;0;0;1;0;0;0;0;0;0;0;0;0;0;0;0;0;0;0;1;0;0;0;0;Alternaria brassicae;A. brassicae;0;0;1;0;0;0;0;0;0;0;0;0;0;96.3;49981250;51915012;49981250;0;0;0;0
115;SRR18568320;249;Alternaria brassicae;3;1;0;0;1;100;control;1;0;0;0;0;0;0;0;0;0;0;1;0;0;1;0;0;0;0;0;0;0;0;0;0;0;0;0;0;0;1;0;0;0;0;Alternaria brassicae;A. brassicae;0;0;1;0;0;0;0;0;0;0;0;0;0;96.1;49670818;51660306;49670818;0;0;0;0
116;SRR18568321;250;Alternaria brassicae;3;1;0;0;1;100;control;1;0;0;0;0;0;0;0;0;0;0;1;0;0;1;0;0;0;0;0;0;0;0;0;0;0;0;0;0;0;1;0;0;0;0;Alternaria brassicae;A. brassicae;0;0;1;0;0;0;0;0;0;0;0;0;0;96.9;50187044;51779478;50187044;0;0;0;0
117;SRR18568322;251;Alternaria brassicae;10;0;1;0;1;100;Abra43;0;0;0;1;0;0;0;0;0;0;0;0;0;1;1;0;0;0;0;0;0;0;0;1;0;0;0;0;0;0;0;0;0;0;0;Alternaria brassicae;A. brassicae;1;0;0;0;0;0;0;0;0;0;0;0;0;48.6;49600920;102153386;49600920;0;0;0;0
118;SRR18568323;252;Alternaria brassicae;10;0;1;0;1;100;Abra43;0;0;0;1;0;0;0;0;0;0;0;0;0;1;1;0;0;0;0;0;0;0;0;1;0;0;0;0;0;0;0;0;0;0;0;Alternaria brassicae;A. brassicae;1;0;0;0;0;0;0;0;0;0;0;0;0;57.5;58837935;102415786;58837935;0;0;0;0
119;SRR18568324;253;Alternaria brassicae;10;0;1;0;1;100;Abra43;0;0;0;1;0;0;0;0;0;0;0;0;0;1;1;0;0;0;0;0;0;0;0;1;0;0;0;0;0;0;0;0;0;0;0;Alternaria brassicae;A. brassicae;1;0;0;0;0;0;0;0;0;0;0;0;0;41.4;42298668;102223536;42298668;0;0;0;0
120;SRR18568325;254;Alternaria brassicae;6;0;1;0;1;100;Abra43;0;0;0;1;0;0;0;0;0;0;0;0;0;1;1;0;0;0;0;0;0;0;0;0;0;0;0;0;0;0;0;0;0;1;0;Alternaria brassicae;A. brassicae;1;0;0;0;0;0;0;0;0;0;0;0;0;19. Feb;19625078;101979688;19625078;0;0;0;0
121;SRR18568326;255;Alternaria brassicae;6;0;1;0;1;100;Abra43;0;0;0;1;0;0;0;0;0;0;0;0;0;1;1;0;0;0;0;0;0;0;0;0;0;0;0;0;0;0;0;0;0;1;0;Alternaria brassicae;A. brassicae;1;0;0;0;0;0;0;0;0;0;0;0;0;17. Feb;17506954;101933502;17506954;0;0;0;0
122;SRR18568327;256;Alternaria brassicae;6;0;1;0;1;100;Abra43;0;0;0;1;0;0;0;0;0;0;0;0;0;1;1;0;0;0;0;0;0;0;0;0;0;0;0;0;0;0;0;0;0;1;0;Alternaria brassicae;A. brassicae;1;0;0;0;0;0;0;0;0;0;0;0;0;20. Apr;20807681;101877456;20807681;0;0;0;0
123;SRR18568328;257;Alternaria brassicae;3;0;1;0;1;100;Abra43;0;0;0;1;0;0;0;0;0;0;0;0;0;1;1;0;0;0;0;0;0;0;0;0;0;0;0;0;0;0;1;0;0;0;0;Alternaria brassicae;A. brassicae;1;0;0;0;0;0;0;0;0;0;0;0;0;40.9;41799974;102288192;41799974;0;0;0;0
124;SRR18568329;258;Alternaria brassicae;3;0;1;0;1;100;Abra43;0;0;0;1;0;0;0;0;0;0;0;0;0;1;1;0;0;0;0;0;0;0;0;0;0;0;0;0;0;0;1;0;0;0;0;Alternaria brassicae;A. brassicae;1;0;0;0;0;0;0;0;0;0;0;0;0;23. Feb;22484276;96984704;22484276;0;0;0;0
125;SRR18568330;259;Alternaria brassicae;3;0;1;0;1;100;Abra43;0;0;0;1;0;0;0;0;0;0;0;0;0;1;1;0;0;0;0;0;0;0;0;0;0;0;0;0;0;0;1;0;0;0;0;Alternaria brassicae;A. brassicae;1;0;0;0;0;0;0;0;0;0;0;0;0;35.2;36598109;103856890;36598109;0;0;0;0
144;SRR24107301;260;Drought;0;0;1;1;0;202;salinity (mannitol);0;1;0;0;0;0;0;0;0;0;0;0;1;0;0;0;0;1;0;1;0;0;0;0;0;0;0;0;0;0;0;0;0;0;0;Drought;Drought;0;0;0;1;0;0;0;0;0;0;0;0;0;76;23841832;31358207;23841832;0;0;0;0
145;SRR24107302;261;Drought;0;0;1;1;0;202;salinity (mannitol);0;1;0;0;0;0;0;0;0;0;0;0;1;0;0;0;0;1;0;1;0;0;0;0;0;0;0;0;0;0;0;0;0;0;0;Drought;Drought;0;0;0;1;0;0;0;0;0;0;0;0;0;77.3;24116092;31187085;24116092;0;0;0;0
146;SRR24107303;262;Drought;0;0;1;1;0;202;drought (NaCl);0;1;0;0;0;0;0;0;0;0;0;0;1;0;0;0;0;1;0;1;0;0;0;0;0;0;0;0;0;0;0;0;0;0;0;Drought;Drought;0;0;0;1;0;0;0;0;0;0;0;0;0;66.8;20786177;31096038;20786177;0;0;0;0
147;SRR24107304;263;Drought;0;0;1;1;0;202;drought (NaCl);0;1;0;0;0;0;0;0;0;0;0;0;1;0;0;0;0;1;0;1;0;0;0;0;0;0;0;0;0;0;0;0;0;0;0;Drought;Drought;0;0;0;1;0;0;0;0;0;0;0;0;0;73.5;23064586;31374763;23064586;0;0;0;0
148;SRR24107305;264;Drought;0;1;0;1;0;202;control;1;0;0;0;0;0;0;0;0;0;0;1;0;0;0;0;0;1;0;1;0;0;0;0;0;0;0;0;0;0;0;0;0;0;0;Drought;Drought;0;0;1;0;0;0;0;0;0;0;0;0;0;68.7;21347202;31064384;21347202;0;0;0;0
149;SRR24107306;265;Drought;0;1;0;1;0;202;control;1;0;0;0;0;0;0;0;0;0;0;1;0;0;0;0;0;1;0;1;0;0;0;0;0;0;0;0;0;0;0;0;0;0;0;Drought;Drought;0;0;1;0;0;0;0;0;0;0;0;0;0;70.1;22040811;31422652;22040811;0;0;0;0
1;1_5_S4;266;Erisyphe cruciferarum;1;0;1;0;1;NA;powdery mildew;0;0;1;0;0;0;0;0;0;0;1;0;0;0;0;0;1;0;0;0;0;0;1;0;0;0;0;0;0;0;0;0;0;0;0;Erisyphe cruciferarum;E. cruciferarum;0;0;0;0;0;1;0;0;0;0;0;0;0;NA;NA;NA;NA;0;0;0;0
2;1_9_S8;267;Erisyphe cruciferarum;4;1;0;0;1;NA;control;1;0;0;0;0;0;0;0;0;0;0;1;0;0;0;0;1;0;0;0;0;0;0;0;0;0;0;0;0;0;0;1;0;0;0;Erisyphe cruciferarum;E. cruciferarum;0;0;1;0;0;0;0;0;0;0;0;0;0;NA;NA;NA;NA;0;0;0;0
4;2_9_S21;268;Erisyphe cruciferarum;4;1;0;0;1;NA;control;1;0;0;0;0;0;0;0;0;0;0;1;0;0;0;0;1;0;0;0;0;0;0;0;0;0;0;0;0;0;0;1;0;0;0;Erisyphe cruciferarum;E. cruciferarum;0;0;1;0;0;0;0;0;0;0;0;0;0;NA;NA;NA;NA;0;0;0;0
6;3_9_S30;271;Erisyphe cruciferarum;4;1;0;0;1;NA;control;1;0;0;0;0;0;0;0;0;0;0;1;0;0;0;0;1;0;0;0;0;0;0;0;0;0;0;0;0;0;0;1;0;0;0;Erisyphe cruciferarum;E. cruciferarum;0;0;1;0;0;0;0;0;0;0;0;0;0;NA;NA;NA;NA;0;0;0;0
8;4_13_S43;275;Erisyphe cruciferarum;4;0;1;0;1;NA;powdery mildew;0;0;1;0;0;0;0;0;0;0;1;0;0;0;0;0;1;0;0;0;0;0;0;0;0;0;0;0;0;0;0;1;0;0;0;Erisyphe cruciferarum;E. cruciferarum;0;0;0;0;0;1;0;0;0;0;0;0;0;NA;NA;NA;NA;0;0;0;0
7;4_1_S31;272;Erisyphe cruciferarum;1;1;0;0;1;NA;control;1;0;0;0;0;0;0;0;0;0;0;1;0;0;0;0;1;0;0;0;0;0;1;0;0;0;0;0;0;0;0;0;0;0;0;Erisyphe cruciferarum;E. cruciferarum;0;0;1;0;0;0;0;0;0;0;0;0;0;NA;NA;NA;NA;0;0;0;0
9;4_5_S35;273;Erisyphe cruciferarum;1;0;1;0;1;NA;powdery mildew;0;0;1;0;0;0;0;0;0;0;1;0;0;0;0;0;1;0;0;0;0;0;1;0;0;0;0;0;0;0;0;0;0;0;0;Erisyphe cruciferarum;E. cruciferarum;0;0;0;0;0;1;0;0;0;0;0;0;0;NA;NA;NA;NA;0;0;0;0
10;4_9_S39;274;Erisyphe cruciferarum;4;1;0;0;1;NA;control;1;0;0;0;0;0;0;0;0;0;0;1;0;0;0;0;1;0;0;0;0;0;0;0;0;0;0;0;0;0;0;1;0;0;0;Erisyphe cruciferarum;E. cruciferarum;0;0;1;0;0;0;0;0;0;0;0;0;0;NA;NA;NA;NA;0;0;0;0
12;5_13_S59;279;Erisyphe cruciferarum;4;0;1;0;1;NA;powdery mildew;0;0;1;0;0;0;0;0;0;0;1;0;0;0;0;0;1;0;0;0;0;0;0;0;0;0;0;0;0;0;0;1;0;0;0;Erisyphe cruciferarum;E. cruciferarum;0;0;0;0;0;1;0;0;0;0;0;0;0;NA;NA;NA;NA;0;0;0;0
11;5_1_S47;276;Erisyphe cruciferarum;1;1;0;0;1;NA;control;1;0;0;0;0;0;0;0;0;0;0;1;0;0;0;0;1;0;0;0;0;0;1;0;0;0;0;0;0;0;0;0;0;0;0;Erisyphe cruciferarum;E. cruciferarum;0;0;1;0;0;0;0;0;0;0;0;0;0;NA;NA;NA;NA;0;0;0;0
13;5_5_S51;277;Erisyphe cruciferarum;1;0;1;0;1;NA;powdery mildew;0;0;1;0;0;0;0;0;0;0;1;0;0;0;0;0;1;0;0;0;0;0;1;0;0;0;0;0;0;0;0;0;0;0;0;Erisyphe cruciferarum;E. cruciferarum;0;0;0;0;0;1;0;0;0;0;0;0;0;NA;NA;NA;NA;0;0;0;0
14;5_9_S55;278;Erisyphe cruciferarum;4;1;0;0;1;NA;control;1;0;0;0;0;0;0;0;0;0;0;1;0;0;0;0;1;0;0;0;0;0;0;0;0;0;0;0;0;0;0;1;0;0;0;Erisyphe cruciferarum;E. cruciferarum;0;0;1;0;0;0;0;0;0;0;0;0;0;NA;NA;NA;NA;0;0;0;0
16;6_13_S74;282;Erisyphe cruciferarum;4;0;1;0;1;NA;powdery mildew;0;0;1;0;0;0;0;0;0;0;1;0;0;0;0;0;1;0;0;0;0;0;0;0;0;0;0;0;0;0;0;1;0;0;0;Erisyphe cruciferarum;E. cruciferarum;0;0;0;0;0;1;0;0;0;0;0;0;0;NA;NA;NA;NA;0;0;0;0
15;6_1_S63;280;Erisyphe cruciferarum;1;0;1;0;1;NA;powdery mildew;0;0;1;0;0;0;0;0;0;0;1;0;0;0;0;0;1;0;0;0;0;0;1;0;0;0;0;0;0;0;0;0;0;0;0;Erisyphe cruciferarum;E. cruciferarum;0;0;0;0;0;1;0;0;0;0;0;0;0;NA;NA;NA;NA;0;0;0;0