"","MEpink","MEturquoise","MEgreenyellow","MEpaleturquoise","MEdarkred","MEmagenta","MEskyblue","MEdarkolivegreen","MEdarkturquoise","MEdarkgreen","MEcyan","MEgreen","MEblue","MEdarkorange","MEsaddlebrown","MEblack","MEwhite","MEgrey"
"ERR7738945",-0.06040920707684,-0.0305186546285092,-0.0162182943419274,0.0215302395070021,-0.0014722356493807,0.0134939359299952,-0.00807517733065029,-0.0138798937294831,-0.00725572008262637,0.0848846081713968,-0.00846388598860908,-0.00497664332872312,-0.00999052651016078,-0.00208789879596283,-0.0333328068787685,0.0744349494881796,0.0166425843790613,-0.0149573864297744
"ERR7738946",-0.060599584865051,-0.0308948008524245,-0.01658489146368,0.0199749952544487,-0.00390257653147086,0.0126251755499608,-0.00679561874830853,-0.0111575872539684,-0.00871781595106425,0.0844544707864029,-0.0103489557465776,-0.00647359776428602,-0.00968094056751589,-0.000766266606192001,-0.0345830250372988,0.0734224263167079,0.0170791140379315,-0.0112151380119413
"ERR7738947",-0.0449732636677743,-0.0331966241159184,0.0264324588783795,-0.022142998184829,-0.185153821722347,0.0133887079325732,-0.0561374630025927,-0.0186510963219447,-0.00855195952750711,0.0719966255413391,-0.00493629635944864,-0.00297164353696178,0.00612001196022771,0.0186208913492186,0.0068154665729511,0.0613611049232675,0.0219062443489726,-0.0215255108549501
"ERR7738939",0.0210037989508576,-0.0284375127143416,-0.016941107019659,-0.048127416052264,-0.0530250736367218,0.00118187486100962,-0.0239805603768168,-0.0132315905651915,-0.0147601504220158,0.0674383756847668,-0.00958016301412916,-0.0118732285724159,0.0378356826674688,0.0180980087950364,0.0542381859912512,-0.00132767036015578,0.0227290633448941,-0.0190699373132967
"ERR7738940",0.0210164319631069,-0.0301706156074813,0.00362753704094259,-0.049971767150553,-0.0546634597482967,0.00615571564766229,-0.0236542993688416,-0.0151001573561048,-0.0131341159908891,0.0686011086589872,-0.0115131642176345,-0.0113624310210087,0.0377062536381633,0.0180926576180295,0.0554989120226368,0.00106447129879665,0.0224421603487347,-0.0117283655076266
"ERR7738941",0.0204884423523166,-0.0325336025440234,-0.00241082941286777,-0.0499095312036758,-0.0494915390483575,0.00549132335873728,-0.0200999670080444,-0.0153027098627026,-0.017222609732871,0.0626985503660981,-0.0122657839786177,-0.0157197256889644,0.0423616006772304,0.0133298379669757,0.054724813202177,-0.0028914124279233,0.0331267584706269,-0.0012611700617546
"SRR8689382",-0.0979942359076803,-0.0527349878366981,-0.133515085417585,-0.0935694896149806,-0.0279423244510625,-0.017726642501269,-0.0397257993682769,-0.0195070427106065,-0.0203884743363533,-0.017227560926407,-0.014458527977717,-0.0218650508115039,0.037191455210914,-0.0240170637495808,-0.0300201540248331,0.0400204484615893,0.0119915854042764,0.305237354748355
"SRR8689383",-0.0953846187245304,-0.0533054562126616,-0.139987877598541,-0.0901352432984129,-0.00540714762730784,-0.0165172649899181,-0.0404410525146676,-0.0195070427106065,-0.0183123457735807,-0.0174540300334654,-0.0157555147255528,-0.0228498774765115,0.0375072453127105,-0.0278456031251593,-0.0319085872430122,0.0377329759652096,0.0106617577150041,0.573690095829143
"SRR8689384",-0.095871157511873,-0.0533056577178599,-0.154380114129014,-0.0884362321205558,0.0191787090647165,-0.0197648577952055,-0.0309110306593967,-0.0160737914258543,-0.020360212465515,-0.0179849745782924,-0.0134414159739643,-0.0214639066092734,0.0364508627322622,-0.0246444863047277,-0.0303308911383433,0.0390715680351396,0.0109249845461756,0.193765751303629
"SRR8689389",-0.153210438321058,-0.0583094927972169,-0.0946563454263744,-0.0804752473993231,-0.0817433624860736,-0.0188978390179516,-0.0532728199657515,-0.0195070427106065,-0.0176348689704385,-0.00908827503623437,-0.0142533652181598,-0.0132460697418152,0.0119673115180485,-0.0303907416318004,-0.0824566750100723,0.101879928689995,0.0249456894916451,-0.013368770287006
"SRR8689390",-0.150442250991147,-0.0586146340401994,-0.121354939179193,-0.0748293698105894,-0.0377306600162971,-0.0118148127200044,-0.0395236305396094,-0.0175287287143343,-0.0217369453600006,-0.0117184891987534,-0.0131111447291761,-0.0146400894286965,0.0109913589546448,-0.028918210803314,-0.0805906728296481,0.0993732785315149,0.0208869661087194,-0.0097637564345624
"SRR8689394",-0.152369849839139,-0.0614485933222452,-0.110360193534403,-0.10104716818451,-0.0925053097878339,-0.0188979481860705,-0.0540586793816455,-0.0169618785215728,-0.0173928528049522,-0.0151015536341675,-0.0126131874740645,-0.0146325977875267,0.0236291796696462,-0.0179924913821053,-0.0778134035868433,0.0920842281779332,0.0211546683883765,-0.013368770287006
"SRR8689395",-0.148615092007996,-0.0626383751855314,-0.156503953719586,-0.0913479267696377,0.0124200118893787,-0.0166919260653512,-0.0271571301957624,-0.0195070427106065,-0.0233546084033071,-0.0189774793012069,-0.0140390619834276,-0.0181114790482953,0.0226814444487123,-0.0197982711730716,-0.0791077919709154,0.0876260744894572,0.0147460807889674,-0.013368770287006
"SRR8689396",-0.147214438802829,-0.0618393127318552,-0.167160559236975,-0.0929015735391077,0.025030606273818,-0.0139551041981826,-0.0260612944069952,-0.0195070427106065,-0.021160584798319,-0.0194264649458307,-0.0128226580026989,-0.0160716631698146,0.0222980402513115,-0.0204270048669541,-0.0781636116514794,0.0873657687180409,0.0149717715272937,-0.013368770287006
"SRR8689400",-0.0235361607781139,-0.0380501533673671,-0.128139697315017,-0.0926473052890036,-0.0487044236235665,-0.0114411667323241,-0.027044507741895,-0.0195070427106065,-0.0163974926086163,-0.0385832343935981,-0.0142811759686503,-0.0175337753037663,0.0682467001876884,-0.0254701544991917,0.0420540385151946,-0.0462630497426902,-0.00755873442218619,0.0161280667487799
"SRR8689402",-0.0224529908283701,-0.0387433209846986,-0.135522337336602,-0.0922257358064841,-0.0441009500271071,-0.0135098256481287,-0.0272449770987524,-0.0145711437923821,-0.0156812527379478,-0.0394769069091587,-0.0146809276333236,-0.0196166232360029,0.0687697660805167,-0.0289333677748216,0.0434098085854057,-0.0474566874169607,-0.00812304947487058,-0.0072832487313636
"SRR8689407",-0.0599814802494637,-0.0497158863782619,-0.172566942820831,-0.125419788048802,-0.0364206314010987,-0.00370980314314979,-0.0304786021534128,-0.0167241867195929,-0.0149793125584625,0.00510949236279605,-0.0124207200231063,-0.0213037783533779,0.0594389262367791,-0.0123732603184121,0.01009287026641,-0.0239771527070971,0.00914744492695703,-0.0265009412178378
"SRR8689408",-0.0583572810280408,-0.0494586474262969,-0.169977855329169,-0.124123143021199,-0.0560354879186511,-0.0119133097178927,-0.0313574697008299,-0.016162388233604,-0.0152148619507455,0.00490904181089887,-0.0143243671701053,-0.0192958821028585,0.0591716011164237,-0.0125547201594355,0.0128368415289597,-0.0226753196522788,0.0098576974892865,-0.0132440930855335
"SRR8689412",-0.0495275534843793,-0.0473359104903426,-0.104020414072415,-0.0796327380162302,-0.0478544948343272,-0.0135508810403431,-0.0179802159993296,-0.0122271064867332,-0.0177593152722431,-0.034651164089405,-0.0169790717065418,-0.023889999389886,0.0776298626437442,-0.0266899949930592,0.010879956022117,-0.05064131334053,-0.0170978314623921,-0.00754356436476727
"SRR8689414",-0.0494272124240024,-0.0460609611709247,-0.0959952500583865,-0.0826033318887721,-0.0616291407299599,-0.0136507980162013,-0.0274122632656981,-0.0185245162980928,-0.0191412370889803,-0.0337991022168238,-0.0143258562182975,-0.0206157517793783,0.0780498712909265,-0.0260109866880325,0.0160040996276342,-0.0507861962147204,-0.0154844951665145,-0.00446315748126544
"SRR8689388",-0.149851252990474,-0.0582075142366757,-0.129159890747813,-0.0739197019445651,-0.0276650579707391,-0.0186039817193074,-0.0409805037797822,-0.0195070427106065,-0.0227449148230628,-0.0111711186353221,-0.0154824994452633,-0.0135151235565013,0.0104915105135063,-0.0317486192177616,-0.0828110374352759,0.0982542164246645,0.0183490030517576,-0.013368770287006
"SRR8689401",-0.0248915610749529,-0.0386021397101847,-0.117679432893489,-0.0950267355243496,-0.0826444317093961,-0.00681653087304539,-0.0387242574067662,-0.0157804759018318,-0.0167660602168484,-0.0379341000450123,-0.0115404334689591,-0.0179039207261072,0.0695841536559481,-0.0257726734150401,0.0470184259755208,-0.0447756441197766,-0.00474330634429602,-0.00859142685725903
"SRR8689406",-0.0583869629801509,-0.0485285253232656,-0.16324240690625,-0.124377173708155,-0.0755282558764542,-0.0118341083140328,-0.0348139347978607,-0.0163112714786355,-0.0170437914136621,0.00642136977061389,-0.0134595588585988,-0.0187893061914927,0.0600037432913927,-0.0125918912173947,0.0138690341641818,-0.0232999555153835,0.0104297914444587,-0.00800534701906066
"SRR8689413",-0.0492532643789214,-0.046441922028822,-0.094615648156573,-0.0832149592545791,-0.0724277971551712,-0.0135277845648924,-0.0237629411429998,-0.0164868067911494,-0.0190779311555874,-0.0336940237106413,-0.0149535148385715,-0.0196402499739456,0.0772442593538579,-0.026005433129465,0.0163591333737334,-0.0493137864201385,-0.0147509803298085,-0.00542663840428744
"SRR8800677",-0.0701234163815106,-0.0555016468107544,0.0117390204787906,0.0916522664218305,0.0141499009233704,-0.0137147545257497,0.119026695249461,-0.0195070427106065,-0.0302756710628388,-0.0695074259929871,-0.0202697960450428,-0.0336772717938999,0.1015564980943,-0.0476820955694082,-0.0559661525746277,-0.115115725426264,-0.165726033383586,-0.013368770287006
"SRR8800678",-0.0760136791212362,-0.0571013271760648,0.0176002297891934,0.0914215460501822,0.0170402188280589,-0.00887024343826369,0.127289769138028,-0.0195070427106065,-0.0282634923086471,-0.0728522742596674,-0.0194555528534008,-0.0354218907126336,0.102924825902622,-0.0490989416486095,-0.0667676471542387,-0.117444789296173,-0.165031683563958,-0.00520960570857918
"SRR8800679",-0.0615911650756525,-0.0491072322586749,0.0152472941639209,0.0910387431915447,0.0213250840926076,-0.00668567836690826,0.123761818428904,-0.018118974401658,-0.0246624007006425,-0.0665153156708238,-0.0168945779639078,-0.0315380857395988,0.0994545213249764,-0.0537915910736957,-0.0459401689357981,-0.110848159461927,-0.160020314227468,-0.00589126427445475
"SRR8800680",-0.0617700476661044,-0.0495948184967594,0.0161227039089264,0.0926715310828203,0.0194071353844472,-0.0032788992620157,0.120596132288302,-0.016227230416804,-0.0236761536324068,-0.066703425756079,-0.0181475485636675,-0.0308901515731992,0.0990599110129976,-0.0508125440604166,-0.0521069444375569,-0.110969734014453,-0.161094399394787,-0.00896448413456956
"SRR8800681",-0.0626241531764935,-0.0503378991114257,0.0141083534051585,0.0914050427571918,0.0226580855715893,-0.0057840352473648,0.120710530311484,-0.0195070427106065,-0.0278574043361688,-0.0674699765558624,-0.0165902505854597,-0.0305620637838686,0.0989375189616211,-0.049610614007089,-0.0462235955733657,-0.111523205438409,-0.159908929463717,-0.00907066099314409
"SRR8800682",-0.0744982992423201,-0.0543727390723095,0.00955027568991105,0.0870911823545452,0.0183011316209989,-0.0152142133281977,0.116134358514207,-0.0195070427106065,-0.0347724314529721,-0.062157614740318,-0.0193511940414596,-0.0336213007066045,0.093711529265655,-0.0482365198044656,-0.0473451727639134,-0.100669062575122,-0.150515669873347,-0.013368770287006
"SRR8800683",-0.0764651885293371,-0.0553881036503869,0.00798989981314619,0.0884211432199818,0.0153704950079234,-0.0134096290770525,0.109714244554595,-0.0195070427106065,-0.0365644090236627,-0.0648078570920911,-0.0195507745216582,-0.0352733741398019,0.0946378205884354,-0.0457229112069548,-0.0641223112605551,-0.102299177798861,-0.150667990859417,-0.013368770287006
"SRR8800684",-0.0694274560526325,-0.0494032243476779,0.00910504443527652,0.0853696015616246,0.0198822244708963,-0.00524922687974428,0.110094756203532,-0.0195070427106065,-0.0305557087028481,-0.0561075454940482,-0.0175795431235762,-0.0292506772464479,0.0917457811182155,-0.0462976131364467,-0.0499539035732923,-0.0978494886076636,-0.146781673195762,-0.0263303718912647
"SRR8800685",-0.0687609449810214,-0.0515747217487858,0.0064151053271555,0.0861183421708385,0.0218779252857087,-0.00610484667907111,0.109794979025423,-0.0195070427106065,-0.0284752507415567,-0.0564068372258945,-0.0190323996322219,-0.0304008376109233,0.0921621201241241,-0.0438011145870486,-0.0523964842915993,-0.0975989256456146,-0.148040980934601,-0.013368770287006
"SRR8800686",-0.0692909934720843,-0.0506331837000429,0.00902955202303888,0.0882888285589173,0.0203325677328609,-0.00398634517684506,0.112790502043019,-0.0195070427106065,-0.0284368542361221,-0.0577476903448519,-0.0168103399257913,-0.0298500595007265,0.091835437180858,-0.0473872491340179,-0.0518648814924027,-0.0972714194694984,-0.146831767282427,-0.013368770287006
"SRR8800687",-0.0914889627375586,-0.0582168832380244,-0.0168874567328991,0.0819283048330326,0.0191495946184239,-0.00714565402594878,0.1153800520289,-0.0195070427106065,-0.0320236589138925,-0.0520685136162293,-0.0196035153072123,-0.0347605258070204,0.0901154393859548,-0.0446230293089752,-0.0655514018681081,-0.0846831720176132,-0.146055221291959,-0.013368770287006
"SRR8800688",-0.0942972189507472,-0.0609303334400572,-0.0216690309243014,0.0815749078013975,0.0277877534804902,-0.0078779067980973,0.11766206219203,-0.0195070427106065,-0.0353541262264033,-0.0540778549844029,-0.0196941556100939,-0.0351053486718949,0.0903565987139445,-0.0490187292822146,-0.0698717700029587,-0.085257442854315,-0.148679793242901,-0.013368770287006
"SRR8800689",-0.0816336492435287,-0.0534485063880748,-0.0128391970598918,0.081130597521526,0.0241350248075582,-0.00202924921657954,0.108805294628121,-0.0195070427106065,-0.0282059927097536,-0.0482620557965222,-0.0185370044043785,-0.0300750070574691,0.0875968800114698,-0.043370863827474,-0.0572714088701654,-0.0804688676084073,-0.140473815646981,-0.00598094327220054
"SRR8800690",-0.0818223773495093,-0.0528758193413062,-0.0157283078012517,0.0800003760434441,0.0236602437029765,-0.00393334214828651,0.107830558891389,-0.00705499253638818,-0.0275960927045739,-0.0484565067433951,-0.0165658674242509,-0.0296487641450834,0.0866471226267999,-0.0432526236816974,-0.0562156763960001,-0.0797979278259821,-0.141739197024367,-0.00665428520235882
"SRR8800691",-0.0825139964177337,-0.0544226486865866,-0.0172447099896066,0.0823649582016688,0.0231561468602602,-0.00177552501455244,0.113946449990794,-0.0195070427106065,-0.0292339497719906,-0.0491192131023385,-0.0157850195833383,-0.0296722549289973,0.0868381730046175,-0.0432378351683577,-0.0572878735789501,-0.0814703640551992,-0.141202324414025,-0.00916097799932069
"SRR8800692",-0.0662483868536369,-0.0473227686741547,0.0194240230140004,0.083054888613242,0.00563688695976704,0.00641463656189159,0.0967170115320077,-0.0149371445564908,-0.0219395975831413,-0.0436206700432417,-0.0150306474856914,-0.0251364404177082,0.0846954594438292,-0.0480140249385533,-0.0372222422184715,-0.0775596481175801,-0.13704523558435,-0.00615858903840043
"SRR8800693",-0.0754949168122847,-0.0479833128726239,0.03363211554125,0.0803904677197956,0.00787056902330437,0.00565761936616918,0.0943236902414937,-0.0115428300082985,-0.0249706355469885,-0.0271745177444899,-0.0167014550869875,-0.0241626989984024,0.0722921911362023,-0.0393029926977409,-0.0497715583337838,-0.045520977434233,-0.124341762990772,-0.019263315665221
"SRR8800694",-0.0761629758308896,-0.0485788212269632,0.0345791796107185,0.0801508691099202,0.00670966535637648,0.00572306408753685,0.0958332152260459,-0.0130378687189476,-0.0247078062703113,-0.0289482075339303,-0.0174966484617814,-0.0248040950688896,0.0725304741845573,-0.0398358875554592,-0.0464349776387849,-0.0448966802523388,-0.124700229705555,-0.00939432028980453
"SRR8800695",-0.0715292962948038,-0.0492986416219359,0.0111341124332138,0.089451626651268,0.00263061314938484,0.00517275290886551,0.104815616419825,-0.0195070427106065,-0.0241215113874165,-0.0554113963388836,-0.0167329899540984,-0.0259339195861007,0.0902603354646258,-0.0480263387070123,-0.0487290799910174,-0.0918854467916837,-0.147427799741555,-0.00910896245200281
"SRR8800696",-0.0730195725452652,-0.0505873385825079,0.0109159368470327,0.0898318618760445,0.00351626042118463,0.00442454488454691,0.108293156932679,-0.0195070427106065,-0.0286346933449284,-0.0572891476147341,-0.0154437637268832,-0.0277568215051934,0.0910839190937233,-0.0505924859709639,-0.0537985881947928,-0.0927737197495533,-0.148382962178375,-0.022647884153365
"SRR8800697",-0.0688197881432725,-0.0546758515515519,0.00716627289588116,0.0916499751674119,0.0217244409787442,-0.013870843014661,0.113538765309511,-0.0195070427106065,-0.0319169893531457,-0.0744808358450885,-0.0199889763361293,-0.0357338214247781,0.0945688217297001,-0.0561513961013573,-0.050838349758206,-0.101355329026178,-0.150162248672236,-0.013368770287006
"SRR8800698",-0.0740391935575087,-0.0552665347217333,0.00362398750006776,0.0949945568194762,0.0207427416592902,-0.0107102292529312,0.112540933659541,-0.0147897932990633,-0.0326452053094628,-0.0746373606366825,-0.0191754907251715,-0.0373355620391962,0.0942850821747651,-0.0554108697480625,-0.0618009313215413,-0.098455249362984,-0.151981923696025,-0.013368770287006
"SRR8800699",-0.0600497653745229,-0.0489120286559451,0.00639114909680564,0.0907900787300619,0.0208024852880906,-0.00488489232959386,0.107615414438979,-0.0129973177240682,-0.0271907559507649,-0.0670698175954539,-0.0182717081997378,-0.0315078446665063,0.0914081847652539,-0.0523888944474026,-0.0449752214479082,-0.0958386859577863,-0.143793072527065,-0.00559043347367265
"SRR8800700",-0.0609310964962696,-0.0490599402478071,0.00475072074120387,0.0919565677099127,0.0211734087943103,-0.00564413955851974,0.10790412855171,-0.0181763304631923,-0.0270512947910223,-0.0689212712069956,-0.0170660359734261,-0.030721557209161,0.0910674695582872,-0.0535048766445999,-0.0463229659748345,-0.094688448544675,-0.145176437939127,-0.013368770287006
"SRR8800701",-0.0602313248209148,-0.0487394091758114,0.00351956727300747,0.0918040296645617,0.0252745574263048,-0.00578344119446781,0.112500355055017,-0.0164440336732958,-0.0292149032046243,-0.0697058815469843,-0.0179651934098158,-0.0317340702793667,0.0913916966701036,-0.0492087697642854,-0.0440406501834093,-0.0953778596865599,-0.145243301194374,-0.0082099791685488
"SRR8800702",-0.065970785289796,-0.0511780992369627,0.00242863060166322,0.0914528675674516,0.0129088738371727,-0.0079767597744035,0.11030641373276,-0.0123980070924909,-0.0351232912710818,-0.0734185523009562,-0.0192815429540307,-0.0357676093553645,0.0909211530708292,-0.0530609371492234,-0.049730669571997,-0.0920116911220526,-0.14109711831769,-0.013368770287006
"SRR8800703",-0.0720970895927627,-0.054440016623032,0.00225868660895737,0.0926299019113571,0.0174173923096865,-0.0124973963845571,0.112972664287092,-0.0195070427106065,-0.0375366276212441,-0.0761101713474877,-0.020021100697119,-0.0367990918626502,0.0911582642752146,-0.0463962747571902,-0.0587279423081138,-0.0930199867245367,-0.143828776335828,-0.00530762481372942
"SRR8800704",-0.0602527166753883,-0.047818667912738,0.00651511448471769,0.089536405997189,0.016684594443968,-0.00409791990395268,0.105389038313901,-0.0176303742574994,-0.0288383395761612,-0.0668757346495342,-0.0185443185121947,-0.0307091711911128,0.0869088023421084,-0.0476445256806773,-0.0428328958284469,-0.0886652338680587,-0.138145983177452,-0.00813711508680576
"SRR8800705",-0.0562492145267636,-0.0467011234607639,0.00553994106721683,0.0889037483231438,0.0188076633437351,-0.00502296488195817,0.108237485595958,-0.0168425818852463,-0.0291638581189054,-0.0664966778693298,-0.0182304705151348,-0.030660295362655,0.0871508330399186,-0.0447246690651525,-0.0422277789673317,-0.0875569776951969,-0.137630124248925,0.0144525668490671
"SRR8800706",-0.0628141480391056,-0.0508197900695913,0.0003308340791068,0.0890927500039113,0.0195796398800835,-0.00612207525046577,0.10839344670616,-0.0195070427106065,-0.029509815398914,-0.0692455621095227,-0.018349053886054,-0.0336482106095217,0.0888164402178152,-0.0472679586193516,-0.0546174440201577,-0.0907767050857081,-0.138461758139509,-0.013368770287006
"ERR9604272",0.0821112518367369,0.139865176400654,0.0305428683664851,0.118309665796681,0.053206364521828,-0.0247851204241063,0.0520923081088761,-0.0064542496083646,-0.0201603940225495,-0.0678552612574374,-0.00956895493826154,-0.0178164836537763,-0.0888837615009016,-0.0763944547865512,-0.0768882259551229,-0.0674420236582914,-0.0199377898758475,-0.00824467854398082
"ERR9604276",0.0850747744680281,0.144927364027911,0.130587585214485,0.128188336086337,-0.0769574085368077,-0.0261204346916197,0.00357917076939341,-0.00846811342626808,-0.0109764173713874,-0.072516535248504,-0.0056948691387919,-0.0133439061060762,-0.0837712013686217,-0.080591272934619,-0.0683608030851394,-0.0721638594268248,-0.0108289389156706,-0.00867600205227704
"ERR9604277",0.0832267977408781,0.143020360442422,0.0967519458137021,0.125529019798406,-0.0304702044378088,-0.0250130619921278,0.0246860688112265,-0.00417605978145535,-0.00924786586555382,-0.0725640484503923,-0.00616055436528118,-0.0133264755291359,-0.0823218971934468,-0.0783727983134747,-0.0658661688773276,-0.0710799043601488,-0.011262714111424,-0.0105996506817162
"ERR9604278",0.0835280598513531,0.144548557448771,0.0802406768698113,0.126248911146089,0.0089858147256874,-0.0251650583452979,0.0349719213243765,-0.0091807465095707,-0.00378571919879987,-0.0710267075527524,-0.00541976284679835,-0.0148188753663869,-0.0839978921056858,-0.0800342910847952,-0.0682756369255782,-0.0700633076671638,-0.0116582330916436,-0.0156471104480531
"ERR9604282",0.0966786911014476,0.130493523478134,0.0978540076521698,0.119466283226411,-0.0153804695996216,-0.0209996338626263,0.0177817954448854,-0.0120998952158774,-0.00301405268721434,-0.0587760829847431,-0.00462779976405236,-0.00840242209392011,-0.0859959017867959,-0.0688684562993433,-0.0666472653595001,-0.0617634070790803,-0.00301126146380551,-0.0134974615912118
"ERR9604283",0.0736150849600717,0.134041274444412,0.0486250988752637,0.107023588724423,0.0245622646538116,-0.0209605438815149,0.0413722143918189,-0.0048463918477805,-0.0213128028729594,-0.0653448675595634,-0.00635127183784439,-0.0153545840061059,-0.0845381115378168,-0.0710864576242498,-0.072603536295431,-0.0613955312219981,-0.0186928630676726,-0.00532615699427386
"ERR9604284",0.096301936164463,0.131323183994974,0.0945198612017151,0.122288489901272,0.000449241182315202,-0.0225119757224254,0.0221930348760213,-0.00395494945764561,-0.00750404486335543,-0.0582120279503872,-0.00172357272841929,-0.00982496737682599,-0.0868766023318978,-0.0684301120050838,-0.067520912868448,-0.0596316126224594,-0.00311174563068802,-0.00673906425696195
"ERR9604285",0.0955529262334293,0.132113940974579,0.0878294994536401,0.123412529574706,0.0111294909676142,-0.0214912604621613,0.0239443742733959,-0.000808688359387872,-0.00503730584219264,-0.058335967147654,-0.00327019035832082,-0.00906452398606019,-0.0874245301177517,-0.0682351544227018,-0.0678713441437871,-0.0595119660967217,-0.00369976614339123,-0.013368770287006
"ERR9604289",0.0797075067970473,0.121951257203451,0.0561527186717794,0.108870425510192,0.0230981199173563,-0.0182591563964061,0.0393696303968433,-0.0111578933850655,-0.00966764248786293,-0.0438422131495183,-0.00304387984854591,-0.0104360468306013,-0.0780241506070688,-0.0593171761860581,-0.045890959747929,-0.0414886835067515,-0.00679450154167809,0.0218923642317845
"ERR9604290",0.0763920876989171,0.111696939711727,0.0521251425990112,0.101997374211273,0.0281819705159228,-0.0093353777424439,0.045120438422859,-0.00901394773368684,0.000650830567387644,-0.0400928249185957,-0.0047100057544467,-0.00760480819994031,-0.0642719330757307,-0.0509816608566564,-0.0165550081265673,-0.0349064648077625,-0.00628260670692663,-0.00892639354225054
"ERR9604291",0.079706065837449,0.115388181316531,0.0243853162813915,0.10532791136181,0.0554608713698756,-0.0193403041920684,0.049019870926042,-0.0140640817309259,-0.00526284996963922,-0.0440949677387785,-0.006649698758343,-0.00927820677283988,-0.0702022354844054,-0.0540285103331885,-0.0328462913735034,-0.0395536267937305,-0.0063936369577539,-0.0101097112908154
"ERR9604294",0.0863477355878135,0.142363712669772,0.0371037087614905,0.122542089380433,0.0568759520071663,-0.0262970699155292,0.0533550021114922,-0.0052386870626468,-0.015274858465822,-0.0680158955138592,-0.00635259119195901,-0.0155757924029777,-0.0878974015471565,-0.0774667670269188,-0.0761405946077283,-0.0696804814526472,-0.0203033537327298,-0.011996308553022
"ERR9604296",0.061093178352634,0.1288025584669,0.0318712532266066,0.0992919392726652,0.032143628451316,-0.021186656007809,0.0417611523214332,-0.00586112222693364,-0.0131531110159549,-0.0372854631245476,-0.00560878586124727,-0.0141867609262681,-0.0962284351431421,-0.0617767603538608,-0.0779661994551877,-0.0247932070224741,0.00104489266772231,-0.0119726465165524
"ERR9604297",0.0530657069815672,0.124893647475585,0.0599239875096682,0.0911565545999783,-0.00051702962256392,-0.01533227300232,0.0271817101680378,-0.0139009606529248,-0.0110825162967282,-0.0281222312486303,-0.00278383006787927,-0.0143629438294304,-0.100006846567106,-0.0570834334862242,-0.0792978229513866,-0.0122817095257099,0.00709123166986827,-0.0136240650728916
"ERR9604298",0.0554776697812118,0.127012776387817,0.0286591466996566,0.0972883093078105,0.0328798120003314,-0.0176113373165977,0.0404552847299101,-0.0123520346086506,-0.0113073125833069,-0.030708889411889,-0.0037809712453435,-0.0151876498224368,-0.0987304112615702,-0.0613889301255955,-0.0762726429127615,-0.0167397658588126,0.00243711346563944,0.00312629881877764
"ERR9604338",0.0738756544981411,0.13690926288483,0.0459445575497135,0.107626057223384,0.0133234038584122,-0.0260444721543949,0.0336121703768376,-0.00844626036559008,-0.0234061177950134,-0.0704123244767131,-0.00565861263596205,-0.0163156945432444,-0.0864093120335024,-0.0718974642436964,-0.0764356384347274,-0.0625734625654327,-0.0134084722861402,-0.00970200855383271
"ERR9604342",0.0783690044578447,0.135291416837023,0.0776198176101358,0.111082863397044,-0.00918882339494576,-0.0210332131839486,0.0391922312587485,-0.0109320426831566,-0.0024907547955701,-0.0687992645691838,-0.00744331381247303,-0.0151271310145228,-0.0718935036463393,-0.0633930503166659,-0.0430796771550613,-0.0666205645195175,-0.0121391296087093,-0.0116008343907742
"ERR9604343",0.0767222878360116,0.130992928253363,0.0429960751215188,0.109696516357551,0.0198423373444153,-0.0228172763545926,0.045991504745062,-0.0115271577755745,-0.00867566331874438,-0.0686944890065579,-0.0057094169570016,-0.0142369655331084,-0.0625262524863363,-0.056133018380999,-0.0366323665766141,-0.0646079734888606,-0.015546261127756,-0.0132031436777465
"SRR10030449",0.0439075685154876,-0.031059724765082,-0.0158678395346647,-0.051337055468568,0.030936040792419,-0.0322047204047382,-0.0416316543913528,-0.0195070427106065,-0.0190522754646649,-0.0261332868999557,-0.0162142866684391,-0.0280635109602292,0.0173163284272298,0.104931684969576,0.0743837823717652,0.0349756618086563,0.0564075119852914,-0.0274239994058533
"SRR10030450",0.0426230541235958,-0.0318654587920848,-0.0158242008614811,-0.0499840293508652,0.0320784783329667,-0.0291588421010498,-0.042625903858696,-0.0195070427106065,-0.0239067684236723,-0.0246754283105326,-0.0161503880009888,-0.0257884929226865,0.0186657550558935,0.101573980520441,0.0740017873851116,0.0344100547269907,0.0593265709848465,-0.00427336091251582
"SRR10030451",0.0420844535503441,-0.0324386687117411,-0.016007442911144,-0.0527079152995636,0.0298614319898675,-0.0312135482481172,-0.0481334845276041,-0.0195070427106065,-0.0254846993759336,-0.0247459240237072,-0.0159993026960687,-0.026245981639323,0.0179051404470257,0.103779832985079,0.0741046475058208,0.0340418783875948,0.0572997309484542,-0.013368770287006
"SRR10030452",0.0419022276323545,-0.031680325328204,-0.0157849627244349,-0.0517422652903478,0.0296665340312711,-0.0333854067315701,-0.0420995420786051,-0.0131809348883848,-0.023160444709328,-0.0246830123911981,-0.0164316736237707,-0.0244743321746993,0.0185657302187029,0.104297867042775,0.0746543225619143,0.0341153927050332,0.0567380424448716,-0.013368770287006
"SRR10030453",0.0434907795035712,-0.0319734598455515,-0.014480878827892,-0.0531940793459486,0.0286171822277512,-0.031072357469614,-0.0436238221486677,-0.017252137376424,-0.0218873337380657,-0.0254255929959124,-0.0163813800597127,-0.0271549926022591,0.0182279986082399,0.102232573573242,0.0712586890880655,0.0330915180379882,0.0578168573882429,-0.00762624002667024
"SRR10030454",0.0437924551737535,-0.0310342848408118,-0.0152836267665232,-0.0524975502835989,0.031615114908167,-0.0316450372840788,-0.0428210154077904,-0.0195070427106065,-0.022851279936993,-0.024756573849934,-0.0138870597184463,-0.0260071729892954,0.018189464677514,0.109353292919711,0.0734689079663259,0.0344312497203606,0.0572734137699473,-0.00638207642756552
"SRR10030455",0.0419026211330717,-0.0317334851132487,-0.015753328618592,-0.0508154557050376,0.0317336921004417,-0.0315612219193305,-0.0432733999392598,-0.0195070427106065,-0.0255928435753805,-0.0257839736155912,-0.0137770715844381,-0.0259589853692082,0.017891784881802,0.102025079129675,0.0709271219597748,0.0343036709783955,0.056419456992044,-0.013368770287006
"SRR10030456",0.0435284670409194,-0.0308529874510823,-0.0173752004772951,-0.0521720846031401,0.0307240073630841,-0.0301796284791973,-0.0449028879574998,-0.0195070427106065,-0.0217375942295273,-0.0250969890407616,-0.0168446558784886,-0.0254665299262171,0.0179082303294358,0.103677291084194,0.0689278935510758,0.0344575678039724,0.057006489504043,-0.0288993404849491
"SRR10030457",0.0427911426409785,-0.0311318934505596,-0.0129233548988862,-0.0518666529610612,0.0302418432845158,-0.0298880505685122,-0.0441096924555461,-0.0195070427106065,-0.0215309482171644,-0.0242212039616514,-0.0163172727495016,-0.0277203481389387,0.0178113186798851,0.101184559094632,0.071446075474604,0.0341083456890241,0.0568742445590477,-0.00611784462907881
"SRR10030458",0.0416287369108994,-0.0308425889145055,-0.0145155512043234,-0.0511763985746413,0.0349810761226325,-0.0311512459453689,-0.0465494388537118,-0.0152984212497323,-0.0198959203756185,-0.025826778797104,-0.0159582814636916,-0.0264898367010501,0.0186183372535225,0.110236680685979,0.0740838992385772,0.0334400618044888,0.0585391271738613,-0.0270019988090167
"SRR10030459",0.0438017681858164,-0.0311193266950841,-0.0152331771494661,-0.0505037560444246,0.0285370112667633,-0.0299132963771208,-0.0423299874301503,-0.0195070427106065,-0.0237374633725588,-0.0247064127231164,-0.0150030293796206,-0.0271653920870088,0.0185269749638761,0.102032561415063,0.0763374479690786,0.034036589926718,0.0577478495438993,-0.013368770287006
"SRR10030460",0.0433642951126168,-0.0311103464992298,-0.0157047305709933,-0.0521790702970222,0.0310704588417066,-0.0324804734324707,-0.0462526134193066,-0.0195070427106065,-0.0233160709116196,-0.0258877953298984,-0.0164418336785466,-0.0264408756437277,0.0182064204970539,0.101585428121279,0.0772186434825033,0.0347227678220126,0.05825046987045,0.00726002986785305
"SRR10030461",0.0433429501168002,-0.0306997386916347,-0.0140176770429674,-0.0517286580104693,0.0291197347749141,-0.0316857199283969,-0.0436673752388011,-0.0195070427106065,-0.0248467124004087,-0.0258123556091692,-0.015826165948472,-0.0246127728631295,0.0181185781610334,0.105741078568765,0.073428225788642,0.0343482377761378,0.0569534500386056,-0.0249357753904107
"SRR10030462",0.0435760045497219,-0.0310140521318886,-0.0127830662821685,-0.0512799899101865,0.0328552600941299,-0.0316952745600513,-0.0485902744457429,-0.0163521909068765,-0.0236788106211268,-0.0257033602966568,-0.0164187558880073,-0.0258905212034608,0.0179435272879438,0.0992775141832475,0.0756298711271899,0.0350301602482993,0.0572198693047111,0.00652603964601902
"SRR10030463",0.0416423900981479,-0.0322825665455682,-0.0145199675979888,-0.0507348162299129,0.0331191239718047,-0.0286653292751983,-0.0412458759314917,-0.0159460822075956,-0.0259485998096492,-0.0255576568958666,-0.0148953857465198,-0.0271638036282433,0.0179443543278852,0.107564218280623,0.071917791346577,0.0344238963189738,0.058353171553546,-0.0252137394470282
"SRR10030464",0.0420910796431244,-0.0313050771337589,-0.013440163867921,-0.0503877507589408,0.0315877777990106,-0.0323747202650009,-0.0424789550778148,-0.0115925567838624,-0.0277171478771649,-0.0242952557842638,-0.0161055606529488,-0.0275783422068996,0.0181569591967475,0.105516829919248,0.0753680152035731,0.0358528276735825,0.0576457683395749,-0.0166431163112182
"SRR10030465",0.0428552741229061,-0.031204113633893,-0.0136771605328148,-0.0517569784893188,0.0334754214615271,-0.0301884989046783,-0.0418069102990892,-0.0195070427106065,-0.0266146300303118,-0.0253427074115571,-0.0177960034987169,-0.0278888892949372,0.0184656108921019,0.102292070019977,0.075542173919187,0.035381602715948,0.0573984157654234,-0.00455726365204593
"SRR10030466",0.042579753648393,-0.0311531895444973,-0.0152039988802374,-0.0496343565400103,0.0309563351688251,-0.030159873866627,-0.0456226885418297,-0.0195070427106065,-0.0230745033748982,-0.0255040148530497,-0.0158270409328211,-0.026854107164115,0.0187215096289273,0.104419811811805,0.0758518789801024,0.0343614329649207,0.0581339566063785,-0.013368770287006
"SRR10030467",0.0429198605952843,-0.0313491442839771,-0.0136473066273502,-0.0527151585444593,0.0307513357767757,-0.0286587044264324,-0.0463875930642624,-0.0123850311487013,-0.0236101590392016,-0.0261195547337575,-0.0162513465065364,-0.0263044324361213,0.0180169739099542,0.105542605028287,0.0729932886373778,0.0347916345956067,0.0567365292175895,-0.013368770287006
"SRR10030468",0.0425115933937273,-0.0315612986077162,-0.0144367074494313,-0.0502821270381527,0.03206859586672,-0.0273550743115551,-0.0465905493792644,-0.0163258224231523,-0.0234855181292763,-0.0251005737069377,-0.0154079842727019,-0.0272352846544295,0.0187087135173242,0.106115106926147,0.0723002160743121,0.0343001291936998,0.0566329677711448,-0.013368770287006
"SRR10030469",0.0434671082341165,-0.0321197621682632,-0.0152996152293915,-0.0502380460839376,0.0282353558436605,-0.0320698893290245,-0.0382694131597535,-0.0195070427106065,-0.0250153719916584,-0.0264568686618724,-0.0140359754166012,-0.0259252242277935,0.0174695624764834,0.104835031798267,0.0744345384659858,0.0345527054058069,0.056951159663972,0.0305382664623508
"SRR10030470",0.0424991398414299,-0.0311815677434609,-0.0168109427590397,-0.0505550604977539,0.0297938604003475,-0.0282750160260723,-0.0431448453705974,-0.0195070427106065,-0.02457126862425,-0.024195551872571,-0.0145109780119759,-0.0268190256031085,0.0179921913549009,0.104439438965979,0.0773006189750454,0.0336234469460524,0.0570060074073003,-0.0245708052044511
"SRR10030471",0.0428217536849771,-0.0314339786186909,-0.0169350034088591,-0.0535767501693913,0.0319401871098294,-0.0313383783343681,-0.0392636439311662,-0.0195070427106065,-0.0243515446084017,-0.0260186059369488,-0.0148617732625113,-0.0267019045352443,0.0176263675511346,0.0977801942920515,0.0750882702516288,0.0348628009892089,0.0574628572590076,-0.0075544098121685
"SRR10030472",0.041889429593592,-0.0311951618958068,-0.0145876392300125,-0.0498643101415941,0.0316694934846345,-0.0318140955034738,-0.0456098994535862,-0.0195070427106065,-0.0266585757949589,-0.0252852755141552,-0.0124785464685639,-0.0265140123015064,0.0186147396019613,0.105421778397325,0.0712565843118919,0.0338789024307775,0.0563662784082428,-0.013368770287006
"SRR10030473",0.0422511117895902,-0.0320617408614802,-0.012970102350578,-0.0507556170850203,0.0305516685384475,-0.0303218587544946,-0.0404396188129593,-0.0160324283974202,-0.021638766197529,-0.0246935984055249,-0.0161885462533913,-0.0269081119336207,0.0180419627677625,0.103150067672899,0.0725973503802663,0.0339486503736218,0.0560400590109339,-0.013368770287006
"SRR10030474",0.0437276550803466,-0.0312468257256037,-0.0138584379785304,-0.0510063657417087,0.0332954987742956,-0.0329592822760079,-0.0388698434149988,-0.0169243409559151,-0.0246355309845946,-0.0267188015926202,-0.0136922326105944,-0.0243566224000371,0.0181313571023555,0.102057477934298,0.0668953847299238,0.0347500427699621,0.0582129701173217,-0.0230936893011192
"SRR10030475",0.0432329174839268,-0.0324777841649325,-0.0170702709599068,-0.0500131383210232,0.0313361290633829,-0.0285636770639552,-0.042802008487269,-0.0195070427106065,-0.0256267091499756,-0.0276019054996104,-0.0151432995571351,-0.0255632778134875,0.0185637495457311,0.103320981397878,0.0703711354100491,0.0338769170197745,0.0566050516121048,-0.0387801974499269
"SRR10030476",0.0419305234072108,-0.036661962683508,-0.0151513360455984,-0.0543785100856557,0.0296024937652014,-0.0331254233662547,-0.0466628136631066,-0.0195070427106065,-0.0298954903324197,-0.0290920339738204,-0.0183028601546661,-0.0308503610754094,0.0193670596868537,0.108041552868859,0.0728879312205554,0.0337082496614536,0.057355496319204,-0.013368770287006
"SRR10030477",0.0449962068485691,-0.0316665974170926,-0.0124061625504066,-0.0514938722567034,0.0320837097229472,-0.0316467491159412,-0.0471073447804373,-0.0195070427106065,-0.0226193157563298,-0.0248662216456602,-0.0161691004529051,-0.0270990968515646,0.0181023297782271,0.10512491787148,0.0761006303865069,0.0344737248746337,0.0563593342133877,-0.00727180950809352
"SRR10030478",0.0443137239980135,-0.0319801211008104,-0.0141275611987391,-0.0511183187086251,0.0316013239048013,-0.0327192958798308,-0.0408947164198388,-0.0147482698763675,-0.0209142844554685,-0.0250633752414048,-0.0142156621241129,-0.0251045072949338,0.0182718071727264,0.102119355766117,0.0709566542449412,0.0345463596051161,0.057019084595117,-0.00266687767738739
"SRR10030479",0.0446800172064026,-0.0315934699604211,-0.0152658028611165,-0.0488070116098127,0.0326970285048865,-0.0315400122906817,-0.0433398397491135,-0.0195070427106065,-0.0251781253944113,-0.0244629953989575,-0.0147163628453121,-0.0261145025948001,0.017962841405999,0.102065112593545,0.0724715499600965,0.0354417238174632,0.0586005226272977,-0.013368770287006
"SRR10030480",0.04281016636908,-0.0315686011289304,-0.0126636662991856,-0.0510925134891351,0.0343373844942886,-0.0311671127770716,-0.0392971127708423,-0.0195070427106065,-0.0261921141576381,-0.024425907985193,-0.0136236170870886,-0.0267316672269404,0.0185526362822341,0.105013472294043,0.0757063472438619,0.0340034093922627,0.0577258062766982,-0.013368770287006
"SRR10030481",0.0427359210647835,-0.0318147752483262,-0.0169746840012073,-0.0516175684667459,0.0290845112078472,-0.0329466274610799,-0.0429964492437236,-0.0195070427106065,-0.0259528762591198,-0.0252452524442475,-0.0154066746667355,-0.0262702844360336,0.0182217571651454,0.10839600299168,0.0739395334017254,0.0340732135309481,0.0575581223063027,-0.013368770287006
"SRR10030482",0.0434383261315208,-0.0312537342422714,-0.0151799041066932,-0.0506850779063386,0.0328103349546262,-0.0320885983721022,-0.0361244342805175,-0.0172915659554591,-0.0234520240286916,-0.0258613265520579,-0.0158957517399914,-0.0253227623938006,0.0178916908848101,0.107818798825211,0.0773377017821889,0.0348421484632073,0.0574677334751895,0.03855872264815
"SRR10030483",0.000132734195964455,-0.039583796250004,-0.0373672070654786,-0.0696395067320896,0.0580771444360286,-0.0335962071148249,-0.0457811990330799,-0.0195070427106065,-0.0283352538203967,-0.00689580231306338,-0.0143542000111816,-0.0270746292562496,-0.0053215066879523,0.115267088250339,0.0409209308117382,0.095839572555617,0.0714438516931298,-0.013368770287006
"SRR10030484",-0.00142818151932343,-0.0408114027670773,-0.0399296179631608,-0.0679757536084907,0.0549500472570714,-0.0306955227975915,-0.0442143387635116,-0.0195070427106065,-0.0246137793418932,-0.00809204819207275,-0.0139715378348814,-0.0298484257081683,-0.00582395047197391,0.116412810627234,0.0364071391655927,0.095496713817571,0.0731817406418537,-0.00554951399374971
"SRR10030485",-0.000415305685617327,-0.0411465892536859,-0.0382703999923949,-0.0689812774561648,0.0575942824860472,-0.0307724899241002,-0.0405234454371215,-0.015239892049281,-0.0269339129834408,-0.00678837812096224,-0.0157802496572318,-0.027697845714598,-0.0064060741716863,0.111207402708964,0.0478320614394342,0.0963802243460439,0.0723440842401878,-0.00856118774226492
"SRR10030486",0.000276935677390426,-0.0399983201291013,-0.0383378414252551,-0.0677430176276013,0.0561283708676176,-0.0323070091721435,-0.035946937220576,-0.012407336596145,-0.0254118470133551,-0.0068324240877059,-0.0132144214218021,-0.0267698081023209,-0.00652573135764354,0.114160632230188,0.0455683933468232,0.0964857990425479,0.0729647158264935,-0.013368770287006
"SRR10030487",-0.000337224955088623,-0.0401439862244512,-0.0384062689171992,-0.0674802530167773,0.0574573935600888,-0.0339205461694467,-0.0402141169983635,-0.0169650778412573,-0.0265164706799324,-0.00620160717233647,-0.014630900517021,-0.0294193865332114,-0.00601122500372959,0.112949317662667,0.0428660412223769,0.0948954811705458,0.0723604202863701,-0.013368770287006
"SRR10030488",-0.00175871173893767,-0.0408231893935277,-0.0375397017109049,-0.06900871432583,0.0573610894679867,-0.0308137711549374,-0.0437923179268798,-0.0113913604380975,-0.0287660511921631,-0.00782553607548888,-0.0169877444036963,-0.031264536647305,-0.00659037461538396,0.111528377235427,0.0338538274246215,0.0954326587886246,0.0717440285140086,-0.00685437202667098
"SRR10030489",-0.000948791102911033,-0.0411552466347151,-0.0400415691798413,-0.0668810424420352,0.0530425612632402,-0.0333604409011128,-0.0423427516112904,-0.0195070427106065,-0.0310838140948781,-0.00804740605724345,-0.0146956793284887,-0.0277610684525899,-0.00601045940413887,0.121142508491021,0.0473357295392962,0.0964895801254538,0.0726051813072254,-0.013368770287006
"SRR10030490",-0.00199963585361684,-0.041061565794213,-0.039585610249384,-0.0685082013532169,0.0551398025418101,-0.0330274986489682,-0.0411621316993737,-0.0195070427106065,-0.0322623571110489,-0.00695872494863611,-0.0159477662161939,-0.028079269460828,-0.00649693211600462,0.114740862052837,0.0459531529317838,0.0951866210072952,0.0720931657107182,-0.013368770287006
"SRR10030491",-0.00245882793762066,-0.0406608633483796,-0.0377971283296222,-0.0667736638389014,0.0518975981155453,-0.0310849939074688,-0.0398629349529685,-0.0157018707221725,-0.0282400647816386,-0.00733862391199519,-0.0158475034396552,-0.0292262989527707,-0.00659623658687181,0.119200055600934,0.0453369395716924,0.0953806518247931,0.0723084439294308,-0.013368770287006
"SRR10030492",-0.00261820211055703,-0.0402103123887184,-0.03697710426857,-0.0674729061790099,0.0579965962304955,-0.0319251169877636,-0.0389756986500265,-0.0155873102147308,-0.0294569451736477,-0.0062162938032038,-0.0173917281774963,-0.0279941748154309,-0.00665076314208421,0.116036753824121,0.0379202778048585,0.0950040239120287,0.0711667844995993,-0.013368770287006
"SRR10030493",0.000269567974376973,-0.0403895034349997,-0.0385080167903572,-0.0681393800040386,0.0592071999499898,-0.0314512455930521,-0.0388077571712431,-0.0195070427106065,-0.0273356832827628,-0.00837176098262513,-0.0135980039813838,-0.0285179575962519,-0.00692857816379184,0.110329981145455,0.03862757977584,0.0965107410157446,0.0734962713905248,-0.0066273615068679
"SRR10030494",-0.00216823828488561,-0.0395799420062817,-0.0376168213103035,-0.0699010844166528,0.0561205213822078,-0.0333578925153546,-0.0407490646567715,-0.0195070427106065,-0.027641529240414,-0.00738070347349295,-0.0145323798820537,-0.0284312247924762,-0.00646403998401146,0.119513122209764,0.0402814819823116,0.0958706171304557,0.0712485052231723,-0.0246409184929271
"SRR10030495",-0.00227540862031984,-0.0403939241228069,-0.0378290437530045,-0.0684442964375485,0.0578925682224816,-0.032368554170727,-0.0409484409955854,-0.0142099871199196,-0.0287621244537176,-0.00702861217193956,-0.0152950945523236,-0.028787938455613,-0.00650622861726685,0.115400005557674,0.0415727775930049,0.0958151479790046,0.0720316014558096,-0.00693787861788369
"SRR10030496",-0.00147915851346346,-0.0404413489045751,-0.0381715910191402,-0.0673454769513221,0.0549319209797547,-0.0313914406752701,-0.0441839555299788,-0.0132561600501437,-0.0276597394651103,-0.00777102055549903,-0.0134416102386727,-0.0261889842194349,-0.00567744904654973,0.115260002006245,0.0395148535958215,0.0945989515509059,0.0701530183596662,0.00191492814551436
"SRR10030497",-0.00216783958473926,-0.0403055032325515,-0.0373720799510737,-0.0649893494032798,0.0558638549716508,-0.0331150849586103,-0.0390532334056849,-0.0195070427106065,-0.0262023704266166,-0.00720073134753891,-0.0165622790207383,-0.0276607490110188,-0.00681211232836938,0.109885006461742,0.0424137675507411,0.0951099149057545,0.0715507483927913,-0.00864456468846561
"SRR10030498",-0.00142013131985737,-0.0434657085094514,-0.0386087079117919,-0.069112698943231,0.0554756195813612,-0.0316725936714914,-0.0382634718491943,-0.0195070427106065,-0.02841327910164,-0.00969003247437139,-0.0155173011109465,-0.0299939419286871,-0.00553737289005569,0.112296569247577,0.0409137968811289,0.0960634189163517,0.0715897066093756,-0.038564342033916
"SRR10030499",-0.000666657587255505,-0.0405145990167618,-0.0380840992798375,-0.0680859713715068,0.0544374426854762,-0.0309052538870593,-0.0400919011763367,-0.0155942864368384,-0.0227892727287229,-0.00791153890967322,-0.0159604063721535,-0.0297581992063094,-0.00669241705743739,0.116748582733847,0.0428993610061797,0.0969737626104719,0.071858438779684,-0.0302226723436619
"SRR10030500",-0.000401151759376298,-0.0412614595728911,-0.0391723355514801,-0.0673946493007948,0.0623954639313753,-0.032604241345207,-0.0415837862708095,-0.01328958233645,-0.0267673399346785,-0.00664362318370485,-0.0152698285060931,-0.0277607210408035,-0.0067034857523603,0.11121767619784,0.0355375718051532,0.0961404091464895,0.0717052619170217,-0.0135391154143745
"SRR10030501",-0.0013486233204603,-0.0405866792602747,-0.0388023394619922,-0.0666081596149009,0.0558029538571007,-0.0324826300955828,-0.0445466716380604,-0.0195070427106065,-0.0276410504741171,-0.00803356406124645,-0.0156352185810686,-0.0285680005128673,-0.00646091164072022,0.110663809891072,0.0419521829593222,0.0941907509424764,0.071178498223824,-0.00664219031362342
"SRR10030502",-0.00276703828622505,-0.0408515155947779,-0.0382060260913632,-0.0678504192252759,0.0566184724783357,-0.0314302349643896,-0.0431361859973271,-0.0173159794673404,-0.0282288547270402,-0.00740311330145788,-0.016763450742196,-0.0309685947925524,-0.00609688824734905,0.112419005907628,0.037057429682017,0.0948795682989459,0.071281273872987,-0.013368770287006
"SRR10030503",0.000153588626817137,-0.0407436509038044,-0.0389701688196722,-0.0683742993067392,0.0577278071538808,-0.0305702675789491,-0.0415248575735985,-0.0195070427106065,-0.0233023798465733,-0.00662494607111382,-0.0158809287037589,-0.028302143811196,-0.00657474054376161,0.115968966683803,0.0379738652325987,0.0968797303363445,0.0713828594002366,-0.013368770287006
"SRR10030504",0.000826975978434396,-0.0410440934567876,-0.0385072492229646,-0.0699131583279764,0.0587510423670474,-0.0326896557789848,-0.0406545326456282,-0.0195070427106065,-0.0292159108187173,-0.0068821357926905,-0.0166666166335993,-0.0283383293388953,-0.00682822403246487,0.119106584683124,0.0354789425019242,0.0950969524792906,0.071536150812866,0.101758111086218
"SRR10030505",-0.00147567701397679,-0.0406019577860034,-0.0376668224576401,-0.068206197906702,0.0571064647500984,-0.0306426634144142,-0.0434357364285897,-0.0195070427106065,-0.028717488133718,-0.00741883033718707,-0.0147396564884385,-0.026489908569394,-0.00653294461773634,0.114472590078291,0.0391626813208543,0.0958924571025549,0.072137611088243,-0.00875364091418723
"SRR12330763",0.0788612395172507,0.0994480575080447,0.167939853204238,0.0501484012257799,-0.236891124690422,-0.0325311703849373,-0.109400535751965,-0.0182960158395773,-0.0225004214863812,-0.0474398515777558,-0.00522973674107231,-0.017367805398388,-0.0850272665495608,-0.0568439945035267,-0.0891993361968207,-0.0352220419894157,0.0146759110107207,-0.00836356613697451
"SRR12330764",0.0793988198336867,0.101379109849953,0.16732830893285,0.0507780979708949,-0.26173638919491,-0.0366769312431869,-0.12193476901867,-0.00855252531677748,-0.0273241882426231,-0.0471421686498553,-0.00831836778206432,-0.0200345222046071,-0.0882047600978319,-0.0575100429288865,-0.0930864147960865,-0.0353357715112139,0.0202694279722412,-0.00942928332547641
"SRR12330765",0.0841575913783898,0.100696586991227,0.163599797621797,0.049637521184226,-0.22193272322783,-0.0324199007780534,-0.106528209114902,-0.0137962427901767,-0.0205052994281556,-0.0539514647033575,-0.00684391841225403,-0.0180094225174131,-0.082198518008209,-0.0548423102828358,-0.0844146570468907,-0.0400068700353783,0.0172487574902037,-0.013368770287006
"SRR12330766",0.0224495122920518,0.0827946817252925,0.102345806190147,0.0145471835159888,-0.186491146881292,-0.0359325092661465,-0.111607967405167,-0.0195070427106065,-0.0247095123270809,-0.0608257868749767,-0.0118247648393546,-0.0234078982158606,-0.0763754037709557,-0.00683715627596513,-0.0949894563681845,-0.0152999298508938,0.0406490751956632,-0.0175576693158755
"SRR12330767",0.0188617624643858,0.0806965997686111,0.117780607426071,0.00817667318670853,-0.198283493558321,-0.0372633900586923,-0.118315442692365,-0.0136509012253158,-0.0266387675046367,-0.0635566395246199,-0.0147234577523017,-0.0240528673515202,-0.0810877252012686,-0.00698815521748278,-0.0966932214418678,-0.00907108335508509,0.0499227123355433,-0.0111021558089488
"SRR12330768",0.0276396313344934,0.0822968359442225,0.107204066912202,0.0148345479250717,-0.188684555766841,-0.0406471650104325,-0.120152239255302,-0.0149519724491021,-0.0275205690230304,-0.0629563952256903,-0.0132353960358184,-0.0249308677014508,-0.0822474867462136,-0.000903297246875846,-0.0940326299088507,-0.00953924225400895,0.0528736548767431,-0.0112388746519036
"SRR7811358",0.0793407976470124,0.0815816262870258,0.005683936393608,0.0377055529454718,0.0282563802978058,-0.00111956150410224,-0.034242715200213,-0.00591776951599834,-0.00910630622349844,0.154891072265788,-0.00548751491883598,-0.00764071419401021,-0.114473381384626,-0.0625203018254459,-0.0768765686190696,-0.0324452115552535,-0.000894985285654743,-0.0126190125608549
"SRR7811359",0.0541570419517958,0.0895798528845353,0.0102091615401883,0.033088086121439,0.0333176535836175,-0.0100770210102017,-0.0445418989091991,-0.0103905531538741,-0.0150340904525825,0.127046397089474,-0.0105283981753454,-0.0115533250125316,-0.118326069162177,-0.0553907486945638,-0.0848528368261022,-0.0288766010114267,0.00734058894439293,-0.0091827128727142
"SRR7811360",0.0647824166756029,0.0896684571823028,0.0555557548904229,0.0446815521525983,-0.00142480067366734,-0.0121547406500581,-0.0345189301590413,-0.012331872387537,-0.0191396170001726,0.117882833662367,-0.0104244210976498,-0.017300826689945,-0.124372118821147,-0.0540225084436414,-0.0800197924001102,-0.00291643898739039,0.0109818705128741,0.0546389042769437
"SRR7811361",0.0517771953804027,0.0737058142442141,-0.0175567058254311,0.0331305263362711,0.0569368639799779,-0.000423861210296497,-0.0270471518369764,-0.0103789216705139,-0.0107677754425753,0.156958821141261,-0.00703561267269177,-0.0083107841335599,-0.122541638808451,-0.0576772329515678,-0.0765534919127432,-0.0203888704731636,-0.00121394645576809,0.00148212461154795
"SRR7811362",0.0565634007550094,0.0842509007165809,0.00529595851755712,0.0437856756149024,0.0391897690376195,0.0117931502374066,-0.0204943101729878,-0.000391324633966535,-0.00729767005234756,0.166780616671409,0.00119206119426253,0.000434736508111441,-0.126783044154105,-0.0573649288136536,-0.0770139287031599,-0.0138842631055444,0.000436282050982458,-0.0145977774237848
"SRR7811363",0.101002948588321,0.110302135461962,-0.0215361374531559,0.0334499921260569,-0.00179466125305041,-0.0238103347940745,-0.0415749510154906,-0.00635984401729826,-0.011926304563833,0.0921439848742606,-0.0056092863733823,-0.00918289275982386,-0.104975144615725,-0.0636974787317773,-0.0647662452976903,-0.0657056900885078,0.0146636168898788,-0.0167643723371052
"SRR7811364",-0.00332592854051445,-0.0401606402311021,-0.00533522987417532,-0.0401100418835023,-0.0249112465491611,-0.0149710904801107,-0.0292505175133685,-0.0168560503553618,-0.0259908087238871,-0.0288567318935163,-0.0153652888344234,-0.0253296320995142,0.0663032244959256,-0.0170006351217593,0.0101234563775419,-0.0345004266724162,-0.000949129692938949,-0.0183420477723031
"SRR7811365",0.0893007209902325,0.110206566890186,-0.0171726273830722,0.0428425048946907,0.0087521952758829,-0.0225049838313419,-0.0312221738436017,-0.0182436137817085,-0.0143131698026749,0.0813078508439855,-0.00978413698069262,-0.0179326582771394,-0.109084473110522,-0.061359554937328,-0.0750630517701199,-0.0593428599507784,0.0164106970669496,-0.00982795026715068
"SRR7811366",0.0675730903430813,0.0900213584491231,0.0158989332118269,0.0334825364110583,0.0296522049357087,-0.00591439456483726,-0.0457432185636574,-0.0102397314462534,-0.01247499381243,0.142366940475959,-0.00356230254073735,-0.00966381238184108,-0.119608641841404,-0.0552631047254286,-0.0840240528555843,-0.0325437550035227,0.00379910589749044,-0.00298087670779218
"SRR3124722",-0.00592353542205979,-0.0316383882846295,-0.100817501082776,-0.0353298937176032,-0.0422998089014516,-0.0278343498992114,-0.0374945693188687,-0.0139432536829893,-0.0252634627975301,-0.0542078115558597,-0.0151987418748809,-0.0261729395739275,0.0646896202438693,-0.0500521496784267,0.0205690166623447,-0.0595983362015273,-0.00668952607655568,-0.00668455901208333
"SRR3124724",-0.104793978487004,-0.0511891311000819,-0.0394693215917029,-0.0124325948541871,0.022530649664484,-0.0144127027242243,-0.0322293592384781,-0.0133884472006186,-0.0225104698515491,-0.000127288051469147,-0.015230037086806,-0.0238111862983398,0.0127638078375368,-0.0477857300165788,-0.0713322901912995,0.0462037533547554,-0.000412988520048189,-0.00789291755884325
"SRR3124726",0.00592414595131868,-0.0326021792997288,-0.0438990885720084,-0.0195016594635796,-0.0284722503206148,-0.0105670604408639,-0.0234466400727232,-0.0175103222003572,-0.0251515231144584,-0.0526276146727542,-0.0163019852877467,-0.0261436194508129,0.0651871556983836,-0.0464685604311268,0.011507862331884,-0.0617108676760948,-0.0172293797629929,-0.00909439126441334
"SRR3124729",-0.0791815535339283,-0.0451188846487178,-0.00694405478680804,0.0338829904211597,0.00307679080180645,-0.0132112427090197,-0.027557075899335,-0.0135354895331918,-0.0235517143048327,-0.0403312441462032,-0.0157793498940597,-0.0239356891629228,0.0333593577949998,-0.0618343250565784,-0.0599860898863894,-0.00506520397261747,-0.0286915190124303,-0.0047119977418245
"SRR3124731",-0.115799246392191,-0.0519288179395588,-0.0564193764645351,-0.0108476698015254,0.023458648153311,-0.00957821356273633,-0.0307445485467276,-0.0151858261586952,-0.0213998344833609,-0.00443327375674631,-0.0138600042011828,-0.0191720201798388,0.0159168325738945,-0.0547033535596642,-0.0735078289231659,0.0377245895054563,-0.0131029557998002,-0.00708102357051574
"SRR3124735",0.101002948588321,0.110302135461962,-0.0215361374531559,0.0334499921260569,-0.00179466125305041,-0.0238103347940745,-0.0415749510154906,-0.00635984401729826,-0.011926304563833,0.0921439848742606,-0.0056092863733823,-0.00918289275982386,-0.104975144615725,-0.0636974787317773,-0.0647662452976903,-0.0657056900885078,0.0146636168898788,-0.0167643723371052
"SRR3124737",0.0675730903430813,0.0900213584491231,0.0158989332118269,0.0334825364110583,0.0296522049357087,-0.00591439456483726,-0.0457432185636574,-0.0102397314462534,-0.01247499381243,0.142366940475959,-0.00356230254073735,-0.00966381238184108,-0.119608641841404,-0.0552631047254286,-0.0840240528555843,-0.0325437550035227,0.00379910589749044,-0.00298087670779218
"SRR3124740",0.0517771953804027,0.0737058142442141,-0.0175567058254311,0.0331305263362711,0.0569368639799779,-0.000423861210296495,-0.0270471518369764,-0.0103789216705139,-0.0107677754425753,0.156958821141261,-0.00703561267269177,-0.0083107841335599,-0.122541638808451,-0.0576772329515678,-0.0765534919127432,-0.0203888704731636,-0.00121394645576809,0.00148212461154795
"SRR3124742",-0.00332592854051445,-0.0401606402311021,-0.00533522987417532,-0.0401100418835023,-0.0249112465491611,-0.0149710904801107,-0.0292505175133685,-0.0168560503553618,-0.0259908087238871,-0.0288567318935163,-0.0153652888344234,-0.0253296320995142,0.0663032244959256,-0.0170006351217593,0.0101234563775419,-0.0345004266724162,-0.000949129692938949,-0.0183420477723031
"SRR3124743",0.0541570419517958,0.0895798528845353,0.0102091615401883,0.033088086121439,0.0333176535836175,-0.0100770210102017,-0.0445418989091991,-0.0103905531538741,-0.0150340904525825,0.127046397089474,-0.0105283981753454,-0.0115533250125316,-0.118326069162177,-0.0553907486945638,-0.0848528368261022,-0.0288766010114267,0.00734058894439293,-0.0091827128727142
"SRR3124745",0.0565634007550094,0.0842509007165809,0.00529595851755712,0.0437856756149024,0.0391897690376195,0.0117931502374066,-0.0204943101729878,-0.000391324633966535,-0.00729767005234756,0.166780616671409,0.00119206119426253,0.000434736508111441,-0.126783044154105,-0.0573649288136536,-0.0770139287031599,-0.0138842631055444,0.000436282050982458,-0.0145977774237848
"SRR3124747",-0.100622521672695,-0.0498893256411036,-0.0217420982289518,0.0285735459734874,0.0333224464768738,-0.00915004360850051,-0.0256401264180636,-0.0195070427106065,-0.0259069418483299,-0.0298383206716513,-0.016596675330685,-0.0230197696863769,0.0190966879238607,-0.0498829172349227,-0.0686559027616575,0.0360628564556871,-0.0167958088601662,-0.00672019670542008
"SRR3124748",0.0893007209902325,0.110206566890186,-0.0171726273830722,0.0428425048946907,0.0087521952758829,-0.0225049838313419,-0.0312221738436017,-0.0182436137817085,-0.0143131698026749,0.0813078508439855,-0.00978413698069262,-0.0179326582771394,-0.109084473110522,-0.061359554937328,-0.0750630517701199,-0.0593428599507784,0.0164106970669496,-0.00982795026715068
"SRR3124750",0.0647824166756029,0.0896684571823028,0.0555557548904229,0.0446815521525983,-0.00142480067366734,-0.0121547406500581,-0.0345189301590413,-0.012331872387537,-0.0191396170001726,0.117882833662367,-0.0104244210976498,-0.017300826689945,-0.124372118821147,-0.0540225084436414,-0.0800197924001102,-0.00291643898739039,0.0109818705128741,0.0546389042769437
"SRR3124752",0.0793407976470124,0.0815816262870258,0.005683936393608,0.0377055529454718,0.0282563802978058,-0.00111956150410224,-0.034242715200213,-0.00591776951599834,-0.00910630622349844,0.154891072265788,-0.00548751491883598,-0.00764071419401021,-0.114473381384626,-0.0625203018254459,-0.0768765686190696,-0.0324452115552535,-0.000894985285654743,-0.0126190125608549
"SRR3124754",0.0129164167941386,-0.0329931996775429,-0.0239060927230314,-0.0211228248219775,-0.0124809012989174,-0.0141742588712694,-0.0232304890181521,-0.0173205023955192,-0.0223304319160391,-0.0515685224077489,-0.0152489374875604,-0.0248647860069867,0.0687702071274399,-0.0306277151122765,0.0246644563593871,-0.0574286812913487,-0.00845179322192873,-0.00507587377831628
"SRR3124756",-0.0285339811059628,-0.0333387344474842,-0.120446792667657,-0.0673586766382173,-0.0107149176670788,-0.0223918152103459,-0.037152407217605,-0.0115839795451189,-0.0215291580767798,-0.0329641835484603,-0.0131453457062713,-0.0255953666788889,0.0345333633685764,-0.0185459481291594,0.00259395331256229,0.0121863822978455,0.0330581184652753,0.00727290471890755
"SRR3124759",-0.0152424922189064,-0.0356387573914962,-0.104395373056346,-0.0556996109873188,-0.0223251834552787,-0.0228645758635585,-0.031558949266892,-0.0195070427106065,-0.0253040953069271,-0.0139899860637982,-0.0136315391794105,-0.0274232043551627,0.0558327629346982,-0.0318705471482121,0.0100716661876468,-0.0256680390519712,0.0205249787020279,-0.00676089471003608
"SRR3124761",0.017962180373656,-0.0328216777595978,-0.0122009416664031,-0.0251102283353137,-0.0240430384845824,-0.0187744433082052,-0.0316079131709888,-0.0168354669699648,-0.0255325862896849,-0.0555964907148233,-0.0158860940664561,-0.0269277261296018,0.0685772704412223,-0.0265985089542234,0.029038856733034,-0.0585498666462817,-0.00327390014967142,-0.00581747360362076
"SRR3124764",-0.041475906398951,-0.0402778824197401,-0.148321499017425,-0.0904509013707249,-0.0297487012232587,-0.0256640688659575,-0.0376645972808825,-0.0170934952519622,-0.0165419839983127,-0.0392135240171993,-0.0162087470945044,-0.0259564201683653,0.046921824702795,-0.0167223602431643,-0.0044306311079721,-0.00989253858751882,0.0292354902383521,-0.00756918831285663
"SRR3124766",-0.0541585495983995,-0.0414660799427635,-0.156437735049446,-0.0696002920340647,-0.0101328957860839,-0.0260296605080602,-0.0287637386816383,-0.0162688304321388,-0.0206724743730415,-0.0255842840308695,-0.0127368443389053,-0.022006038916321,0.0548000236620046,-0.0316073901666834,-0.0136704549698516,-0.0218530565803055,0.0204588019030081,-0.013368770287006
"SRR3124767",0.0186795045140968,-0.0345433190009723,-0.0176130973492655,-0.0296789651448716,-0.0193905440385978,-0.0209009484994009,-0.0318930641738922,-0.0195070427106065,-0.0251907403924357,-0.0539108471049355,-0.0170967782140228,-0.0296663575909246,0.0693577467828422,-0.0255516038163188,0.0327799941520085,-0.0611030937138374,-0.00192437823523069,-0.00395232678737315
"SRR3124769",-0.102502815106295,-0.040519918048582,-0.0953103678407945,-0.0178573520435097,0.00996089950122375,-0.0169872441699639,-0.0324539061378665,-0.0195070427106065,-0.0234824867971531,0.0490724793163028,-0.0139728344706713,-0.0222789405561921,0.0028182566041142,-0.0657756919764032,-0.069215723580812,0.0586455666016237,0.00297684817307854,0.0795770169232007
"SRR3124770",-0.025024345200738,-0.0343911775094481,-0.133756699175216,-0.0627230071832541,-0.0255561980508638,-0.0295149555763016,-0.0375823084568966,-0.0195070427106065,-0.0246822036172719,-0.0356527109456174,-0.0168397515616836,-0.0259857597838979,0.0424056484942097,-0.0308015351913177,-0.000684652269430534,-0.0114035375525739,0.0222476340581882,-0.00986050924388144
"SRR3124772",-0.0132357193876189,-0.0345081522742198,-0.10654132173596,-0.0478020116107773,-0.0186812123840977,-0.0235851965424594,-0.0294921613751343,-0.0168590693001655,-0.0238658357018259,-0.0284989533470539,-0.0154711965184235,-0.0271434891721117,0.0577397826410019,-0.0298655579340287,0.0134957746758473,-0.029951166901109,0.0214502977220815,-0.00845440868350102
"SRR3124775",0.0754481671752092,0.100738005432801,-0.0353249815072371,0.0328283442532293,0.0248247280358772,-0.0233274318493237,-0.0383047330732994,-0.0132900241143915,-0.0153458002270022,0.0859868832292239,-0.00740094195638883,-0.0124764638899202,-0.105248393893121,-0.041474332597484,-0.0734746447216498,-0.0495883633129269,0.0239868671784406,-0.0102821494828825
"SRR3124986",0.0667112025881899,0.0798153736101977,0.0547712299841363,0.0305282577648067,-0.0204711783711271,-0.00811021040923563,-0.0477001655874689,-0.013820522038147,-0.0122256653333043,0.149065784704149,-0.00800518235766658,-0.0146232928535488,-0.119586155138912,-0.0456910060632793,-0.0876362045179909,-0.00489444461746506,0.0132134899629723,-0.00978396391371236
"SRR3124987",0.0815964645982961,0.0971987717074349,0.0328781965111566,0.0272162399025817,0.00192145052641797,-0.0164279298810395,-0.0493029670379453,-0.0106355978514708,-0.0178512689506714,0.074745902084976,-0.00547872737301445,-0.0127529721960988,-0.106640459925537,-0.0252836247016313,-0.0731435605088526,-0.0411654977624338,0.0284951943868782,0.00468812751722089
"SRR3124990",0.0927691169893383,0.100875151870353,0.0168699761024479,0.0420454593449036,-0.0327259615855103,-0.0116052864878931,-0.0587971625828839,-0.000145188417938569,-0.0068216508603345,0.115589211255967,-0.00480698766903999,-0.0112755607834874,-0.106608453223448,-0.0483507241446944,-0.0679414211760756,-0.0604502684007979,0.0211935297822078,0.660317206284571
"SRR3124992",0.0499638790084211,0.0872108205295886,-0.020404181553853,0.0248343759494005,0.0167241598170469,-0.0220870366318926,-0.0403084444146497,-0.00840720837114325,-0.016664930671311,0.151253200719365,-0.00875771462031401,-0.0134326997088216,-0.123182493111595,-0.0457008214445371,-0.0918627135929557,0.0026603358022075,0.0233983117619409,-0.00940941065638899
"SRR3124994",0.079443733954347,0.0841055120277464,0.0332269020751159,0.0222058211234753,0.00940974688575859,-0.0079556281201217,-0.0518540693314676,-0.00500396876434112,-0.0148880440838471,0.129574985089893,-0.00701070123828986,-0.010376924961156,-0.110040175197614,-0.0292150825852843,-0.0732061982382417,-0.0368425594524216,0.019441099081413,-0.013368770287006
"SRR3124997",0.0907458716783739,0.0923031301601313,0.0741960239851709,0.0581370907993063,-0.0125293575028891,-0.00974208451507193,-0.0454447872931979,-0.00399496065171103,-0.0112095699237291,0.138322897997677,-0.00441751880783226,-0.0111691999504898,-0.116058943157871,-0.0480019716024242,-0.0670812770603217,-0.0498124854372427,0.00753100927633446,-0.00964469727527475
"SRR3124998",0.0549578125889414,0.0844083628117666,-0.0134566146900113,0.0227816833052638,-0.0063567457322445,-0.0117941658233702,-0.0405589200859556,-0.0139563620050632,-0.0125180383586672,0.167487261805227,-0.00874573988166274,-0.0144382773739738,-0.124986095161381,-0.0575325649936975,-0.0857862356584715,-0.00315506063047128,0.0180530243374753,-0.00860574336542373
"SRR3125002",-0.00614349800985184,-0.0393546050197479,-0.0297029108407837,-0.0241431051434507,-0.0158561957371823,-0.0112036438774102,-0.0266183573709491,-0.00355770365533327,-0.0308257415391183,-0.0556945491975366,-0.0161927015774156,-0.026293511990066,0.0648322495493489,-0.0470272468192094,0.00418831020740024,-0.0532418168155684,-0.0192002949232591,-0.00289761617958635
"SRR3125004",0.0700009373236144,0.0932111655246206,0.0474867778063196,0.0413600252725952,-0.00504991000788125,-0.00251672343214702,-0.0535908346982813,-0.0106022573148588,-0.0159778167487366,0.109804016796328,-0.00532875003791279,-0.0141997756099128,-0.114428201878139,-0.0307637257150317,-0.0787809565563362,-0.036205761892911,0.0213032189753209,-0.0100997454343973
"SRR3125005",-0.102961414172887,-0.0424398309691362,-0.0898476323664943,0.0192137704448239,0.031434465997266,-0.0194555655662007,-0.02183809778949,-0.0164112815837147,-0.0231281349613211,-0.0269555487012392,-0.014554099289665,-0.0229453389031121,0.0217590269994236,-0.0616052618198584,-0.0659333240964806,0.028277788264961,-0.0123066089410003,-0.0101114812257016
"SRR30310344",-0.0172055989483692,-0.0260673421838897,0.0323134565039486,-0.000896334539150587,-0.0241507951245237,-0.00624812986716555,-0.0273954148738248,-0.00804723465602116,-0.011534727169456,0.0246354260947776,-0.0086138543297476,0.0312704930091675,0.00100293130993097,-0.0117748349669767,0.000749778748757793,0.0395682662746175,-0.0169582604425371,-0.0107234738725088
"SRR30310345",-0.000292669061269817,-0.00865800959767835,-0.00370548563565992,-0.0316340562643667,-0.00717599356521155,0.0571612146571899,0.0230679750435859,0.00148062305108798,0.0829186220765671,0.108002441161815,0.180509041106097,0.15143303233275,0.000329100382576648,-0.0190153260594525,-0.00354096190330905,-0.00772096338618989,-0.022117939393581,-0.0113749319172361
"SRR30310346",0.0316250876537301,0.00182228534816927,0.0161634934362367,-0.0246073436814253,-0.0946338127644919,0.00157794826120028,-0.0317218227180473,0.0784148603073646,0.0991667402317936,0.0803452776975001,0.618143057800725,0.3248946579001,0.0141336513162926,-0.0217378597477996,0.0490277667535786,-0.0202979908840225,-0.0233817852544072,0.0124093530296453
"SRR30310347",0.0153047712728371,-0.00156065171488522,0.0250416796975318,-0.0307049901074564,-0.124224378142889,0.00897328475204922,-0.0320804875994046,0.0848027414009001,0.160812365422295,0.0857158893172887,0.604513886954722,0.27507463416097,0.0190564044389889,-0.0129915134430022,0.03974325558235,-0.0244836380793216,-0.0227285510597043,0.0266883050097005
"SRR30310348",0.034815956537716,-0.00753838629287622,0.016923674344637,-0.0371175784552072,-0.0405465881642546,0.0499004796067964,0.0249384848506413,0.00953025055419585,0.0375256495021772,0.0913496487811799,0.102708834006754,0.15372980758511,0.0234287428393727,-0.0144143778153117,0.0376213102658513,-0.0329049045094897,-0.0256177723295138,-0.013368770287006
"SRR30310349",0.0170112288207923,-0.0198100634076605,0.0227379888972658,-0.0414555779328819,-0.0987323380562446,-0.00681058381276195,-0.0356836905476149,-0.00221936077888727,-0.00973723295714339,0.0587316449655242,-0.00862593034053244,0.0563265156035335,0.0345495650365919,0.00384514098092192,0.0548517988297381,-0.0296622589741667,-0.0172023255755576,-0.0151490034314973
"SRR30310350",0.0511295631761811,-0.00437071800447409,0.0336495472088229,-0.0183723728602634,-0.0376805582625236,0.0501599406259562,0.0287237194864885,0.0298055631477189,0.0279256608727372,0.0814022699062739,0.160022083164376,0.17829795439317,0.0252679345210389,0.0026969255336248,0.056415667463697,-0.0390140381782107,-0.0274211776328163,-0.00812422074423451
"SRR30310351",-0.0569142430473821,-0.0133879276067015,0.0157784693211515,-0.0201297706741823,-0.00551460012550915,0.027042705140867,0.0173588895297772,-0.00980449045856199,0.110310796057928,0.0721768089122173,0.0506761227331109,0.144103787453831,-0.0266626976700863,-0.0106823101500104,-0.0352930616218523,0.0511360691818591,-0.00888121512126133,-0.00805733886802548
"SRR30310352",-0.0185251087507076,-0.0205710048254044,0.0276348145713119,-0.0354428030948902,-0.0218976510767942,0.0511692952857337,0.0234924010935973,0.01980753853066,0.0806584483258249,0.0897716195539775,0.0558339420782946,0.203993210964351,-0.00621952231597939,-0.0106503981804058,0.00794271226721519,0.0437762031381738,-0.00269644274650705,-0.0105204058634526
"SRR30310353",-0.0438957251034834,-0.0182555408018992,-0.0021193573319966,-0.0339430317976736,0.0285200211149898,0.0839658551748056,0.0490142025559374,0.0103679334781674,0.127891362027751,0.0714710053852392,0.084443615122023,0.289795887800388,-0.0112289780240252,-0.00296736169440193,-0.00765494415470871,0.0434894679941869,-0.00797856864661522,-0.0165220699865898
"SRR30310354",0.0069351852375999,-0.0162389261785821,0.0338369359808497,-0.0101812079357009,-0.0402745200089426,-0.00584656039789917,-0.0245479812709752,0.00536295044650152,0.00692539076872253,0.037402089946171,0.0135992163602235,0.11975367525733,-0.00111615647400303,-0.00859448898215348,0.00820050258259063,0.017522124304461,-0.0103718853880269,-0.0213823770422497
"SRR30310355",0.003700230617974,-0.0177651209653633,0.0221756261920545,-0.0141857657223559,-0.0201984384764864,-0.0135920035893694,-0.0320422025240618,-0.00970686481937491,-0.0117864812821355,0.0258010705212878,-0.0102506858754856,0.0426072567713053,-0.00894981962130591,-0.0134327454994243,0.000512592204268818,0.0266704644453926,-0.0056430541225915,-0.00887269598685286
"SRR30310356",-0.00990291639527351,-0.0187854927081615,0.0175817501419395,-0.0168154856977954,-0.00894237181246735,0.000997829624682292,-0.0141052724887149,0.00990831372671807,-0.00216264632228224,0.0683862694779573,0.0192339084983868,0.149108232284581,-0.0107880968508338,-0.0123445363518585,-0.000653616194442193,0.0384234630838471,-0.00716709782535238,-0.0114457715269459
"SRR30310357",0.043047800492211,-0.0141192607167863,0.0307921796977136,-0.0178939908320281,-0.0527336685943044,-0.0108671978018674,-0.0360959649075355,0.00664681747737553,-0.00446099277903479,0.0311492790977245,-0.00519138676546902,0.0918962766391606,0.0195811700171078,-0.00566602640478482,0.0464425371910611,-0.0156512607575429,-0.0190620195315315,-0.00773303731623021
"SRR30310358",0.0632980370787997,-0.0116912869784557,0.0580751197586479,-0.0151871938663857,-0.11458726763095,-0.00813273589441835,-0.0446779434684749,-0.0120052060137701,0.00189938539781784,0.0440876768739421,-0.00474580780390314,0.0678174712853068,0.0390855588477283,-0.00135179860532283,0.0688905316002461,-0.0481878384325834,-0.0345527875704036,-0.00359531427068833
"SRR30310359",0.00369982722818503,-0.0223816327813171,0.0239769359554531,-0.0202348506104314,-0.0765235683815643,-0.00486714098720015,-0.029551903081456,0.00352368152365299,-0.00565810868380946,0.0397993954712656,-0.00350806536303474,0.0964476092181704,0.0173957042401941,-0.0245209756236642,0.0191300150434444,0.00434297530433604,-0.0270207667953458,0.0458015589555436
"SRR30310360",0.0266523431264669,-0.0184749294328957,0.0317075954456414,-0.0193103423599248,-0.055174974373311,-0.00690101594269808,-0.028691221643973,0.0171849352527739,-0.00644251500595098,0.0497346137372619,-0.0017224854511849,0.100959186782534,0.0231951377226266,-0.0174373676017059,0.0395150198524162,-0.0125578756698347,-0.025694671612002,0.0278740817140053
"SRR30310361",0.000627007814869183,-0.0108547607339199,0.0111797032710756,-0.0207774358904422,0.0269214456082905,0.0805462636196659,0.0441074783206064,0.0467232003145754,0.148741396452846,0.0637215466235399,0.235508723753727,0.29346049281357,-0.000930610729748691,-0.011160899730686,0.0210557429799163,0.0216325733846149,-0.0143780553589485,-0.0079661202598701
"SRR30310362",-0.0177343630868854,-0.011159009975403,0.00935107011864304,-0.0259338471850504,0.0109721387031835,0.0674046250468784,0.0399733425053569,0.0374954753824266,0.167644070480131,0.079819523965381,0.151829720953396,0.235019872999721,-0.0101909155071864,-0.0072028237711668,0.00809828919316799,0.0321954290650893,-0.0114276167894294,-0.013368770287006
"SRR30310363",-0.0239180831901144,-0.00794808703863844,0.0149739310707983,-0.0155808071407623,0.0116881355261873,0.0459082063656761,0.0294250568689237,0.02595407692034,0.12648426659932,0.0865663909014413,0.179577989684825,0.260939659107859,-0.0219048923782405,-0.0159855282541589,-0.00492660341664272,0.0419317064699912,-0.0140035688533816,-0.00722334373231021
"SRR30310364",-0.010587658793209,-0.0214456628055238,0.0416902248559813,-0.0132057056131155,-0.052212908657597,0.00387565077928244,-0.0224272671093777,0.0093273083092483,0.00198282150274917,0.0438407136470372,0.0358427878696266,0.173107076495735,0.00520993605634606,-0.00423809658975988,0.0134489665575366,0.0308083941783124,-0.0138177131519399,-0.013368770287006
"SRR30310365",-0.0102025883507513,-0.0237991203666075,0.0342031597922669,-0.0154410971602996,-0.0347142928041252,0.00404567766403549,-0.0226400482439584,0.0301669905645118,0.00451643994393354,0.0284490760594539,0.0235753490291241,0.216939502901273,0.0121468830425855,-0.00255155965110154,0.0168940330872982,0.0306025369728625,-0.0126174426013443,-0.013368770287006
"SRR30310366",-0.00705023523115398,-0.0198809073494752,0.0381260931111784,-0.0119723844483063,-0.0363593043668765,0.00727826232457984,-0.0199007748277784,0.0153072490023249,0.00530916882463932,0.0639811569226102,0.0335589404250992,0.177281066467597,0.00368331696008875,-0.00505058528440246,0.0133810452725323,0.0270031925245201,-0.0121743483792437,-0.0102312981083485
"SRR30310367",0.00401702401427637,-0.0199041731050054,0.0300504033820899,-0.00848801921692231,-0.0145286907604382,-0.00804331122981761,-0.0276776556265378,0.0124718299590459,-0.00744049871342982,0.0222767605597332,-0.00317702690015975,0.0781574926190429,-0.00203292103359303,-0.00120678832340084,0.0169785031636525,0.0324159306368435,-0.00828835047930063,-0.0179483129809736
"SRR30310368",-0.011202365228414,-0.024512230858609,0.0227114032328084,-0.00238169084445934,-0.00594129388582442,-0.00683780032378465,-0.0225218544696508,-0.0064353759792638,-0.0105366909147426,0.00961206299471005,-0.00487153237350753,0.0544308410755864,0.000225997340783411,-0.0151310873387433,-0.000291951673460371,0.03579509908604,-0.0167833326204692,-0.00990040869352199
"SRR30310369",0.00968518550009861,-0.0349214863700187,0.0173665526567464,-0.0352112069476842,-0.0532199934282648,-0.00485860544689104,-0.0258331545419379,-0.0139722986503454,-0.0148555409263926,0.0339298456359739,-0.0101841743743729,0.0239889666822329,0.0570598409877518,-0.00759749079115617,0.0416855311859848,-0.0360285338460041,-0.0432266315070817,-0.017678964651961
"SRR30310370",0.0265927421170493,-0.0292863715177131,0.0181739977876443,-0.0282944849492895,-0.0418174002327242,-0.00512474089856919,-0.0239585580845912,-0.00837107585868426,-0.010219495367187,0.0639823621990538,-0.00811125962945232,0.0222001215253518,0.0493354129221677,-0.00833700230402748,0.0556418989471664,-0.0317932601826069,-0.0394473859853713,0.0133012177130302
"SRR24657655",-0.00593255429797852,0.00412628889471847,-0.0185044790220566,-0.0203727073215155,0.131202384115897,0.352656365099577,0.116025169730765,0.379117237961896,0.0652791597628056,0.104790240769748,0.123341004340634,0.14935587333253,-0.037924962079636,0.00973616193012826,0.0193189889839682,0.0789185512255415,0.0110475805059978,0.157935445729503
"SRR24657656",-0.0278396525999747,-0.0138832054932601,-0.0109738617333766,-0.028611373874099,0.138962367499219,0.317223805246173,0.127319936430129,-0.00656458621839258,0.0150199785228623,0.103902451021785,0.0181860908306555,0.128735786072284,-0.0438423593729888,0.00471887031305913,-0.00165170234993603,0.09674108994005,0.0150426436575285,-0.0064337306572066
"SRR24657657",-0.0410942391383449,-0.0116833327612061,-0.0149004361471829,-0.0302997185200895,0.14383637740907,0.310302976484422,0.125747849962717,0.000361585148854744,0.0230549323810929,0.108409206813194,0.0228323937079223,0.122053780156099,-0.0479323238541604,0.0126315911448284,-0.00973830622774384,0.0965761792637896,0.0153378986850035,-0.0167304765835092
"SRR24657658",-0.045628611323775,-0.0257982124488082,-0.00828527171132995,-0.0110879505629833,0.120120668613367,0.318246453033356,0.125357472326368,0.00688239315209027,-0.00217619275203131,0.0979666361292367,0.00974733366516222,0.0284119400239864,-0.0211948699449802,-0.0125328017905213,-0.0152406340273959,0.0672783662837112,-0.0130423400806523,-0.00831144498953369
"SRR24657659",-0.0384825182001035,-0.0090220600840979,-0.00844925207610829,-0.026916929593195,0.140299043285798,0.29002060400926,0.127702660668042,0.0222261518922757,0.0232200524462661,0.118722379486457,0.0107633872119241,0.143144337863456,-0.0529407062500476,-0.00612909115750616,-0.00476898170688216,0.0904329030776968,0.00957302854445618,-0.013368770287006
"SRR24657669",-0.0538689563262583,-0.0153715876620383,-0.00400405209097704,0.00223418096467643,0.177132232083165,0.271804945275674,0.152005422447296,-0.0100307423431808,-0.0144741087433961,0.0536997485963451,-0.00474342423342488,0.00493424397956523,-0.0611823850082319,0.00129081270675001,-0.0057799231208256,0.113093321880568,0.0432209889919939,-0.0182994722363043
"SRR24657680",-0.0220929974993051,-0.010030679220595,0.0137916220613406,-0.00271468002354295,0.152849583462014,0.274015092050894,0.145078047602988,-0.00191670773530584,-0.00667504216680641,0.0745762888969581,0.000494027751513298,0.010914992560299,-0.0548164614175289,0.00292854295336956,0.0040445046075295,0.0937101882067786,0.0385701376167421,-0.0092160165991197
"SRR24657691",-0.0556186955650247,-0.0150684473672746,0.0111967291794276,0.00198283472842718,0.164255216713527,0.263758481564927,0.145024752614371,0.00366468013451857,-0.0141346006914372,0.0555686724202996,-0.00500450538518017,0.00708210716105286,-0.0611318020150737,0.00367019643440888,-0.00545277983243667,0.113100735865745,0.0441185789420331,-0.00660660869335545
"SRR24657702",-0.0416038786257165,-0.0126792019503352,0.0138803220181348,0.0025096012424497,0.159383751946081,0.271370365660302,0.142073256652614,0.00704605279854281,-0.0090508914350692,0.0557809761542084,0.00152053676793692,0.00758366844188833,-0.0576436817538782,0.00579437854499311,-0.00144736933821622,0.101792132561661,0.0423375830596257,-0.0197684861446272
"SRR24657703",-0.032738520489377,-0.0139582784294542,0.0145054230111512,-0.000894931861147803,0.14649818095333,0.267436023911188,0.138656111613325,0.0471156043655296,-0.00874401725046073,0.0686007341721266,0.00489359991761603,0.0324153548597046,-0.047608606769448,0.00129686340924326,0.00387844476265196,0.0927406824892549,0.0368132267042619,-0.013368770287006
"ERR7738942",0.00999172838248152,-0.0261391301110727,0.0250043422614466,-0.0239951453721791,-0.0895029313740583,0.00894262124860288,-0.0267349261405709,-0.00991541601304008,-0.0146095928632529,0.0747820254698138,-0.00993681122419228,-0.0123638240732501,0.0268692509974566,0.00397616767327338,0.0453399682674845,0.00970831390168022,0.0219245841663581,-0.018887256053561
"ERR7738943",0.0116205884798298,-0.0264565148340969,0.0074095541757403,-0.0114399003325022,-0.0296818539414128,0.0135062585971531,-0.0183015389963948,-0.00807942204451327,-0.0178044074449072,0.0805919830769763,-0.010588395138871,-0.0125397036222643,0.0222188728713138,-0.00167269591151075,0.0319685220658453,0.0193659359916886,0.0237549869826725,-0.00374520232918561
"ERR7738944",0.0221320348237411,-0.0251201323117335,-0.0306087558016465,-0.0418890224535396,-0.0343654612931599,0.00941919258163085,-0.014325797944323,-0.0125783614256882,-0.0163523366492634,0.0811219630004619,-0.00991138846111956,-0.0113697743328757,0.0277807180250582,0.00256667112009606,0.045002787655283,0.00642117155035843,0.0246179568983763,-0.0184233350610768
"SRR30606508",-0.0671047833089273,-0.0450658228498808,0.045098182493918,-0.011891706901209,-0.0167168559798801,-0.00971242442354741,-0.0478419037700634,-0.0168823175980085,-0.0254876503920864,-0.0150407346469991,-0.0124598608911273,-0.0262973281515431,0.00733299675627924,-0.0059545218590548,-0.0117980794135939,0.0697335161522697,0.0332055403875745,0.00915149616916847
"SRR30606509",-0.0645043868585203,-0.0501113937365824,-0.0504152413907703,-0.0467515502691909,0.0074625972520161,-0.0158214883279235,-0.0396198327046362,-0.00591576608998446,-0.0258544721555272,-0.0253104341653288,-0.0132145426120542,-0.0240748078157273,0.0263775788355942,-0.0170669917367982,0.0251679059496719,0.0246068791547861,0.0322416506832486,-0.00639495442808504
"SRR30606510",0.00156533389894686,-0.0338599856933962,0.0336968731329583,-0.0177751831889164,-0.0555418946247848,-0.014899308421061,-0.0464664117942855,-0.0164782808678225,-0.0227193702435394,-0.0423961697958377,-0.0143123007266834,-0.0216649192015722,0.0522026627615301,-0.0233905713390655,0.074550944999327,-0.0351612684303905,0.0177181611936398,0.00490655379836163
"SRR30606511",-0.0265555404798889,-0.0414569575547182,0.0140415869800671,-0.0285960095928099,-0.0419976115185379,-0.0126233738723174,-0.0561836960633005,-0.00799633744929663,-0.0218500465234375,-0.0329847820248672,-0.012769601686375,-0.021292687639053,0.0371069747830632,-0.0248313991240229,0.05519314418052,-0.00672893984093344,0.0218308095936945,-0.005394495867293
"SRR30606517",-0.106037512537483,-0.0524219371196991,0.0388770219947157,-0.00681062064820175,-0.0289433694217371,-0.00482091961484993,-0.0446861096698742,-0.016029067313128,-0.0265836428690535,-0.0357090422719651,-0.0143441891006696,-0.0200577681501058,0.0217294964491285,-0.0358362943149986,-0.0458263534923562,0.0489874993749464,-0.0347191920472722,-0.00895995927973888
"SRR30606518",-0.0878477372072842,-0.0520775534404664,0.0565249930144002,0.0161091661552146,-0.0348695044364867,-0.0120511328585125,-0.0299011674609978,-0.0162060408891331,-0.0247359152350786,-0.050930124010641,-0.0130853054506666,-0.0255291618956495,0.0443994432497708,-0.0371607716862738,-0.0270745156980854,0.008150520950666,-0.0509984631480499,0.0558050786751745
"SRR30606519",-0.0782659708209326,-0.0497752555347201,0.0599713666919465,0.0138940850267874,-0.0402436952662731,-0.00922034208380603,-0.039831408784696,-0.016650496022715,-0.0247871058531792,-0.0472651263233231,-0.0142344950704133,-0.023164746048942,0.0408749339070197,-0.0391529465810906,-0.0241792735763193,0.00919505201255221,-0.0491966334114027,-0.0158291222684564
"SRR30606520",-0.105140616545647,-0.0519753939174832,0.052820906997113,0.0108293167454428,-0.0289320407121897,-0.012735820103737,-0.041778166336458,-0.0144740570814431,-0.0263502019798358,-0.0402691208044201,-0.0143320569743933,-0.0229491119418594,0.026753212505629,-0.0378210793573523,-0.0450832854782924,0.0395526895180345,-0.0429768871928884,-0.00943144390146947
"SRR30606521",0.0906374880125035,-0.00608867291497608,0.0962941571959973,0.0185840234668232,-0.0693662185765357,-0.0164364150274526,-0.0592141506658547,-0.0117793820038355,-0.0127955534361915,-0.0465963515361237,-0.00816338598355759,-0.00442523408414704,0.0394889845329499,-0.0114935780883316,0.100176942219523,-0.0770687423083173,-0.0437803418342385,-0.0135542670880522
"SRR30606522",0.0422814986500635,-0.0108789348262997,0.132254658784173,0.045510985664585,-0.0853271692825299,-0.0137826984324592,-0.054488627648219,-0.0118420505300628,-0.016769433254081,-0.0448870148441984,-0.00994095394231987,-0.00968937565307653,0.0201609844177515,-0.0223900746226324,0.0777296290844039,-0.0246955276170256,-0.0317546967433052,-0.0104694780774537
"SRR30606523",-0.1035336571482,-0.0512891586851494,0.0510966456963634,-0.00778438366707928,-0.0352069126349403,-0.00963615100221912,-0.0501340959846242,-0.0177690436811633,-0.0238022890158456,-0.0351817773435539,-0.0115922898571545,-0.0191861089778206,0.0207844812922401,-0.0386817289688124,-0.0379207748047511,0.0506423983857645,-0.0387348006546349,0.0301592390164809
"SRR30606524",0.00682358805124629,-0.0182544794775501,0.128869641358755,0.053236036212335,-0.0716541167194021,-0.00949358592132099,-0.043379381924155,-0.00875253749010055,-0.0185094706811926,-0.0359954452863704,-0.0124326173910005,-0.0109606492345463,0.019226943330577,-0.0385388455979871,0.0508828780869046,-0.00139048560074747,-0.0367576395874397,-0.00382729284315786
"SRR30606525",-0.123774331821388,-0.0457658168096885,0.080394581560889,0.0257282061032006,-0.0305336583651741,-0.00390412071378537,-0.044384803906554,-0.0183826850320323,-0.0256316759034978,-0.0280466962307091,-0.0126843489936091,-0.0209759939414517,0.00417476835289825,-0.0459818027479158,-0.0664234842508993,0.0738403923156268,-0.0345161267666574,0.00327327669190717
"SRR30606526",-0.0833138850504529,-0.0391224728315335,0.112752244749614,0.034814893630744,-0.0686101257139946,0.000509775530481341,-0.058868758577898,-0.00564441479373938,-0.0205439043050584,-0.0273868692087829,-0.0106092506854359,-0.0168953863719186,0.0135824520834883,-0.0458457803717979,-0.0172428430095042,0.0469948395175124,-0.0370023536219224,-0.0146358163769969
"SRR30606527",-0.123069739163446,-0.0379519986536576,0.0958385400324779,0.0585963245474634,0.000153416658263448,-0.0109086476687986,-0.0187544239631797,-0.0179758690405034,-0.0221599164188164,-0.0203810237108084,-0.0123464780109113,-0.0226858833266634,-0.0143178661711899,-0.0440623248348004,-0.0452297784323251,0.0963853982850757,-0.0304528728319985,-0.00905332258051616
"SRR30606528",-0.126872899842133,-0.0379322637101726,0.108280015650096,0.0459293539761564,-0.013247379119147,-0.00835327045648699,-0.0443432954814901,-0.00434711858880453,-0.0225889865979674,-0.0134408139768778,-0.0106258507875327,-0.0201406555437768,-0.0311475952012279,-0.0427489992336771,-0.0592297490050226,0.108478980699376,-0.0194273240185136,-0.00859856745870942
"SRR30606529",-0.0479848838980641,-0.0235280665928526,0.131274133750715,0.0646366199797514,-0.0269092225252943,-0.0153585000081912,-0.0420357203009721,-0.0117592928473699,-0.02117377374506,-0.0213791903231081,-0.0114253142095792,-0.0173331080053293,-0.00614842379740381,-0.0433152513349554,0.0136369922183244,0.0573630748207976,-0.0287771358279378,0.0201080779788218
"SRR30606530",-0.00152110870185937,-0.026221874470172,0.088360382108712,0.0123503148184932,-0.0473066549886895,-0.0183724774804315,-0.0489689338417259,-0.0121141216770193,-0.0231142693034896,-0.0188328787689988,-0.00952162830560981,-0.0242140464668944,0.016925762516835,-0.01391261246014,0.0454982408726221,0.0338426360412903,0.0260855372583466,-0.00925960904552404
"SRR30606531",-0.0889497234331378,-0.0395037955721954,0.0863432140297947,0.0201538749636766,-0.0044266135091074,-0.00496450558875429,-0.035154901295779,-0.0105751709707435,-0.0264799867153724,-0.00356815588739361,-0.0108011917501354,-0.0251673969290458,-0.0174338549490534,-0.0161645065876134,-0.0296445339198968,0.106117276870136,0.0351455649812337,-0.00724445671645474
"SRR30606532",-0.00834482867361216,-0.0457885309825118,0.0242471047798357,-0.0460148791094505,-0.0600441220520498,-0.0133069457027562,-0.0280577324539215,-0.0110008326473477,-0.0217114589666176,-0.0551988010318776,-0.0134127616513435,-0.0187149551879135,0.0862027307744141,-0.0352104775191058,0.0561822575503311,-0.0777285342873443,-0.075108979533114,-0.0164501839218132
"SRR30606533",-0.00740021395439814,-0.041419534038972,0.0358108351660603,-0.0181494830706219,-0.0615801815646702,-0.012015431641089,-0.0273233947144696,-0.0168182442669662,-0.0232601816467287,-0.0533354675615632,-0.0163830412400179,-0.0175963663640497,0.0738089578979946,-0.029209858226069,0.0538989021037067,-0.0751359562757452,-0.0738280525682899,-0.0100684835809847
"SRR18568313",-0.0315499728663101,0.0331628572231317,-0.0483796188173424,-0.00494735236619284,0.0283934500992957,0.00354013989150011,0.061415674577534,0.112607346201061,0.0833904643077048,-0.0370622507180722,0.00110754032158493,-0.010391393867536,0.00508855206543947,0.0413443552492671,0.0660955277552742,0.00302655119941158,0.0477942534588669,0.0327223653670804
"SRR18568314",-0.0320429928907214,0.0329177914041719,-0.0597725409063159,-0.00262585928397993,0.0394771493692829,0.00587033507004311,0.0763826740013163,0.0477106389156728,0.0755059527341208,-0.0419060397074132,-0.00312091313008838,-0.0145209514882496,0.0137025542435969,0.0336283737394084,0.0634473072713298,-0.00509912684891491,0.0415038435312962,0.00114228840463419
"SRR18568315",-0.00985159280889845,0.0391808375904536,-0.0537281081402436,-0.0127094654509492,0.0233743105678976,0.00187457929670445,0.0655855100901443,0.116325876268529,0.0691876640802626,-0.0528241225600049,-0.00621863724370822,-0.0139320450233701,0.0187202349503715,0.0451477629747069,0.0749359959789047,-0.0285051211060571,0.0426503484576583,-0.013368770287006
"SRR18568316",0.0574405450833622,0.069961323066362,0.0122357774132046,-0.00695789045513406,-0.0736876708548791,0.00561696612901665,0.0614898372122228,0.252796276358746,0.159633163505934,-0.0587982141920512,0.00127187453322159,-0.00334479821002055,0.0165596246422727,0.0225479531806783,0.124351193485308,-0.0501622027692393,0.0529741528406499,-0.0214671585224471
"SRR18568317",0.0588183666298294,0.0671653351329825,0.0310352236581084,-0.00082107155592373,-0.0917810286671144,0.00320463581946653,0.0643742898417607,0.171359822301035,0.25217911306362,-0.059832844570693,-0.000582377834171059,-0.00727660785891526,0.0202513117583179,0.0183821367376282,0.130390058310922,-0.0578342806786092,0.0501590413600493,-0.0236735464533832
"SRR18568318",0.0630695597962755,0.0582373873148566,0.0713157093016103,0.0135493203364423,-0.128702210569563,-0.00272946862225118,0.066086253651453,-0.00712809112865545,0.346056038190588,-0.0612112361712184,-0.00778774482623807,-0.0164090005842996,0.0316462294546934,0.00569930510185985,0.131579525897796,-0.0801647108063658,0.0464329546396101,-0.0121093666053222
"SRR18568319",0.101758083286012,0.0970686800593289,0.0768580197484713,0.0429699661398832,-0.0642962445428456,0.00270974738436863,0.0819032486486868,0.0317434066622693,0.215335905312217,-0.0641124219965317,9.93352749934708e-05,-0.00742401464730172,0.0181427991377039,-0.0389757788826071,0.129297494637791,-0.0870633283750118,0.022798828876318,-0.016750090123034
"SRR18568320",0.0918712093029814,0.0940891832108349,0.0497718786362721,0.00914822173440926,-0.0833455038406294,0.00244060055535538,0.0728934510939228,0.0306890653449507,0.171742880919261,-0.061876321950543,-0.00216965472889391,-0.00908943260600439,0.0157207635935937,-0.0257930312719806,0.136817434575828,-0.0740514183653438,0.0358271950884468,-0.00819927992302463
"SRR18568321",0.110953743273453,0.0911722145161605,0.0484734969203277,0.0371153985911226,-0.00602548901115644,0.00395821132236221,0.0899193858204404,0.00519974266329234,0.334988447510944,-0.067504109649305,0.0033133425366479,-0.0015744167765927,0.0217296637850649,-0.0391810383437862,0.130696254766124,-0.0959379273577122,0.0222338807253038,0.0501061555899137
"SRR18568322",-0.0277958485030025,0.0381355604746812,-0.0684690135192115,-0.0366382202549107,0.0741414303447781,0.0128107756614974,0.0660239276673192,0.0593707504116276,0.0468789798982008,0.00755657319307877,0.00152230618917809,-0.00461520462848194,-0.0378541152642674,0.0384079912841593,0.0576590190399239,0.0742676816531856,0.0609854736247147,0.00219242506420157
"SRR18568323",-0.0129790578279818,0.0358956442515443,-0.0574984228215236,-0.0292412874475231,0.0597092940130623,0.0115617213841802,0.0674126034120729,0.0378689459119266,0.0372109440417903,-0.00908917868121702,-0.0030941971333893,-0.00728728761250995,-0.0193019530610742,0.0333504212300364,0.0608563002938927,0.0492985945421937,0.0518429406165752,0.0306357645503559
"SRR18568324",-0.00697183778746244,0.0479942580533339,-0.0250497307674971,-0.0141700227947458,0.0174853510861212,0.0100475610691862,0.0515366509484701,0.0443395168002821,0.0480058213358467,-0.0167759519911968,-0.00575801237553798,-0.0101779613069879,-0.0247184167957457,0.0310111375221025,0.0562060283618596,0.0481340638475819,0.0547483450207783,-0.00982042474004293
"SRR18568325",0.0106142436178837,0.0439016110252485,-0.00530580905294933,-0.0185560112209091,-0.0490420523057202,0.00634567731642104,0.0663468894043596,0.0209080757134059,0.129699016004565,0.00258479815156956,-0.00377502212509458,-0.0146567934565913,-0.0202816560490212,0.0227107421382079,0.0925914299167806,0.0372530167109025,0.0548633918154002,-0.0114178190024129
"SRR18568326",0.0170277802094621,0.0470162916527944,-0.00912000856036535,-0.0133117191033175,-0.0292928426044889,0.00403854179690465,0.0640988893153227,0.0273136668750736,0.0694697489584629,0.00137828967543048,-0.00484865704631802,-0.0158526189646321,-0.0236484808994212,0.0166800352912438,0.0893722920469293,0.0366129003757512,0.0539694644260402,-0.00897558568725644
"SRR18568327",-0.000832790672572771,0.041448177737487,-0.0246183560571878,-0.0316363269246241,-0.0849760525388534,0.00235108689393965,0.0833726213969753,0.00869821332947566,0.207156534935516,0.00275831549018749,-0.00563259705954882,-0.0124754826498329,-0.0121079829307184,0.0193234140595768,0.0915258898609811,0.0336096512957862,0.0622249671863028,-0.0100260841721994
"SRR18568328",0.100130259482774,0.0880756329977516,0.0961690778280092,0.0491066907483513,-0.0848682762230168,-0.00458480837160432,0.0583196948705818,0.230410217156017,0.277621167794858,-0.05825887912029,0.00587789958877626,0.00198587493804881,0.0169672598679496,-0.0369713803688546,0.12978496198946,-0.0720549102745611,0.0258021879328151,-0.0084276217196899
"SRR18568329",0.0864097731730573,0.0815492087857422,0.0751287180845664,0.00305336703792772,-0.115768087760215,0.0239810077018289,0.0482096956815847,0.593229750687949,0.299627236887073,-0.0396566173233682,0.0223797962441918,0.0248692935729003,0.010700626149199,-0.0143769599718246,0.145780731960061,-0.0477756453515759,0.0427554746867929,-0.00939147764229195
"SRR18568330",0.094559732944675,0.0862223685563238,0.0926638829396819,0.0307409581969427,-0.088865090561635,0.012132602859831,0.0554858823524374,0.493747428226926,0.293567383092444,-0.0508340858672044,0.0181928833715566,0.0197989111907301,0.0143689279980075,-0.0263077999355569,0.136280100573017,-0.0620387394543342,0.032613775177397,-0.00943364608360062
"SRR24107301",0.0265650680991604,0.0940623462945913,0.0680090063843979,0.0718916112387386,0.0529357929493201,0.00132442666958062,0.0254198457027176,-0.0132083812950907,0.0334214567178851,0.0292329927126377,-0.0062955090021771,-0.0123434326994851,-0.0900428040623571,-0.0313866345539072,-0.0741377011029491,-0.0373976154140131,0.00326467022521254,-0.00252012884443028
"SRR24107302",0.0277310229807088,0.0948829892556678,0.057792963105348,0.0708900363371918,0.0587124976206038,0.00796596084439597,0.0276889440968924,-0.0142487844102263,0.0312023520348423,0.0296991727630466,-0.00546539644207973,-0.0109988527913951,-0.0909378697114636,-0.0315425007551252,-0.0756323725758073,-0.0370113335746632,0.00488241255851303,-0.00932286244412119
"SRR24107303",0.0340092571529098,0.0990820117635519,0.0907560861581538,0.0921262992583326,0.0106194836460164,-0.0046676425624964,0.0162061741118167,-0.0186401542313969,0.0273522494808053,0.0481985366913072,-0.0073368735411223,-0.013774625915949,-0.0958829597441719,-0.0292535771263479,-0.0708152807591302,-0.0372745655393205,0.0022568317442099,-0.013368770287006
"SRR24107304",0.0314345919027931,0.0999678618642973,0.0850123300245351,0.0843920677702932,0.0398963278765259,0.00995278654194863,0.0260891621059614,-0.0161561908064088,0.0293174311195015,0.0528990588651606,-0.000777783250331263,-0.0115131900058329,-0.0968989305317437,-0.0356630941187449,-0.0677792589777385,-0.032267382335578,0.0013754422929181,-0.010583189284096
"SRR24107305",0.069293451032552,0.110787669765001,0.0813163813633722,0.0712279030282206,0.032561029990001,0.021201584763061,0.012123441361595,-0.0131771269526793,-0.00627451200223788,0.0399524940249282,-0.00458002912437808,-0.0110929934848359,-0.0866541663061584,-0.0334342761054532,-0.0580670964131376,-0.0461219404623574,0.0126137313231981,-0.0094668157445691
"SRR24107306",0.0694364619153997,0.109524365339875,0.0817633888145647,0.0713074102101224,0.0251901430855812,0.0205514532235454,0.00735260061337148,-0.0125035591068188,-0.00597769271944484,0.0411485933667655,-0.00587296471341156,-0.0109567375421885,-0.0866761332192574,-0.0325321603107112,-0.0610567648553872,-0.0449685927241241,0.0128828978056935,-0.0228159836733454
